{"crack": 0.2681377, "contact": 0.0617833, "interconnect": 0.0, "corrosion": 0.0}