{"crack": 0.000339, "contact": 0.0012768, "interconnect": 0.0, "corrosion": 0.0}