{"crack": 0.1826812, "contact": 0.0009668, "interconnect": 0.0, "corrosion": 0.0}