{"crack": 0.0634937, "contact": 0.0016778, "interconnect": 0.0, "corrosion": 0.0}