{"crack": 0.1146316, "contact": 0.0060417, "interconnect": 0.0, "corrosion": 0.0}