{"crack": 0.0015095, "contact": 0.0028765, "interconnect": 0.0001994, "corrosion": 0.0990402}