{"crack": 0.0901634, "contact": 0.0565647, "interconnect": 0.0, "corrosion": 0.0}