{"crack": 0.0004645, "contact": 0.0003912, "interconnect": 0.0, "corrosion": 0.0}