{"crack": 0.0012698, "contact": 0.0006462, "interconnect": 0.0, "corrosion": 0.0}