{"crack": 0.2117957, "contact": 0.0019354, "interconnect": 0.0, "corrosion": 0.0}