{"crack": 0.448911, "contact": 0.0215533, "interconnect": 0.0, "corrosion": 0.0}