{"crack": 0.237381, "contact": 0.0007546, "interconnect": 0.0, "corrosion": 0.0}