{"crack": 0.0, "contact": 0.0055334, "interconnect": 0.0107981, "corrosion": 0.0}