{"crack": 0.0328161, "contact": 0.005008, "interconnect": 0.0, "corrosion": 0.0}