{"crack": 0.0657238, "contact": 0.0004924, "interconnect": 0.0, "corrosion": 0.0}