{"crack": 0.0012198, "contact": 0.0022753, "interconnect": 0.0, "corrosion": 0.0}