{"crack": 0.009375, "contact": 0.0019636, "interconnect": 0.0, "corrosion": 0.0}