{"crack": 0.0628788, "contact": 0.0302514, "interconnect": 0.0, "corrosion": 0.0}