{"crack": 0.2490778, "contact": 0.0038528, "interconnect": 0.0, "corrosion": 0.0}