{"crack": 0.4590846, "contact": 0.0649498, "interconnect": 0.0, "corrosion": 0.0}