{"crack": 0.0947567, "contact": 0.0032829, "interconnect": 0.0, "corrosion": 0.0}