{"crack": 0.0005161, "contact": 0.024313, "interconnect": 0.0, "corrosion": 4.69e-05}