{"crack": 0.4814749, "contact": 0.0435468, "interconnect": 0.0, "corrosion": 0.0}