{"crack": 0.0534122, "contact": 0.0653984, "interconnect": 0.0, "corrosion": 0.0}