{"crack": 0.1652084, "contact": 0.0086578, "interconnect": 0.0, "corrosion": 0.0}