{"crack": 0.000126, "contact": 0.0095282, "interconnect": 0.0, "corrosion": 0.0}