{"crack": 0.000434, "contact": 0.0419775, "interconnect": 0.0, "corrosion": 0.0}