{"crack": 0.0096302, "contact": 0.0058432, "interconnect": 0.0, "corrosion": 0.0}