{"crack": 0.135675, "contact": 0.1251315, "interconnect": 0.0, "corrosion": 0.0}