{"crack": 0.0688617, "contact": 0.0019583, "interconnect": 0.0, "corrosion": 0.0}