{"crack": 0.0005274, "contact": 0.0046047, "interconnect": 0.0, "corrosion": 0.0}