{"crack": 0.1919465, "contact": 0.0323152, "interconnect": 0.0, "corrosion": 0.0}