{"crack": 0.0023064, "contact": 0.0018521, "interconnect": 0.0, "corrosion": 0.0}