{"crack": 0.0010601, "contact": 0.0475159, "interconnect": 0.0, "corrosion": 0.0}