{"crack": 0.0268052, "contact": 0.0094497, "interconnect": 0.0, "corrosion": 0.0}