{"crack": 0.0002307, "contact": 0.0171807, "interconnect": 0.0, "corrosion": 0.0}