{"crack": 0.002076, "contact": 0.0188717, "interconnect": 0.0, "corrosion": 0.0}