{"crack": 0.3986349, "contact": 0.0720241, "interconnect": 0.0, "corrosion": 0.0}