{"crack": 0.0009979, "contact": 0.0016887, "interconnect": 0.0, "corrosion": 0.0}