{"crack": 0.6791131, "contact": 0.0011258, "interconnect": 0.0, "corrosion": 0.0}