{"crack": 0.0010912, "contact": 0.0048758, "interconnect": 0.0, "corrosion": 0.0}