{"crack": 0.0010052, "contact": 0.0013441, "interconnect": 0.0, "corrosion": 0.0}