{"crack": 0.0209458, "contact": 0.0831755, "interconnect": 0.0, "corrosion": 0.0}