{"crack": 0.0069866, "contact": 0.0033324, "interconnect": 0.0, "corrosion": 0.0}