{"crack": 0.0045037, "contact": 0.0537927, "interconnect": 0.0, "corrosion": 0.0}