{"crack": 0.0036639, "contact": 0.0269361, "interconnect": 0.0, "corrosion": 0.0}