{"crack": 0.0023398, "contact": 0.0035496, "interconnect": 0.0, "corrosion": 0.0}