{"crack": 0.0535753, "contact": 0.006072, "interconnect": 0.0, "corrosion": 0.0}