{"crack": 0.0888571, "contact": 0.0001374, "interconnect": 0.0, "corrosion": 0.0}