{"crack": 0.0001519, "contact": 0.0004091, "interconnect": 0.0, "corrosion": 0.0}