{"crack": 0.0034242, "contact": 0.0008891, "interconnect": 0.0, "corrosion": 0.0}