{"crack": 0.0011148, "contact": 0.0012142, "interconnect": 0.0, "corrosion": 0.0}