{"crack": 0.0104558, "contact": 0.0017865, "interconnect": 0.0, "corrosion": 0.0}