{"crack": 0.0367083, "contact": 0.057205, "interconnect": 0.0, "corrosion": 0.0}