{"crack": 0.2161975, "contact": 0.0296857, "interconnect": 0.0, "corrosion": 0.0}