{"crack": 0.1213357, "contact": 0.0085675, "interconnect": 0.0, "corrosion": 0.0}