{"crack": 0.0041845, "contact": 0.0326694, "interconnect": 0.0, "corrosion": 0.0}