{"crack": 0.0008963, "contact": 0.0016317, "interconnect": 0.0, "corrosion": 0.0}