{"crack": 0.3699184, "contact": 0.0493957, "interconnect": 0.0, "corrosion": 0.0}