{"crack": 0.1280671, "contact": 0.1259442, "interconnect": 0.0, "corrosion": 0.0}