{"crack": 0.0769689, "contact": 0.001952, "interconnect": 0.0, "corrosion": 0.0}