{"crack": 0.2939615, "contact": 0.003792, "interconnect": 0.0, "corrosion": 0.0}