{"crack": 0.0037294, "contact": 0.0008581, "interconnect": 0.0, "corrosion": 0.0}