{"crack": 0.1934458, "contact": 0.0021044, "interconnect": 0.0, "corrosion": 0.0}