{"crack": 0.0008446, "contact": 0.0053643, "interconnect": 0.0, "corrosion": 0.0}