{"crack": 0.0829249, "contact": 0.0004352, "interconnect": 0.0, "corrosion": 0.0}