{"crack": 0.2042649, "contact": 0.0068142, "interconnect": 0.0, "corrosion": 0.0}