{"crack": 0.0001161, "contact": 0.0031808, "interconnect": 0.0, "corrosion": 0.0}