{"crack": 0.0326694, "contact": 0.0437151, "interconnect": 0.0, "corrosion": 0.0}