{"crack": 0.0077116, "contact": 0.0044149, "interconnect": 0.0, "corrosion": 0.0}