{"crack": 0.0080063, "contact": 0.0607298, "interconnect": 0.0, "corrosion": 0.0}