{"crack": 0.0002796, "contact": 0.0031684, "interconnect": 0.0, "corrosion": 0.0}