{"crack": 0.3303972, "contact": 0.0013611, "interconnect": 0.0, "corrosion": 0.0}