{"crack": 0.4261501, "contact": 0.0734233, "interconnect": 0.0, "corrosion": 0.0}