{"crack": 0.0, "contact": 0.0514225, "interconnect": 0.0273693, "corrosion": 0.0}