{"crack": 0.1924466, "contact": 0.028372, "interconnect": 0.0, "corrosion": 0.0}