{"crack": 0.548746, "contact": 0.0058114, "interconnect": 0.0, "corrosion": 0.0}