{"crack": 0.0, "contact": 0.0010826, "interconnect": 0.0174658, "corrosion": 0.0}