{"crack": 0.1728698, "contact": 0.0023752, "interconnect": 0.0, "corrosion": 0.0}