{"crack": 0.3196808, "contact": 0.0184519, "interconnect": 0.0, "corrosion": 0.0}