{"crack": 0.1762181, "contact": 0.0123225, "interconnect": 0.0, "corrosion": 0.0}