{"crack": 0.0382685, "contact": 0.0002244, "interconnect": 0.0, "corrosion": 0.0}