{"crack": 0.0067207, "contact": 0.0005778, "interconnect": 0.0, "corrosion": 0.0}