{"crack": 0.322628, "contact": 0.0081775, "interconnect": 0.0, "corrosion": 0.0}