{"crack": 0.0096603, "contact": 0.0050558, "interconnect": 0.0, "corrosion": 0.0}