{"crack": 0.0359194, "contact": 0.0114528, "interconnect": 0.0, "corrosion": 0.0}