{"crack": 0.1888275, "contact": 0.0076352, "interconnect": 0.0, "corrosion": 0.0}