{"crack": 0.0089662, "contact": 0.0006826, "interconnect": 0.0, "corrosion": 0.0}