{"crack": 0.0878845, "contact": 0.0021001, "interconnect": 0.0, "corrosion": 0.0}