{"crack": 0.2089889, "contact": 0.2878083, "interconnect": 0.0, "corrosion": 0.0}