{"crack": 0.0369275, "contact": 0.0105645, "interconnect": 0.0002238, "corrosion": 0.00186}