{"crack": 0.0024596, "contact": 0.0013298, "interconnect": 0.0, "corrosion": 0.0}