{"crack": 0.0003092, "contact": 0.0042602, "interconnect": 0.0, "corrosion": 0.0}