{"crack": 0.4887896, "contact": 0.0082066, "interconnect": 0.0, "corrosion": 0.0}