{"crack": 0.7243016, "contact": 0.0009936, "interconnect": 0.0, "corrosion": 0.0}