{"crack": 0.3332395, "contact": 0.0096997, "interconnect": 0.0, "corrosion": 0.0}