{"crack": 0.105512, "contact": 0.0945719, "interconnect": 0.0, "corrosion": 0.0}