{"crack": 0.0052111, "contact": 0.0065917, "interconnect": 0.0, "corrosion": 0.0}