{"crack": 0.367429, "contact": 0.0633474, "interconnect": 0.0, "corrosion": 0.0}