{"crack": 0.0313755, "contact": 0.005741, "interconnect": 0.0, "corrosion": 0.0}