{"crack": 0.0011441, "contact": 0.0026953, "interconnect": 0.0, "corrosion": 0.0}