{"crack": 0.0396315, "contact": 0.0340621, "interconnect": 0.0, "corrosion": 0.0}