{"crack": 0.4468641, "contact": 0.0043372, "interconnect": 0.0, "corrosion": 0.0}