{"crack": 0.0011611, "contact": 0.0, "interconnect": 0.0008917, "corrosion": 0.0}