{"crack": 0.1695338, "contact": 0.0130543, "interconnect": 0.0, "corrosion": 0.0}