{"crack": 0.1101995, "contact": 0.0168908, "interconnect": 0.0, "corrosion": 0.0}