{"crack": 0.0, "contact": 0.0020104, "interconnect": 0.0616806, "corrosion": 0.0}