{"crack": 0.0171288, "contact": 0.0003955, "interconnect": 0.0, "corrosion": 0.0}