{"crack": 0.0025247, "contact": 0.0551815, "interconnect": 0.0, "corrosion": 0.0}