{"crack": 0.0016786, "contact": 0.004106, "interconnect": 0.0, "corrosion": 0.0}