{"crack": 0.0603435, "contact": 0.0012897, "interconnect": 0.0, "corrosion": 0.0}