{"crack": 0.0248772, "contact": 0.0138695, "interconnect": 2.98e-05, "corrosion": 0.000533}