{"crack": 0.5154639, "contact": 0.0211874, "interconnect": 0.0, "corrosion": 0.0}