{"crack": 0.0, "contact": 0.0247781, "interconnect": 0.0295857, "corrosion": 0.0}