{"crack": 0.1506245, "contact": 0.0070919, "interconnect": 0.0, "corrosion": 0.0}