{"crack": 0.0046389, "contact": 0.0044111, "interconnect": 0.0, "corrosion": 0.0}