{"crack": 0.0251222, "contact": 0.0311079, "interconnect": 0.0, "corrosion": 0.0}