{"crack": 0.3366502, "contact": 0.1006711, "interconnect": 0.0, "corrosion": 0.0}