{"crack": 0.0140176, "contact": 0.0002469, "interconnect": 0.0, "corrosion": 0.0}