{"crack": 0.2615896, "contact": 0.0015002, "interconnect": 0.0, "corrosion": 0.0}