{"crack": 0.2037439, "contact": 0.0279932, "interconnect": 0.0, "corrosion": 0.0}