{"crack": 0.3412353, "contact": 0.0005631, "interconnect": 0.0, "corrosion": 0.0}