{"crack": 0.0671719, "contact": 0.0139348, "interconnect": 0.0, "corrosion": 0.0}