{"crack": 0.2197652, "contact": 0.0281645, "interconnect": 0.0, "corrosion": 0.0}