{"crack": 0.0003424, "contact": 0.0079781, "interconnect": 0.0, "corrosion": 0.0}