{"crack": 0.1733438, "contact": 0.0619938, "interconnect": 0.0, "corrosion": 0.0}