{"crack": 0.0201335, "contact": 0.0354472, "interconnect": 9.12e-05, "corrosion": 0.0009297}