{"crack": 0.1614624, "contact": 0.0015966, "interconnect": 0.0, "corrosion": 0.0}