{"crack": 0.0005519, "contact": 0.0010376, "interconnect": 0.0, "corrosion": 0.0}