{"crack": 0.0017008, "contact": 0.0013619, "interconnect": 0.0, "corrosion": 0.0}