{"crack": 0.1682018, "contact": 0.0012783, "interconnect": 0.0, "corrosion": 0.0}