{"crack": 0.1466376, "contact": 0.0178728, "interconnect": 0.0, "corrosion": 0.0}