{"crack": 0.467808, "contact": 0.0235241, "interconnect": 0.0, "corrosion": 0.0}