{"crack": 0.0005921, "contact": 0.0002902, "interconnect": 0.0, "corrosion": 0.0}