{"crack": 0.0078564, "contact": 0.0040586, "interconnect": 0.0, "corrosion": 0.0}