{"crack": 0.000363, "contact": 0.0025193, "interconnect": 0.0, "corrosion": 0.0}