{"crack": 0.0, "contact": 0.0189831, "interconnect": 0.0115821, "corrosion": 0.0}