{"crack": 0.2370018, "contact": 0.0084059, "interconnect": 0.0, "corrosion": 0.0}