{"crack": 0.0002937, "contact": 0.0028767, "interconnect": 0.0, "corrosion": 0.0}