{"crack": 0.0355474, "contact": 0.0272332, "interconnect": 0.0, "corrosion": 0.0}