{"crack": 0.0415053, "contact": 0.0066992, "interconnect": 0.0, "corrosion": 0.0}