{"crack": 0.4304949, "contact": 0.0600751, "interconnect": 0.0, "corrosion": 0.0}