{"crack": 0.0005358, "contact": 0.004671, "interconnect": 0.0, "corrosion": 0.0}