{"crack": 0.1768131, "contact": 0.0013721, "interconnect": 0.0, "corrosion": 0.0}