{"crack": 0.0150768, "contact": 0.0027924, "interconnect": 0.0, "corrosion": 0.0}