{"crack": 0.0003741, "contact": 0.0002267, "interconnect": 0.0, "corrosion": 0.0}