{"crack": 0.0118349, "contact": 0.0057521, "interconnect": 0.0, "corrosion": 0.0}