{"crack": 0.0743138, "contact": 0.0515094, "interconnect": 0.0, "corrosion": 0.0}