{"crack": 0.345894, "contact": 0.0001045, "interconnect": 0.0, "corrosion": 0.0}