{"crack": 0.007403, "contact": 0.0549497, "interconnect": 0.0, "corrosion": 0.0}