{"crack": 0.0066074, "contact": 0.0016547, "interconnect": 0.0, "corrosion": 0.0}