{"crack": 0.0174187, "contact": 0.0017636, "interconnect": 0.0, "corrosion": 0.0}