{"crack": 0.0017463, "contact": 0.0032529, "interconnect": 0.0, "corrosion": 0.0}