{"crack": 0.0541561, "contact": 0.0262108, "interconnect": 0.0, "corrosion": 0.0}