{"crack": 0.3219019, "contact": 0.0265329, "interconnect": 0.0, "corrosion": 0.0}