{"crack": 0.0034247, "contact": 0.0384899, "interconnect": 0.0, "corrosion": 0.0}