{"crack": 0.1132826, "contact": 0.0007956, "interconnect": 0.0, "corrosion": 0.0}