{"crack": 0.3931386, "contact": 0.0138283, "interconnect": 0.0, "corrosion": 0.0}