{"crack": 0.1324766, "contact": 0.0631675, "interconnect": 0.0, "corrosion": 0.0}