{"crack": 0.020068, "contact": 0.0410626, "interconnect": 0.0, "corrosion": 0.0}