{"crack": 0.7693064, "contact": 0.0005785, "interconnect": 0.0, "corrosion": 0.0}