{"crack": 0.206618, "contact": 0.0990252, "interconnect": 0.0, "corrosion": 0.0}