{"crack": 0.5473655, "contact": 0.006825, "interconnect": 0.0, "corrosion": 0.0}