{"crack": 0.0004266, "contact": 0.000237, "interconnect": 0.0, "corrosion": 0.0}