{"crack": 0.0014851, "contact": 0.0004648, "interconnect": 0.0, "corrosion": 0.0}