{"crack": 0.4771282, "contact": 0.0743121, "interconnect": 0.0, "corrosion": 0.0}