{"crack": 0.0569552, "contact": 0.0172297, "interconnect": 0.0, "corrosion": 0.0}