{"crack": 0.0080221, "contact": 0.0345852, "interconnect": 0.0, "corrosion": 0.0}