{"crack": 0.0588598, "contact": 0.0820522, "interconnect": 0.0, "corrosion": 0.0}