{"crack": 0.000468, "contact": 0.0124064, "interconnect": 0.0, "corrosion": 0.0}