{"crack": 0.4316422, "contact": 0.0095282, "interconnect": 0.0, "corrosion": 0.0}