{"crack": 0.1101618, "contact": 0.0665178, "interconnect": 0.0, "corrosion": 0.0}