{"crack": 0.0245457, "contact": 0.0089855, "interconnect": 0.0, "corrosion": 0.0}