{"crack": 0.0040113, "contact": 3.67e-05, "interconnect": 0.0, "corrosion": 0.0033213}