{"crack": 0.0146576, "contact": 0.0018585, "interconnect": 0.0, "corrosion": 0.0016968}