{"crack": 0.0796743, "contact": 0.0106736, "interconnect": 0.0, "corrosion": 0.0}