{"crack": 0.5829805, "contact": 0.0195296, "interconnect": 0.0, "corrosion": 0.0}