{"crack": 0.8414629, "contact": 0.0024964, "interconnect": 0.0, "corrosion": 0.0}