{"crack": 0.1822322, "contact": 0.0050732, "interconnect": 0.0, "corrosion": 0.0}