{"crack": 0.0008475, "contact": 0.0043289, "interconnect": 0.0, "corrosion": 0.0}