{"crack": 0.0007009, "contact": 0.0010227, "interconnect": 0.0, "corrosion": 0.0}