{"crack": 0.0, "contact": 0.0141981, "interconnect": 0.0065708, "corrosion": 0.0}