{"crack": 0.0004756, "contact": 0.0001585, "interconnect": 0.0, "corrosion": 0.0}