{"crack": 0.3399477, "contact": 0.0429113, "interconnect": 0.0, "corrosion": 0.0}