{"crack": 0.0296024, "contact": 0.0115817, "interconnect": 0.0, "corrosion": 0.0}