{"crack": 0.000484, "contact": 0.0015072, "interconnect": 0.0, "corrosion": 0.0}