{"crack": 0.000121, "contact": 0.0014301, "interconnect": 0.0, "corrosion": 0.0}