{"crack": 0.016546, "contact": 0.0006457, "interconnect": 0.0, "corrosion": 0.0}