{"crack": 0.0, "contact": 0.0170489, "interconnect": 0.0448445, "corrosion": 0.0}