{"crack": 0.002784, "contact": 0.0062785, "interconnect": 0.0, "corrosion": 0.0}