{"crack": 0.1527826, "contact": 0.0009867, "interconnect": 0.0, "corrosion": 0.0}