{"crack": 0.0057911, "contact": 0.0061549, "interconnect": 0.0, "corrosion": 0.0}