{"crack": 0.0269138, "contact": 0.0371264, "interconnect": 0.0003588, "corrosion": 0.0006865}