{"crack": 0.0001671, "contact": 0.000525, "interconnect": 0.0, "corrosion": 0.0}