{"crack": 0.4169881, "contact": 0.0079599, "interconnect": 0.0, "corrosion": 0.0}