{"crack": 0.0157441, "contact": 0.0016247, "interconnect": 0.0, "corrosion": 0.0}