{"crack": 0.0001701, "contact": 0.0013265, "interconnect": 0.0, "corrosion": 0.0}