{"crack": 0.0002015, "contact": 0.0001304, "interconnect": 0.0, "corrosion": 0.0}