{"crack": 0.0707071, "contact": 0.0149389, "interconnect": 0.0, "corrosion": 0.0}