{"crack": 0.007462, "contact": 0.0062904, "interconnect": 0.0, "corrosion": 0.0}