{"crack": 0.0315582, "contact": 0.0074073, "interconnect": 0.0, "corrosion": 0.0}