{"crack": 0.2899908, "contact": 0.0379867, "interconnect": 0.0, "corrosion": 0.0}