{"crack": 0.3426012, "contact": 0.006871, "interconnect": 0.0, "corrosion": 0.0}