{"crack": 0.001505, "contact": 0.0063753, "interconnect": 0.0, "corrosion": 0.0}