{"crack": 0.0, "contact": 0.0195804, "interconnect": 0.0449106, "corrosion": 0.0}