{"crack": 0.0019636, "contact": 0.0005987, "interconnect": 0.0, "corrosion": 0.0}