{"crack": 0.0170996, "contact": 0.0030543, "interconnect": 0.0, "corrosion": 0.0}