{"crack": 0.002548, "contact": 0.0074734, "interconnect": 0.0, "corrosion": 0.0}