{"crack": 0.1948888, "contact": 0.0009193, "interconnect": 0.0, "corrosion": 0.0}