{"crack": 0.0344902, "contact": 0.0326365, "interconnect": 6.07e-05, "corrosion": 9.83e-05}