{"crack": 0.3730442, "contact": 0.0026024, "interconnect": 0.0, "corrosion": 0.0}