{"crack": 0.3125702, "contact": 0.0077418, "interconnect": 0.0, "corrosion": 0.0}