{"crack": 0.1345351, "contact": 0.0004691, "interconnect": 0.0, "corrosion": 0.0}