{"crack": 0.0009852, "contact": 0.0105911, "interconnect": 0.0, "corrosion": 0.0}