{"crack": 0.140498, "contact": 0.0177398, "interconnect": 0.0, "corrosion": 0.0}