{"crack": 0.3139138, "contact": 0.0691924, "interconnect": 0.0, "corrosion": 0.0}