{"crack": 0.2814132, "contact": 0.0012941, "interconnect": 0.0, "corrosion": 0.0}