{"crack": 0.0197129, "contact": 0.0147306, "interconnect": 0.0, "corrosion": 0.0}