{"crack": 0.0293254, "contact": 0.0010238, "interconnect": 0.0, "corrosion": 0.0}