{"crack": 0.0061731, "contact": 0.0003013, "interconnect": 0.0, "corrosion": 0.0061254}