{"crack": 0.4140776, "contact": 0.0371111, "interconnect": 0.0, "corrosion": 0.0}