{"crack": 0.3984446, "contact": 0.0718075, "interconnect": 0.0, "corrosion": 0.0}