{"crack": 0.1584925, "contact": 0.0032771, "interconnect": 0.0, "corrosion": 0.0}