{"crack": 0.0024754, "contact": 0.0100004, "interconnect": 0.0, "corrosion": 0.0}