{"crack": 0.0033213, "contact": 0.1309593, "interconnect": 0.0, "corrosion": 0.0}