{"crack": 0.6621467, "contact": 0.0004109, "interconnect": 0.0, "corrosion": 0.0}