{"crack": 0.0040394, "contact": 0.0009449, "interconnect": 0.0, "corrosion": 0.0}