{"crack": 0.0167514, "contact": 0.0001973, "interconnect": 0.0, "corrosion": 0.0}