{"crack": 0.0459701, "contact": 0.0072469, "interconnect": 0.0, "corrosion": 0.0001526}