{"crack": 0.1886042, "contact": 0.0033088, "interconnect": 0.0, "corrosion": 0.0}