{"crack": 0.0, "contact": 0.0268649, "interconnect": 0.0011023, "corrosion": 0.0}