{"crack": 0.0240796, "contact": 0.0101868, "interconnect": 4.87e-05, "corrosion": 0.0014202}