{"crack": 0.0032829, "contact": 0.119035, "interconnect": 0.0, "corrosion": 0.0}