{"crack": 0.0171709, "contact": 0.0006897, "interconnect": 0.0, "corrosion": 0.0}