{"crack": 0.2010443, "contact": 0.0141948, "interconnect": 0.0, "corrosion": 0.0}