{"crack": 0.5694454, "contact": 0.0262654, "interconnect": 0.0, "corrosion": 0.0}