{"crack": 0.0004574, "contact": 0.001337, "interconnect": 0.0, "corrosion": 0.0}