{"crack": 0.1300295, "contact": 0.0028441, "interconnect": 0.0, "corrosion": 0.0}