{"crack": 0.0207835, "contact": 0.0009735, "interconnect": 0.0, "corrosion": 0.0}