{"crack": 0.0832848, "contact": 0.0516807, "interconnect": 0.0, "corrosion": 0.0}