{"crack": 0.0580996, "contact": 0.0003071, "interconnect": 0.0, "corrosion": 0.0}