{"crack": 0.0309673, "contact": 0.0081885, "interconnect": 0.0, "corrosion": 0.0}