{"crack": 0.0237889, "contact": 0.0595647, "interconnect": 0.0, "corrosion": 0.0}