{"crack": 0.0039781, "contact": 0.0007265, "interconnect": 0.0, "corrosion": 0.0103543}