{"crack": 0.0001653, "contact": 0.0007676, "interconnect": 0.0, "corrosion": 0.0}