{"crack": 0.4145786, "contact": 0.0034585, "interconnect": 0.0, "corrosion": 0.0}