{"crack": 0.0, "contact": 0.0041675, "interconnect": 0.0403869, "corrosion": 0.0}