{"crack": 0.0011677, "contact": 0.0081311, "interconnect": 0.0004842, "corrosion": 0.0077894}