{"crack": 0.0023065, "contact": 0.0004456, "interconnect": 0.0, "corrosion": 0.0}