{"crack": 0.1398039, "contact": 0.0073906, "interconnect": 0.0, "corrosion": 0.0}