{"crack": 0.1536237, "contact": 0.001659, "interconnect": 0.0, "corrosion": 0.0}