{"crack": 0.4224835, "contact": 0.0689139, "interconnect": 0.0, "corrosion": 0.0}