{"crack": 0.02289, "contact": 0.0021718, "interconnect": 0.0, "corrosion": 2.3e-05}