{"crack": 0.0, "contact": 0.0038912, "interconnect": 0.0001843, "corrosion": 0.0}