{"crack": 0.001179, "contact": 0.0008276, "interconnect": 0.0, "corrosion": 0.0}