{"crack": 0.0003008, "contact": 0.0006595, "interconnect": 0.0, "corrosion": 0.0}