{"crack": 0.0005629, "contact": 0.0005519, "interconnect": 0.0, "corrosion": 0.0}