{"crack": 0.2964649, "contact": 0.0071934, "interconnect": 0.0, "corrosion": 0.0}