{"crack": 0.212608, "contact": 0.0083425, "interconnect": 0.0, "corrosion": 0.0}