{"crack": 0.0013396, "contact": 0.0029471, "interconnect": 0.0, "corrosion": 0.0}