{"crack": 0.0268324, "contact": 0.0128518, "interconnect": 0.0002178, "corrosion": 0.0013048}