{"crack": 0.0182661, "contact": 0.0019927, "interconnect": 0.0, "corrosion": 0.0}