{"crack": 0.0007623, "contact": 0.0005043, "interconnect": 0.0, "corrosion": 0.0}