{"crack": 0.0457524, "contact": 0.0030106, "interconnect": 0.0, "corrosion": 0.0}