{"crack": 0.0107298, "contact": 0.0001997, "interconnect": 0.0, "corrosion": 0.0}