{"crack": 0.0005149, "contact": 0.0053051, "interconnect": 0.0, "corrosion": 0.0}