{"crack": 0.0075395, "contact": 0.0162712, "interconnect": 0.0, "corrosion": 0.0}