{"crack": 0.0918859, "contact": 0.3610623, "interconnect": 0.0, "corrosion": 0.0}