{"crack": 0.0024999, "contact": 0.0002145, "interconnect": 0.0, "corrosion": 0.0}