{"crack": 0.0033699, "contact": 0.039447, "interconnect": 0.0, "corrosion": 0.0}