{"crack": 0.4028417, "contact": 0.0087428, "interconnect": 0.0, "corrosion": 0.0}