{"crack": 0.0148945, "contact": 0.0029333, "interconnect": 0.0, "corrosion": 0.0}