{"crack": 0.0013234, "contact": 0.0007778, "interconnect": 0.0, "corrosion": 0.0}