{"crack": 0.1922633, "contact": 0.010354, "interconnect": 0.0, "corrosion": 0.0}