{"crack": 0.3095124, "contact": 0.0148538, "interconnect": 0.0, "corrosion": 0.0}