{"crack": 0.0, "contact": 0.0003778, "interconnect": 0.0008361, "corrosion": 0.0}