{"crack": 0.0, "contact": 0.0114002, "interconnect": 0.0030225, "corrosion": 0.0}