{"crack": 0.3836852, "contact": 0.0887638, "interconnect": 0.0, "corrosion": 0.0}