{"crack": 0.2471658, "contact": 0.2257959, "interconnect": 0.0, "corrosion": 0.0}