{"crack": 0.0023714, "contact": 0.0001345, "interconnect": 0.0, "corrosion": 0.0}