{"crack": 0.1869714, "contact": 0.000678, "interconnect": 0.0, "corrosion": 0.0}