{"crack": 0.0011567, "contact": 0.0123037, "interconnect": 0.0, "corrosion": 0.0}