{"crack": 0.0696753, "contact": 0.0301564, "interconnect": 0.0, "corrosion": 0.0}