{"crack": 0.1018257, "contact": 0.0270155, "interconnect": 0.0, "corrosion": 0.0}