{"crack": 0.0, "contact": 0.0124773, "interconnect": 0.0334916, "corrosion": 0.0}