{"crack": 0.3988475, "contact": 0.0533815, "interconnect": 0.0, "corrosion": 0.0}