{"crack": 0.1715003, "contact": 0.000194, "interconnect": 0.0, "corrosion": 0.0}