{"crack": 0.3859779, "contact": 0.0133936, "interconnect": 0.0, "corrosion": 0.0}