{"crack": 0.023103, "contact": 0.0001662, "interconnect": 0.0, "corrosion": 0.0003888}