{"crack": 0.0295141, "contact": 0.0059207, "interconnect": 9e-07, "corrosion": 0.0009641}