{"crack": 0.2174212, "contact": 0.0044707, "interconnect": 0.0, "corrosion": 0.0}