{"crack": 0.000264, "contact": 0.0026513, "interconnect": 0.0, "corrosion": 0.0}