{"crack": 0.4393733, "contact": 0.0349584, "interconnect": 0.0, "corrosion": 0.0}