{"crack": 0.0, "contact": 0.0015062, "interconnect": 0.000117, "corrosion": 0.0}