{"crack": 0.0129443, "contact": 0.089243, "interconnect": 0.0, "corrosion": 0.0}