{"crack": 0.0, "contact": 0.0174918, "interconnect": 0.003605, "corrosion": 0.0}