{"crack": 0.394493, "contact": 0.0078865, "interconnect": 0.0, "corrosion": 0.0}