{"crack": 0.0, "contact": 0.017488, "interconnect": 0.000464, "corrosion": 0.0}