{"crack": 1.43e-05, "contact": 0.0065754, "interconnect": 0.0031447, "corrosion": 0.0110209}