{"crack": 0.2223742, "contact": 0.0405826, "interconnect": 0.0, "corrosion": 0.0}