{"crack": 0.0031493, "contact": 0.0037907, "interconnect": 0.0, "corrosion": 0.0}