{"crack": 0.0008704, "contact": 0.0021186, "interconnect": 0.0, "corrosion": 0.0}