{"crack": 0.5076131, "contact": 0.0047368, "interconnect": 0.0, "corrosion": 0.0}