{"crack": 0.0619789, "contact": 0.0017293, "interconnect": 0.0, "corrosion": 0.0}