{"crack": 0.57287, "contact": 0.0156594, "interconnect": 0.0, "corrosion": 0.0}