{"crack": 0.0142415, "contact": 0.0031054, "interconnect": 0.0, "corrosion": 0.0}