{"crack": 0.0780729, "contact": 0.0369192, "interconnect": 0.0, "corrosion": 0.0}