{"crack": 0.1823623, "contact": 0.036765, "interconnect": 0.0, "corrosion": 0.0}