{"crack": 0.0253029, "contact": 0.0115065, "interconnect": 1.13e-05, "corrosion": 0.0041294}