{"crack": 0.0180559, "contact": 0.0064345, "interconnect": 9.4e-06, "corrosion": 0.001427}