{"crack": 0.1660389, "contact": 0.0195065, "interconnect": 0.0, "corrosion": 0.0}