{"crack": 0.4165494, "contact": 0.0053132, "interconnect": 0.0, "corrosion": 0.0}