{"crack": 0.0003562, "contact": 0.0112383, "interconnect": 0.0, "corrosion": 0.0}