{"crack": 0.4056917, "contact": 0.0030365, "interconnect": 0.0, "corrosion": 0.0}