{"crack": 0.0022057, "contact": 0.0005224, "interconnect": 0.0, "corrosion": 0.0}