{"crack": 0.0021415, "contact": 0.0070545, "interconnect": 0.0, "corrosion": 0.0}