{"crack": 0.2182618, "contact": 0.1318672, "interconnect": 0.0, "corrosion": 0.0}