{"crack": 0.0012568, "contact": 0.0016949, "interconnect": 0.0, "corrosion": 0.0}