{"crack": 0.0051696, "contact": 0.0002973, "interconnect": 0.0, "corrosion": 0.0}