{"crack": 0.0721876, "contact": 0.0001642, "interconnect": 0.0, "corrosion": 0.0}