{"crack": 0.1708892, "contact": 0.0026307, "interconnect": 0.0, "corrosion": 0.0}