{"crack": 0.0626671, "contact": 0.0411213, "interconnect": 0.0, "corrosion": 0.0}