{"crack": 0.0006057, "contact": 0.0095633, "interconnect": 0.0, "corrosion": 0.0}