{"crack": 0.1244308, "contact": 0.0022028, "interconnect": 0.0, "corrosion": 0.0}