{"crack": 0.4678759, "contact": 0.0092343, "interconnect": 0.0, "corrosion": 0.0}