{"crack": 0.0515347, "contact": 0.0002221, "interconnect": 0.0, "corrosion": 0.0}