{"crack": 0.0001525, "contact": 0.0432911, "interconnect": 0.0, "corrosion": 0.0}