{"crack": 0.1090923, "contact": 0.0393899, "interconnect": 0.0, "corrosion": 0.0018568}