{"crack": 0.0139653, "contact": 0.0061991, "interconnect": 0.0, "corrosion": 0.0}