{"crack": 0.079698, "contact": 0.0685539, "interconnect": 0.0, "corrosion": 0.0}