{"crack": 0.0001255, "contact": 0.0050676, "interconnect": 0.0, "corrosion": 0.0}