{"crack": 0.0145523, "contact": 0.0371512, "interconnect": 0.0, "corrosion": 0.0}