{"crack": 0.123294, "contact": 0.0159114, "interconnect": 0.0, "corrosion": 0.0}