{"crack": 0.5241072, "contact": 0.0159031, "interconnect": 0.0, "corrosion": 0.0}