{"crack": 0.2139679, "contact": 0.0204317, "interconnect": 0.0, "corrosion": 0.0}