{"crack": 0.5024825, "contact": 0.0523312, "interconnect": 0.0, "corrosion": 0.0}