{"crack": 0.0, "contact": 0.0160891, "interconnect": 0.0263942, "corrosion": 0.0}