{"crack": 0.0, "contact": 0.0315154, "interconnect": 0.0085885, "corrosion": 0.0}