{"crack": 0.0, "contact": 0.0, "interconnect": 0.0076636, "corrosion": 0.0017567}