{"crack": 0.0002796, "contact": 0.0240658, "interconnect": 0.0, "corrosion": 0.0}