{"crack": 0.3308266, "contact": 0.0579531, "interconnect": 0.0, "corrosion": 0.0}