{"crack": 0.0065308, "contact": 0.0003418, "interconnect": 0.0, "corrosion": 0.0001381}