{"crack": 0.000198, "contact": 0.0006491, "interconnect": 0.0, "corrosion": 0.0}