{"crack": 0.4162634, "contact": 0.1318816, "interconnect": 0.0, "corrosion": 0.0}