{"crack": 0.002052, "contact": 0.0112575, "interconnect": 0.0, "corrosion": 0.0}