{"crack": 0.1901418, "contact": 0.0111726, "interconnect": 0.0, "corrosion": 0.0}