{"crack": 0.0012712, "contact": 0.0062872, "interconnect": 0.0, "corrosion": 0.0}