{"crack": 0.0242232, "contact": 0.0002864, "interconnect": 0.0, "corrosion": 0.0}