{"crack": 0.0001994, "contact": 0.0003518, "interconnect": 0.0, "corrosion": 0.0}