{"crack": 0.0046725, "contact": 0.0013284, "interconnect": 0.0, "corrosion": 0.0}