{"crack": 0.000154, "contact": 0.0032233, "interconnect": 0.0, "corrosion": 0.0}