{"crack": 0.197773, "contact": 0.0023212, "interconnect": 0.0, "corrosion": 0.0}