{"crack": 0.0045996, "contact": 0.0030816, "interconnect": 0.0, "corrosion": 0.0}