{"crack": 0.0297745, "contact": 0.0026479, "interconnect": 0.0, "corrosion": 0.0}