{"crack": 0.000856, "contact": 0.0042915, "interconnect": 0.0, "corrosion": 0.0}