{"crack": 0.3118696, "contact": 0.1511846, "interconnect": 0.0, "corrosion": 0.0}