{"crack": 0.0006545, "contact": 0.0045584, "interconnect": 0.0, "corrosion": 0.0}