{"crack": 0.1008768, "contact": 0.0169484, "interconnect": 0.0, "corrosion": 0.0}