{"crack": 0.0, "contact": 0.0005973, "interconnect": 0.0022872, "corrosion": 0.0}