{"crack": 0.4872936, "contact": 0.0938336, "interconnect": 0.0, "corrosion": 0.0}