{"crack": 0.0149107, "contact": 0.0005955, "interconnect": 0.0, "corrosion": 0.0}