{"crack": 0.3147064, "contact": 0.021389, "interconnect": 0.0, "corrosion": 0.0}