{"crack": 0.0229228, "contact": 0.0596651, "interconnect": 0.0, "corrosion": 0.0}