{"crack": 0.1257118, "contact": 0.0003729, "interconnect": 0.0, "corrosion": 0.0}