{"crack": 0.2107408, "contact": 0.0006044, "interconnect": 0.0, "corrosion": 0.0}