{"crack": 0.0224766, "contact": 0.0006435, "interconnect": 0.0, "corrosion": 0.0}