{"crack": 0.0044166, "contact": 0.0054086, "interconnect": 0.0, "corrosion": 0.0}