{"crack": 0.2096337, "contact": 0.0609206, "interconnect": 0.0, "corrosion": 0.0}