{"crack": 0.0318271, "contact": 0.0015428, "interconnect": 0.0, "corrosion": 0.0}