{"crack": 0.0003738, "contact": 0.0001206, "interconnect": 0.0, "corrosion": 0.0}