{"crack": 0.065772, "contact": 0.0015156, "interconnect": 0.0, "corrosion": 0.0}