{"crack": 0.8610305, "contact": 0.0005086, "interconnect": 0.0, "corrosion": 0.0}