{"crack": 0.3243357, "contact": 0.1012153, "interconnect": 0.0, "corrosion": 0.0}