{"crack": 0.2620656, "contact": 0.0011836, "interconnect": 0.0, "corrosion": 0.0}