{"crack": 0.0198417, "contact": 0.0233611, "interconnect": 0.0, "corrosion": 0.0}