{"crack": 0.1390944, "contact": 0.0356669, "interconnect": 0.0, "corrosion": 0.0}