{"crack": 0.0236375, "contact": 0.0003082, "interconnect": 0.0, "corrosion": 0.0}