{"crack": 0.1212692, "contact": 0.0073161, "interconnect": 0.0, "corrosion": 0.0}