{"crack": 0.6418635, "contact": 0.0002952, "interconnect": 0.0, "corrosion": 0.0}