{"crack": 0.0001877, "contact": 0.0740558, "interconnect": 0.0, "corrosion": 0.0}