{"crack": 0.0, "contact": 0.0188688, "interconnect": 0.0019135, "corrosion": 0.0}