{"crack": 0.3053252, "contact": 0.0008475, "interconnect": 0.0, "corrosion": 0.0}