{"crack": 0.1130333, "contact": 0.0768861, "interconnect": 0.0014583, "corrosion": 0.0}