{"crack": 0.0892427, "contact": 0.0045312, "interconnect": 0.0, "corrosion": 0.0}