{"crack": 0.3092855, "contact": 0.0887531, "interconnect": 0.0, "corrosion": 0.0}