{"crack": 0.0661336, "contact": 0.0304908, "interconnect": 0.0, "corrosion": 0.0}