{"crack": 0.5166537, "contact": 0.0359909, "interconnect": 0.0, "corrosion": 0.0}