{"crack": 0.2749493, "contact": 0.0049494, "interconnect": 0.0, "corrosion": 0.0}