{"crack": 0.0126436, "contact": 0.0013335, "interconnect": 0.0, "corrosion": 0.0177202}