{"crack": 0.2973728, "contact": 0.0090932, "interconnect": 0.0, "corrosion": 0.0}