{"crack": 0.0001247, "contact": 0.0043648, "interconnect": 0.0, "corrosion": 0.0}