{"crack": 0.1501113, "contact": 0.0010158, "interconnect": 0.0, "corrosion": 0.0}