{"crack": 0.1140047, "contact": 0.0024064, "interconnect": 0.0, "corrosion": 0.0}