{"crack": 0.2911251, "contact": 0.09107, "interconnect": 0.0, "corrosion": 0.0}