{"crack": 0.0008324, "contact": 0.002533, "interconnect": 0.0, "corrosion": 0.0}