{"crack": 0.6007688, "contact": 0.0071757, "interconnect": 0.0, "corrosion": 0.0}