{"crack": 0.0002961, "contact": 0.0011075, "interconnect": 0.0, "corrosion": 0.0}