{"crack": 0.0004506, "contact": 0.0011115, "interconnect": 0.0, "corrosion": 0.0}