{"crack": 0.0810324, "contact": 0.0515344, "interconnect": 0.0, "corrosion": 0.0}