{"crack": 0.1969537, "contact": 0.0021301, "interconnect": 0.0, "corrosion": 0.0}