{"crack": 0.1437591, "contact": 0.0003329, "interconnect": 0.0, "corrosion": 0.0}