{"crack": 0.001798, "contact": 0.0046725, "interconnect": 0.0, "corrosion": 0.0}