{"crack": 0.0581583, "contact": 0.0032639, "interconnect": 0.0, "corrosion": 0.0}