{"crack": 0.0, "contact": 0.0265382, "interconnect": 0.0102386, "corrosion": 0.0}