{"crack": 0.019481, "contact": 0.016981, "interconnect": 3.26e-05, "corrosion": 0.0027611}