{"crack": 0.0758844, "contact": 0.0276078, "interconnect": 0.0, "corrosion": 0.0}