{"crack": 0.0454996, "contact": 0.0150703, "interconnect": 2.38e-05, "corrosion": 0.0010746}