{"crack": 0.3010518, "contact": 0.0097386, "interconnect": 0.0, "corrosion": 0.0}