{"crack": 0.0543375, "contact": 0.0400757, "interconnect": 0.0, "corrosion": 0.0}