{"crack": 0.0131369, "contact": 0.0010158, "interconnect": 0.0, "corrosion": 0.0}