{"crack": 0.1783074, "contact": 0.0015619, "interconnect": 0.0, "corrosion": 0.0}