{"crack": 0.0, "contact": 0.005623, "interconnect": 0.0577196, "corrosion": 0.0}