{"crack": 0.0868197, "contact": 0.0680419, "interconnect": 0.0, "corrosion": 0.0}