{"crack": 0.000633, "contact": 0.023933, "interconnect": 0.0121272, "corrosion": 0.0}