{"crack": 0.3888825, "contact": 0.0507218, "interconnect": 0.0, "corrosion": 0.0}