{"crack": 0.2322931, "contact": 0.0090116, "interconnect": 0.0, "corrosion": 0.0}