{"crack": 0.0101995, "contact": 0.0402637, "interconnect": 0.0, "corrosion": 0.0}