{"crack": 0.0067455, "contact": 0.0069287, "interconnect": 0.0, "corrosion": 0.0}