{"crack": 0.0011614, "contact": 0.001353, "interconnect": 0.0, "corrosion": 0.0}