{"crack": 0.6030224, "contact": 0.0040862, "interconnect": 0.0, "corrosion": 0.0}