{"crack": 0.3450491, "contact": 0.0848164, "interconnect": 0.0, "corrosion": 0.0}