{"crack": 0.1397673, "contact": 0.0006617, "interconnect": 0.0, "corrosion": 0.0}