{"crack": 0.0067677, "contact": 0.0149613, "interconnect": 0.0, "corrosion": 0.0}