{"crack": 0.1062462, "contact": 0.0654542, "interconnect": 0.0, "corrosion": 0.0}