{"crack": 0.5669289, "contact": 0.0002252, "interconnect": 0.0, "corrosion": 0.0}