{"crack": 0.6328714, "contact": 0.0002528, "interconnect": 0.0, "corrosion": 0.0}