{"crack": 0.0334581, "contact": 0.0019538, "interconnect": 0.0, "corrosion": 0.000635}