{"crack": 0.0113652, "contact": 0.0365822, "interconnect": 0.0, "corrosion": 0.0}