{"crack": 0.0186845, "contact": 0.0098823, "interconnect": 0.0, "corrosion": 0.0}