{"crack": 0.0412543, "contact": 0.0439184, "interconnect": 0.0, "corrosion": 0.0}