{"crack": 0.0076417, "contact": 0.0237288, "interconnect": 0.0, "corrosion": 0.0}