{"crack": 0.0, "contact": 0.003776, "interconnect": 0.085584, "corrosion": 0.0}