{"crack": 0.0, "contact": 0.0270549, "interconnect": 0.0004752, "corrosion": 0.0}