{"crack": 0.0064023, "contact": 0.0050288, "interconnect": 0.0, "corrosion": 0.0}