{"crack": 0.3036748, "contact": 0.0025051, "interconnect": 0.0, "corrosion": 0.0}