{"crack": 0.225875, "contact": 0.0071861, "interconnect": 0.0, "corrosion": 0.0}