{"crack": 0.6222307, "contact": 0.0065431, "interconnect": 0.0, "corrosion": 0.0}