{"crack": 0.2924584, "contact": 0.1160568, "interconnect": 0.0, "corrosion": 0.0}