{"crack": 0.311853, "contact": 0.0802909, "interconnect": 0.0, "corrosion": 0.0}