{"crack": 0.2667204, "contact": 0.0102742, "interconnect": 0.0, "corrosion": 0.0}