{"crack": 0.0512329, "contact": 0.0026165, "interconnect": 0.0, "corrosion": 0.0}