{"crack": 0.2841136, "contact": 0.0045728, "interconnect": 0.0, "corrosion": 0.0}