{"crack": 0.0011142, "contact": 0.0261905, "interconnect": 0.0, "corrosion": 0.0}