{"crack": 0.0107364, "contact": 0.0125957, "interconnect": 0.0, "corrosion": 0.0}