{"crack": 0.0020691, "contact": 0.00242, "interconnect": 0.0, "corrosion": 0.0}