{"crack": 0.0218736, "contact": 0.0053023, "interconnect": 0.0, "corrosion": 0.0}