{"crack": 0.1199464, "contact": 0.0939483, "interconnect": 0.0, "corrosion": 0.0}