{"crack": 0.3585714, "contact": 0.0006779, "interconnect": 0.0, "corrosion": 0.0}