{"crack": 0.0100653, "contact": 0.0007867, "interconnect": 0.0, "corrosion": 0.0}