{"crack": 0.0004426, "contact": 0.0043565, "interconnect": 0.0, "corrosion": 0.0}