{"crack": 0.2902771, "contact": 0.0009734, "interconnect": 0.0, "corrosion": 0.0}