{"crack": 0.6782808, "contact": 0.0021208, "interconnect": 0.0, "corrosion": 0.0}