{"crack": 0.017691, "contact": 0.0830451, "interconnect": 0.0, "corrosion": 0.0}