{"crack": 0.0, "contact": 0.0178297, "interconnect": 0.0398645, "corrosion": 0.0}