{"crack": 0.003013, "contact": 0.0004046, "interconnect": 0.0, "corrosion": 0.0}