{"crack": 0.0009284, "contact": 0.0007606, "interconnect": 0.0, "corrosion": 0.0}