{"crack": 0.1630208, "contact": 0.0003318, "interconnect": 0.0, "corrosion": 0.0}