{"crack": 0.1177431, "contact": 0.0305411, "interconnect": 0.0, "corrosion": 0.0}