{"crack": 0.0372767, "contact": 0.0018832, "interconnect": 0.0, "corrosion": 0.0}