{"crack": 0.0372995, "contact": 0.0005011, "interconnect": 0.0, "corrosion": 0.0}