{"crack": 0.0029678, "contact": 0.0020246, "interconnect": 0.0, "corrosion": 0.0}