{"crack": 0.1986465, "contact": 0.0549594, "interconnect": 0.0, "corrosion": 0.0}