{"crack": 0.1308613, "contact": 0.0233777, "interconnect": 0.0, "corrosion": 0.0}