{"crack": 0.0029061, "contact": 0.0057761, "interconnect": 0.0, "corrosion": 0.0}