{"crack": 0.0029688, "contact": 0.0028519, "interconnect": 0.0, "corrosion": 0.0}