{"crack": 0.4601397, "contact": 0.0054037, "interconnect": 0.0, "corrosion": 0.0}