{"crack": 0.0088296, "contact": 0.0030348, "interconnect": 0.0, "corrosion": 0.0}