{"crack": 0.2630035, "contact": 0.0813054, "interconnect": 0.0, "corrosion": 0.0}