{"crack": 0.0162763, "contact": 0.0082563, "interconnect": 0.0, "corrosion": 0.0}