{"crack": 0.0003422, "contact": 0.0048567, "interconnect": 0.0, "corrosion": 0.0}