{"crack": 0.0009505, "contact": 0.0080623, "interconnect": 0.0, "corrosion": 0.0}