{"crack": 0.2262398, "contact": 0.0272328, "interconnect": 0.0, "corrosion": 0.0}