{"crack": 0.0944725, "contact": 0.0555876, "interconnect": 0.0, "corrosion": 0.0}