{"crack": 0.2860812, "contact": 0.0026822, "interconnect": 0.0, "corrosion": 0.0}