{"crack": 0.2167925, "contact": 0.0214115, "interconnect": 0.0, "corrosion": 0.0}