{"crack": 0.0360123, "contact": 0.0392618, "interconnect": 0.0, "corrosion": 0.0}