{"crack": 0.2728979, "contact": 0.0002844, "interconnect": 0.0, "corrosion": 0.0}