{"crack": 0.4923958, "contact": 0.0039659, "interconnect": 0.0, "corrosion": 0.0}