{"crack": 0.3187464, "contact": 0.0312592, "interconnect": 0.0, "corrosion": 0.0}