{"crack": 0.0382084, "contact": 0.0597822, "interconnect": 0.0, "corrosion": 0.0}