{"crack": 0.0003825, "contact": 0.0008852, "interconnect": 0.0, "corrosion": 0.0}