{"crack": 0.0003222, "contact": 0.0013365, "interconnect": 0.0, "corrosion": 0.0}