{"crack": 0.3793376, "contact": 0.0025653, "interconnect": 0.0, "corrosion": 0.0}