{"crack": 0.439788, "contact": 0.0460657, "interconnect": 0.0, "corrosion": 0.0}