{"crack": 0.0, "contact": 0.0148024, "interconnect": 0.0436141, "corrosion": 0.0}