{"crack": 0.2470442, "contact": 0.000815, "interconnect": 0.0, "corrosion": 0.0}