{"crack": 0.0, "contact": 0.0001233, "interconnect": 0.0004212, "corrosion": 0.0}