{"crack": 0.3823292, "contact": 0.0505522, "interconnect": 0.0, "corrosion": 0.0}