{"crack": 0.0781462, "contact": 0.0347185, "interconnect": 0.0, "corrosion": 0.0}