{"crack": 0.2123092, "contact": 0.0001839, "interconnect": 0.0, "corrosion": 0.0}