{"crack": 0.0001417, "contact": 0.0012282, "interconnect": 0.0, "corrosion": 0.0}