{"crack": 0.0011998, "contact": 0.0015143, "interconnect": 0.0, "corrosion": 0.0}