{"crack": 0.3212328, "contact": 0.10987, "interconnect": 0.0, "corrosion": 0.0}