{"crack": 0.2653842, "contact": 0.120741, "interconnect": 0.0, "corrosion": 0.0}