{"crack": 0.0014609, "contact": 0.0009017, "interconnect": 0.0, "corrosion": 0.0}