{"crack": 0.2220515, "contact": 0.000129, "interconnect": 0.0, "corrosion": 0.0}