{"crack": 0.0002922, "contact": 0.0033312, "interconnect": 0.0, "corrosion": 0.0}