{"crack": 0.3866773, "contact": 0.0252371, "interconnect": 0.0, "corrosion": 0.0}