{"crack": 0.0, "contact": 0.0425568, "interconnect": 0.0430374, "corrosion": 0.0}