{"crack": 0.0880223, "contact": 0.0053501, "interconnect": 0.0, "corrosion": 0.0}