{"crack": 0.0349511, "contact": 0.0557539, "interconnect": 0.0, "corrosion": 0.0}