{"crack": 0.1923444, "contact": 0.0090661, "interconnect": 0.0, "corrosion": 0.0}