{"crack": 0.0009487, "contact": 0.0029039, "interconnect": 0.0, "corrosion": 0.0}