{"crack": 0.4359697, "contact": 0.0123228, "interconnect": 0.0, "corrosion": 0.0}