{"crack": 0.0005056, "contact": 0.0059983, "interconnect": 0.0, "corrosion": 0.0}