{"crack": 0.0039263, "contact": 0.001986, "interconnect": 0.0, "corrosion": 0.0}