{"crack": 0.1033959, "contact": 0.0203946, "interconnect": 0.0, "corrosion": 0.0}