{"crack": 0.0018409, "contact": 0.0037822, "interconnect": 0.0, "corrosion": 0.0}