{"crack": 0.0124547, "contact": 0.000439, "interconnect": 0.0, "corrosion": 0.0051859}