{"crack": 0.2294434, "contact": 0.024038, "interconnect": 0.0, "corrosion": 0.0}