{"crack": 0.0090128, "contact": 0.0095396, "interconnect": 0.0, "corrosion": 0.0}