{"crack": 0.3016772, "contact": 0.0234811, "interconnect": 0.0, "corrosion": 0.0}