{"crack": 0.1194539, "contact": 0.0775535, "interconnect": 0.0, "corrosion": 0.0}