{"crack": 0.0350801, "contact": 0.0340166, "interconnect": 0.0, "corrosion": 0.0}