{"crack": 0.5292679, "contact": 0.0103399, "interconnect": 0.0, "corrosion": 0.0}