{"crack": 0.0, "contact": 0.0081933, "interconnect": 0.0006802, "corrosion": 0.0}