{"crack": 0.0020284, "contact": 0.0004773, "interconnect": 0.0, "corrosion": 0.0}