{"crack": 0.038326, "contact": 0.0421814, "interconnect": 2.23e-05, "corrosion": 0.0}