{"crack": 0.1091653, "contact": 0.0054123, "interconnect": 0.0, "corrosion": 0.0}