{"crack": 0.0004057, "contact": 0.0026131, "interconnect": 0.0, "corrosion": 0.0}