{"crack": 0.0020817, "contact": 0.0051416, "interconnect": 0.0, "corrosion": 0.0}