{"crack": 0.0029589, "contact": 0.0004875, "interconnect": 0.0, "corrosion": 0.0}