{"crack": 0.0001587, "contact": 0.007811, "interconnect": 0.0, "corrosion": 0.0}