{"crack": 0.2406549, "contact": 0.0082555, "interconnect": 0.0, "corrosion": 0.0}