{"crack": 0.1983267, "contact": 0.0090015, "interconnect": 0.0, "corrosion": 0.0}