{"crack": 0.0672728, "contact": 0.0704587, "interconnect": 0.0, "corrosion": 0.0}