{"crack": 0.0124055, "contact": 0.0053932, "interconnect": 0.0, "corrosion": 0.0}