{"crack": 0.000306, "contact": 0.0225737, "interconnect": 0.0, "corrosion": 0.0}