{"crack": 0.0023477, "contact": 0.0039969, "interconnect": 0.0, "corrosion": 0.0}