{"crack": 0.1198857, "contact": 0.0586221, "interconnect": 0.0, "corrosion": 0.0}