{"crack": 0.0001181, "contact": 0.0009095, "interconnect": 0.0, "corrosion": 0.0}