{"crack": 0.3471995, "contact": 0.0294499, "interconnect": 0.0, "corrosion": 0.0}