{"crack": 0.2130617, "contact": 0.1961373, "interconnect": 0.0, "corrosion": 0.0}