{"crack": 0.1187136, "contact": 0.0003518, "interconnect": 0.0, "corrosion": 0.0}