{"crack": 0.0, "contact": 0.0014422, "interconnect": 0.0257415, "corrosion": 0.0}