{"crack": 0.2348668, "contact": 0.0006342, "interconnect": 0.0, "corrosion": 0.0}