{"crack": 0.4484998, "contact": 0.020568, "interconnect": 0.0, "corrosion": 0.0}