{"crack": 0.0131939, "contact": 0.0083661, "interconnect": 0.0, "corrosion": 0.0}