{"crack": 0.2062295, "contact": 0.0011528, "interconnect": 0.0, "corrosion": 0.0}