{"crack": 0.1129904, "contact": 0.0277086, "interconnect": 0.0, "corrosion": 0.0}