{"crack": 0.004004, "contact": 0.0452953, "interconnect": 0.0, "corrosion": 0.0}