{"crack": 0.1075958, "contact": 0.0050279, "interconnect": 0.0, "corrosion": 0.0}