{"crack": 0.0007967, "contact": 0.0009751, "interconnect": 0.0, "corrosion": 0.0}