{"crack": 0.0013877, "contact": 0.0344229, "interconnect": 0.0, "corrosion": 0.0}