{"crack": 0.3345103, "contact": 0.1327825, "interconnect": 0.0, "corrosion": 0.0}