{"crack": 0.0269357, "contact": 0.0165038, "interconnect": 0.0, "corrosion": 0.0}