{"crack": 0.01274, "contact": 0.0183024, "interconnect": 0.0, "corrosion": 0.0}