{"crack": 0.0064619, "contact": 0.0084458, "interconnect": 0.0, "corrosion": 0.0}