{"crack": 0.0276787, "contact": 0.001012, "interconnect": 0.0, "corrosion": 0.0}