{"crack": 0.3294933, "contact": 0.001205, "interconnect": 0.0, "corrosion": 0.0}