{"crack": 0.0858844, "contact": 0.001896, "interconnect": 0.0, "corrosion": 0.0}