{"crack": 0.4113773, "contact": 0.0062449, "interconnect": 0.0, "corrosion": 0.0}