{"crack": 0.3331532, "contact": 0.0001914, "interconnect": 0.0, "corrosion": 0.0}