{"crack": 0.0161826, "contact": 0.0019503, "interconnect": 0.0, "corrosion": 0.0}