{"crack": 0.4628888, "contact": 0.0013354, "interconnect": 0.0, "corrosion": 0.0}