{"crack": 0.0015003, "contact": 0.0053025, "interconnect": 0.0, "corrosion": 0.0}