{"crack": 0.0144903, "contact": 0.0057685, "interconnect": 0.0, "corrosion": 0.0}