{"crack": 0.0601444, "contact": 0.0547611, "interconnect": 0.0018528, "corrosion": 0.0}