{"crack": 0.0015513, "contact": 0.0031371, "interconnect": 0.0, "corrosion": 0.0}