{"crack": 0.4593596, "contact": 0.0018297, "interconnect": 0.0, "corrosion": 0.0}