{"crack": 0.1470831, "contact": 0.0127122, "interconnect": 0.0, "corrosion": 0.0}