{"crack": 0.0347309, "contact": 0.0005944, "interconnect": 0.0, "corrosion": 0.0}