{"crack": 0.0020454, "contact": 0.0063316, "interconnect": 0.0, "corrosion": 0.0}