{"crack": 0.1711484, "contact": 0.0012399, "interconnect": 0.0, "corrosion": 0.0}