{"crack": 0.1358108, "contact": 0.0013628, "interconnect": 0.0, "corrosion": 0.0}