{"crack": 0.0, "contact": 0.0054579, "interconnect": 0.0018432, "corrosion": 0.0}