{"crack": 0.0017238, "contact": 0.0007983, "interconnect": 0.0, "corrosion": 0.0}