{"crack": 0.2848439, "contact": 0.0872558, "interconnect": 0.0, "corrosion": 0.0}