{"crack": 0.1251642, "contact": 0.0008093, "interconnect": 0.0, "corrosion": 0.0}