{"crack": 0.0162048, "contact": 0.001924, "interconnect": 0.0, "corrosion": 0.0}