{"crack": 0.0347841, "contact": 0.0108664, "interconnect": 0.0, "corrosion": 0.0}