{"crack": 0.0014952, "contact": 0.0026251, "interconnect": 0.0, "corrosion": 0.0}