{"crack": 0.0, "contact": 0.0231613, "interconnect": 0.0385126, "corrosion": 0.0}