{"crack": 0.1017902, "contact": 0.0002884, "interconnect": 0.0, "corrosion": 0.0}