{"crack": 0.0558527, "contact": 0.0459536, "interconnect": 0.0, "corrosion": 0.0}