{"crack": 0.1794108, "contact": 0.0606529, "interconnect": 0.0, "corrosion": 0.0}