{"crack": 0.0, "contact": 0.0170429, "interconnect": 0.0947006, "corrosion": 0.0}