{"crack": 0.0292571, "contact": 0.0084403, "interconnect": 7.14e-05, "corrosion": 0.0019507}