{"crack": 0.0002824, "contact": 0.0023773, "interconnect": 0.0, "corrosion": 0.0}