{"crack": 0.1795694, "contact": 0.0019354, "interconnect": 0.0, "corrosion": 0.0}