{"crack": 0.0125642, "contact": 0.0073349, "interconnect": 0.0, "corrosion": 0.0}