{"crack": 0.0001024, "contact": 0.0189512, "interconnect": 0.0, "corrosion": 0.0}