{"crack": 0.340699, "contact": 0.112585, "interconnect": 0.0, "corrosion": 0.0}