{"crack": 0.2415197, "contact": 0.0227733, "interconnect": 0.0, "corrosion": 0.0}