{"crack": 0.4294562, "contact": 0.0202128, "interconnect": 0.0, "corrosion": 0.0}