{"crack": 0.0, "contact": 0.0006111, "interconnect": 0.0, "corrosion": 0.0011222}