{"crack": 0.1927323, "contact": 0.1303626, "interconnect": 0.0, "corrosion": 0.0}