{"crack": 0.0032308, "contact": 0.0006326, "interconnect": 0.0, "corrosion": 0.0}