{"crack": 0.0001059, "contact": 0.0038366, "interconnect": 0.0, "corrosion": 0.0}