{"crack": 0.2579213, "contact": 0.0111514, "interconnect": 0.0, "corrosion": 0.0}