{"crack": 0.0008963, "contact": 0.0064809, "interconnect": 0.0, "corrosion": 0.0}