{"crack": 0.1609627, "contact": 0.0180003, "interconnect": 0.0, "corrosion": 0.0}