{"crack": 0.0727181, "contact": 0.121396, "interconnect": 0.0, "corrosion": 0.0}