{"crack": 0.0037231, "contact": 0.0042287, "interconnect": 0.0, "corrosion": 0.0}