{"crack": 0.0, "contact": 0.0083305, "interconnect": 0.0004272, "corrosion": 0.0}