{"crack": 0.4276319, "contact": 0.0017301, "interconnect": 0.0, "corrosion": 0.0}