{"crack": 0.0671916, "contact": 0.0546807, "interconnect": 0.0, "corrosion": 0.0}