{"crack": 0.1686725, "contact": 0.013912, "interconnect": 0.0, "corrosion": 0.0}