{"crack": 0.2128967, "contact": 0.0003287, "interconnect": 0.0, "corrosion": 0.0}