{"crack": 0.0007081, "contact": 0.0041791, "interconnect": 0.0, "corrosion": 0.0}