{"crack": 0.5767371, "contact": 0.0033083, "interconnect": 0.0, "corrosion": 0.0}