{"crack": 0.1455805, "contact": 0.0001839, "interconnect": 0.0, "corrosion": 0.0}