{"crack": 0.0001927, "contact": 0.0020179, "interconnect": 0.0, "corrosion": 0.0}