{"crack": 0.4173023, "contact": 0.0133649, "interconnect": 0.0, "corrosion": 0.0}