{"crack": 0.4099702, "contact": 0.0013559, "interconnect": 0.0, "corrosion": 0.0}