{"crack": 0.0263261, "contact": 0.0123685, "interconnect": 4.23e-05, "corrosion": 0.0021572}