{"crack": 0.1232374, "contact": 0.0005875, "interconnect": 0.0, "corrosion": 0.0}