{"crack": 0.0139645, "contact": 0.01083, "interconnect": 0.0, "corrosion": 0.0}