{"crack": 0.0532112, "contact": 0.0019117, "interconnect": 0.0, "corrosion": 0.0}