{"crack": 0.0015505, "contact": 0.0024808, "interconnect": 0.0, "corrosion": 0.0}