{"crack": 0.2570917, "contact": 0.007625, "interconnect": 0.0, "corrosion": 0.0}