{"crack": 0.0, "contact": 0.0003536, "interconnect": 0.0393237, "corrosion": 0.0}