{"crack": 0.2302663, "contact": 0.0020639, "interconnect": 0.0, "corrosion": 0.0}