{"crack": 0.0, "contact": 0.0062937, "interconnect": 0.0211603, "corrosion": 0.0}