{"crack": 0.0367433, "contact": 0.0366352, "interconnect": 0.0, "corrosion": 0.0}