{"crack": 0.6429108, "contact": 0.0586799, "interconnect": 0.0, "corrosion": 0.0}