{"crack": 0.0039587, "contact": 0.0054446, "interconnect": 0.0, "corrosion": 0.0}