{"crack": 0.0002176, "contact": 0.0050046, "interconnect": 0.0, "corrosion": 0.0}