{"crack": 0.045087, "contact": 0.0061269, "interconnect": 0.0, "corrosion": 0.0}