{"crack": 0.0001141, "contact": 0.0005593, "interconnect": 0.0, "corrosion": 0.0}