{"crack": 0.1160788, "contact": 0.0010536, "interconnect": 0.0, "corrosion": 0.0}