{"crack": 0.0262541, "contact": 0.0316688, "interconnect": 0.0, "corrosion": 0.0}