{"crack": 0.0, "contact": 0.0154271, "interconnect": 0.0121591, "corrosion": 0.0}