{"crack": 0.151663, "contact": 0.0531668, "interconnect": 0.0, "corrosion": 0.0}