{"crack": 0.2364236, "contact": 0.0027187, "interconnect": 0.0, "corrosion": 0.0}