{"crack": 0.3548251, "contact": 0.0123495, "interconnect": 0.0, "corrosion": 0.0}