{"crack": 0.0, "contact": 0.0143213, "interconnect": 0.0460617, "corrosion": 0.0}