{"crack": 0.4034375, "contact": 0.0003299, "interconnect": 0.0, "corrosion": 0.0}