{"crack": 0.0002412, "contact": 0.0014255, "interconnect": 0.0, "corrosion": 0.0}