{"crack": 0.3953595, "contact": 0.0418585, "interconnect": 0.0, "corrosion": 0.0}