{"crack": 0.0121116, "contact": 0.0040104, "interconnect": 0.0, "corrosion": 0.0}