{"crack": 0.0730791, "contact": 0.0013029, "interconnect": 0.0, "corrosion": 0.0}