{"crack": 0.305765, "contact": 0.0119221, "interconnect": 0.0, "corrosion": 0.0}