{"crack": 0.3841254, "contact": 0.0566703, "interconnect": 0.0, "corrosion": 0.0}