{"crack": 0.0, "contact": 0.0124821, "interconnect": 0.0110648, "corrosion": 0.0}