{"crack": 0.0004473, "contact": 0.0062506, "interconnect": 0.0, "corrosion": 0.0}