{"crack": 0.3635832, "contact": 0.1650186, "interconnect": 0.0, "corrosion": 0.0}