{"crack": 0.0001403, "contact": 0.0033078, "interconnect": 0.0, "corrosion": 0.0}