{"crack": 0.1620042, "contact": 0.0101353, "interconnect": 0.0, "corrosion": 0.0}