{"crack": 0.3402416, "contact": 0.0064391, "interconnect": 0.0, "corrosion": 0.0}