{"crack": 0.0262971, "contact": 0.0014705, "interconnect": 0.0, "corrosion": 0.0}