{"crack": 0.0198051, "contact": 0.0011318, "interconnect": 0.0, "corrosion": 0.002128}