{"crack": 0.3146667, "contact": 0.0547724, "interconnect": 0.0, "corrosion": 0.0}