{"crack": 0.047027, "contact": 0.0002206, "interconnect": 0.0, "corrosion": 0.0}