{"crack": 0.0028743, "contact": 0.0002369, "interconnect": 0.0, "corrosion": 0.0}