{"crack": 0.3040427, "contact": 0.0633474, "interconnect": 0.0, "corrosion": 0.0}