{"crack": 0.0013706, "contact": 0.0002415, "interconnect": 0.0, "corrosion": 0.0}