{"crack": 0.0002721, "contact": 0.0001247, "interconnect": 0.0, "corrosion": 0.0}