{"crack": 0.0245473, "contact": 0.0204636, "interconnect": 0.0, "corrosion": 0.0}