{"crack": 0.0432817, "contact": 0.0012441, "interconnect": 0.0, "corrosion": 0.0}