{"crack": 0.2142857, "contact": 0.0212314, "interconnect": 0.0, "corrosion": 0.0}