{"crack": 0.0005826, "contact": 0.0003092, "interconnect": 0.0, "corrosion": 0.0}