{"crack": 0.0164952, "contact": 0.0003365, "interconnect": 0.0, "corrosion": 0.0060605}