{"crack": 0.2704438, "contact": 0.0327888, "interconnect": 0.0, "corrosion": 0.0}