{"crack": 0.0059194, "contact": 0.0007694, "interconnect": 0.0, "corrosion": 0.0}