{"crack": 0.0001997, "contact": 0.0039035, "interconnect": 0.0, "corrosion": 0.0}