{"crack": 0.0, "contact": 0.0025253, "interconnect": 0.0027075, "corrosion": 0.0}