{"crack": 0.0064972, "contact": 0.0054967, "interconnect": 0.0, "corrosion": 0.0}