{"crack": 0.0356284, "contact": 0.0136398, "interconnect": 0.0, "corrosion": 0.0}