{"crack": 0.0080852, "contact": 0.0007329, "interconnect": 0.0, "corrosion": 0.0}