{"crack": 0.0030544, "contact": 0.0437454, "interconnect": 0.0, "corrosion": 0.0}