{"crack": 0.0003766, "contact": 0.0042002, "interconnect": 0.0, "corrosion": 0.0}