{"crack": 0.0008415, "contact": 0.00096, "interconnect": 0.0, "corrosion": 0.0}