{"crack": 0.0377541, "contact": 0.0750189, "interconnect": 0.0, "corrosion": 0.0}