{"crack": 0.0271759, "contact": 0.0044091, "interconnect": 0.0, "corrosion": 0.0}