{"crack": 0.0821897, "contact": 0.0026073, "interconnect": 0.0, "corrosion": 0.0}