{"crack": 0.1245978, "contact": 0.0040334, "interconnect": 0.0, "corrosion": 0.0}