{"crack": 0.002768, "contact": 0.033521, "interconnect": 0.0, "corrosion": 0.0}