{"crack": 0.0146259, "contact": 0.0019001, "interconnect": 0.0, "corrosion": 0.0}