{"crack": 0.0, "contact": 0.0014691, "interconnect": 0.051302, "corrosion": 0.0}