{"crack": 0.1605245, "contact": 0.0183234, "interconnect": 0.0, "corrosion": 0.0}