{"crack": 0.0079444, "contact": 0.0141222, "interconnect": 0.0, "corrosion": 0.0}