{"crack": 0.210709, "contact": 0.0053533, "interconnect": 0.0, "corrosion": 0.0}