{"crack": 0.1950886, "contact": 0.0025831, "interconnect": 0.0, "corrosion": 0.0}