{"crack": 0.3245071, "contact": 0.0112425, "interconnect": 0.0, "corrosion": 0.0}