{"crack": 0.1361429, "contact": 0.0021415, "interconnect": 0.0, "corrosion": 0.0}