{"crack": 0.1257174, "contact": 0.0952858, "interconnect": 0.0, "corrosion": 0.0}