{"crack": 0.0071663, "contact": 0.024349, "interconnect": 0.0, "corrosion": 0.0}