{"crack": 0.002706, "contact": 0.0026112, "interconnect": 0.0, "corrosion": 0.0}