{"crack": 0.0008155, "contact": 0.0021435, "interconnect": 0.0, "corrosion": 0.0}