{"crack": 0.0387047, "contact": 0.0285373, "interconnect": 0.0, "corrosion": 0.0}