{"crack": 0.0002634, "contact": 0.0022446, "interconnect": 0.0, "corrosion": 0.0}