{"crack": 0.1034821, "contact": 0.0041854, "interconnect": 0.0, "corrosion": 0.0}