{"crack": 0.0351008, "contact": 0.0008246, "interconnect": 0.0, "corrosion": 0.0}