{"crack": 0.1721088, "contact": 0.1032958, "interconnect": 0.0, "corrosion": 0.0}