{"crack": 0.0, "contact": 0.0108827, "interconnect": 0.0284257, "corrosion": 0.0}