{"crack": 0.0009882, "contact": 0.000678, "interconnect": 0.0, "corrosion": 0.0}