{"crack": 0.0018438, "contact": 0.0073637, "interconnect": 0.0, "corrosion": 0.0}