{"crack": 0.2697631, "contact": 0.1728829, "interconnect": 0.0, "corrosion": 0.0}