{"crack": 0.0103399, "contact": 0.0115115, "interconnect": 0.0, "corrosion": 0.0}