{"crack": 0.1172018, "contact": 0.0019154, "interconnect": 0.0, "corrosion": 0.0}