{"crack": 0.067539, "contact": 0.0469805, "interconnect": 0.0, "corrosion": 0.0}