{"crack": 0.0001425, "contact": 0.0019298, "interconnect": 0.0, "corrosion": 0.0}