{"crack": 0.0031776, "contact": 0.0007767, "interconnect": 0.0, "corrosion": 0.0}