{"crack": 0.0009901, "contact": 0.0005171, "interconnect": 0.0, "corrosion": 0.0}