{"crack": 0.0001251, "contact": 0.0012626, "interconnect": 0.0, "corrosion": 0.0}