{"crack": 0.0250819, "contact": 0.0455114, "interconnect": 0.0, "corrosion": 0.0}