{"crack": 0.0086806, "contact": 0.0006389, "interconnect": 0.0, "corrosion": 0.0}