{"crack": 0.0008455, "contact": 0.000147, "interconnect": 0.0, "corrosion": 0.0}