{"crack": 0.493995, "contact": 0.0033316, "interconnect": 0.0, "corrosion": 0.0}