{"crack": 0.0550383, "contact": 0.0085877, "interconnect": 0.0, "corrosion": 0.0007672}