{"crack": 0.0273616, "contact": 0.0004519, "interconnect": 0.0, "corrosion": 0.0}