{"crack": 0.022918, "contact": 0.0029388, "interconnect": 0.0, "corrosion": 0.0}