{"crack": 0.2115767, "contact": 0.10112, "interconnect": 0.0, "corrosion": 0.0}