{"crack": 0.4739057, "contact": 0.0221471, "interconnect": 0.0, "corrosion": 0.0}