{"crack": 0.0131395, "contact": 0.0001398, "interconnect": 0.0, "corrosion": 0.0}