{"crack": 0.280926, "contact": 0.004732, "interconnect": 0.0, "corrosion": 0.0}