{"crack": 0.5810858, "contact": 0.0065073, "interconnect": 0.0, "corrosion": 0.0}