{"crack": 0.000664, "contact": 0.0021433, "interconnect": 0.0, "corrosion": 0.0}