{"crack": 0.3653484, "contact": 0.004885, "interconnect": 0.0, "corrosion": 0.0}