{"crack": 0.4820235, "contact": 0.0004909, "interconnect": 0.0, "corrosion": 0.0}