{"crack": 0.0927981, "contact": 0.023739, "interconnect": 0.0, "corrosion": 0.0}