{"crack": 0.0747026, "contact": 0.002844, "interconnect": 0.0, "corrosion": 0.0}