{"crack": 0.3398841, "contact": 0.0035388, "interconnect": 0.0, "corrosion": 0.0}