{"crack": 0.0, "contact": 0.0059519, "interconnect": 0.0046796, "corrosion": 0.0}