{"crack": 0.0, "contact": 0.0102145, "interconnect": 0.0071785, "corrosion": 0.0708064}