{"crack": 0.4023424, "contact": 0.012495, "interconnect": 0.0, "corrosion": 0.0}