{"crack": 0.0016831, "contact": 0.0067541, "interconnect": 0.0, "corrosion": 0.0}