{"crack": 0.2276457, "contact": 0.0032611, "interconnect": 0.0, "corrosion": 0.0}