{"crack": 0.0, "contact": 0.0277618, "interconnect": 0.0325442, "corrosion": 0.0}