{"crack": 0.0003728, "contact": 0.0002912, "interconnect": 0.0, "corrosion": 0.0}