{"crack": 0.0429687, "contact": 0.0001504, "interconnect": 0.0, "corrosion": 0.0}