{"crack": 0.2244468, "contact": 0.0019242, "interconnect": 0.0, "corrosion": 0.0}