{"crack": 0.0013629, "contact": 0.0002679, "interconnect": 0.0, "corrosion": 0.0}