{"crack": 0.0001041, "contact": 0.0131325, "interconnect": 0.0, "corrosion": 0.0}