{"crack": 0.0483825, "contact": 0.0638938, "interconnect": 0.0, "corrosion": 0.0}