{"crack": 0.0046334, "contact": 0.0068019, "interconnect": 0.0, "corrosion": 0.0}