{"crack": 0.4298442, "contact": 0.0026111, "interconnect": 0.0, "corrosion": 0.0}