{"crack": 0.2994527, "contact": 0.0093639, "interconnect": 0.0, "corrosion": 0.0}