{"crack": 0.0001695, "contact": 0.0043501, "interconnect": 0.0, "corrosion": 0.0}