{"crack": 0.0127202, "contact": 0.000747, "interconnect": 0.0, "corrosion": 0.0105113}