{"crack": 0.3757213, "contact": 0.0849636, "interconnect": 0.0, "corrosion": 0.0}