{"crack": 0.0004008, "contact": 0.0063674, "interconnect": 0.0, "corrosion": 0.0}