{"crack": 0.0092068, "contact": 0.0002012, "interconnect": 0.0, "corrosion": 0.0}