{"crack": 0.1864793, "contact": 0.0055473, "interconnect": 0.0, "corrosion": 0.0267899}