{"crack": 0.0013866, "contact": 0.0015051, "interconnect": 0.0, "corrosion": 0.0}