{"crack": 0.001937, "contact": 0.0045544, "interconnect": 0.0, "corrosion": 0.0}