{"crack": 0.3281861, "contact": 0.0061333, "interconnect": 0.0, "corrosion": 0.0}