{"crack": 0.5750623, "contact": 0.0377963, "interconnect": 0.0, "corrosion": 0.0}