{"crack": 0.0351395, "contact": 0.0331494, "interconnect": 0.0, "corrosion": 0.0}