{"crack": 0.132779, "contact": 0.0130901, "interconnect": 0.0, "corrosion": 0.0}