{"crack": 0.3790267, "contact": 0.0119096, "interconnect": 0.0, "corrosion": 0.0}