{"crack": 0.0922734, "contact": 0.0022178, "interconnect": 0.0, "corrosion": 0.0}