{"crack": 0.0011681, "contact": 0.0057147, "interconnect": 0.0, "corrosion": 0.0}