{"crack": 0.0054812, "contact": 0.0124448, "interconnect": 0.0, "corrosion": 0.0}