{"crack": 0.0238569, "contact": 0.1177805, "interconnect": 0.0, "corrosion": 0.0}