{"crack": 0.0009997, "contact": 0.0327726, "interconnect": 0.0, "corrosion": 0.0}