{"crack": 0.0, "contact": 0.0128615, "interconnect": 0.0035574, "corrosion": 0.0}