{"crack": 0.1434164, "contact": 0.0239921, "interconnect": 0.0, "corrosion": 0.0}