{"crack": 0.0006843, "contact": 0.0001104, "interconnect": 0.0, "corrosion": 0.0}