{"crack": 0.0032667, "contact": 0.0045639, "interconnect": 0.0, "corrosion": 0.0}