{"crack": 0.0294191, "contact": 0.0036958, "interconnect": 0.0, "corrosion": 0.0}