{"crack": 0.0226981, "contact": 0.0023019, "interconnect": 0.0, "corrosion": 0.0}