{"crack": 0.0355474, "contact": 0.0071232, "interconnect": 0.0, "corrosion": 0.0}