{"crack": 0.1217012, "contact": 0.001365, "interconnect": 0.0, "corrosion": 0.0}