{"crack": 0.4435136, "contact": 0.0626975, "interconnect": 0.0, "corrosion": 0.0}