{"crack": 0.0, "contact": 0.0110861, "interconnect": 0.0003352, "corrosion": 0.0}