{"crack": 0.0, "contact": 0.0170645, "interconnect": 0.0051282, "corrosion": 0.0}