{"crack": 0.2330394, "contact": 0.0127248, "interconnect": 0.030861, "corrosion": 0.0}