{"crack": 0.0017706, "contact": 0.0012347, "interconnect": 0.0, "corrosion": 0.0}