{"crack": 0.1665703, "contact": 0.0188189, "interconnect": 0.0, "corrosion": 0.0}