{"crack": 0.0147977, "contact": 0.1024265, "interconnect": 0.0, "corrosion": 0.0}