{"crack": 0.3603642, "contact": 0.0099269, "interconnect": 0.0, "corrosion": 0.0}