{"crack": 0.0086028, "contact": 0.0419852, "interconnect": 0.0, "corrosion": 0.0}