{"crack": 0.0, "contact": 0.0070856, "interconnect": 0.0028669, "corrosion": 0.0}