{"crack": 0.0027797, "contact": 0.0911447, "interconnect": 0.0, "corrosion": 0.0}