{"crack": 0.4254137, "contact": 0.0094137, "interconnect": 0.0, "corrosion": 0.0}