{"crack": 0.0, "contact": 0.0021579, "interconnect": 0.0225438, "corrosion": 0.0}