{"crack": 0.0009296, "contact": 0.0054757, "interconnect": 0.0, "corrosion": 0.0}