{"crack": 0.2086746, "contact": 0.1027505, "interconnect": 0.0, "corrosion": 0.0}