{"crack": 0.3971664, "contact": 0.0011728, "interconnect": 0.0, "corrosion": 0.0}