{"crack": 0.4823846, "contact": 0.0435769, "interconnect": 0.0, "corrosion": 0.0}