{"crack": 0.0014199, "contact": 0.0019211, "interconnect": 0.0, "corrosion": 0.0}