{"crack": 0.0216866, "contact": 0.0889632, "interconnect": 0.0, "corrosion": 0.0}