{"crack": 0.0153513, "contact": 0.0043143, "interconnect": 0.0, "corrosion": 0.0}