{"crack": 0.0155062, "contact": 0.0292144, "interconnect": 0.0, "corrosion": 0.0}