{"crack": 0.1589363, "contact": 0.0027371, "interconnect": 0.0, "corrosion": 0.0}