{"crack": 0.016076, "contact": 0.0024246, "interconnect": 0.0, "corrosion": 0.0}