{"crack": 0.0005205, "contact": 0.0006645, "interconnect": 0.0, "corrosion": 0.0}