{"crack": 0.3100779, "contact": 0.0034242, "interconnect": 0.0, "corrosion": 0.0}