{"crack": 0.002189, "contact": 0.0024479, "interconnect": 0.0, "corrosion": 0.0}