{"crack": 0.0589054, "contact": 0.0018947, "interconnect": 0.0, "corrosion": 0.0}