{"crack": 0.0012045, "contact": 0.0009211, "interconnect": 0.0, "corrosion": 0.0}