{"crack": 0.0012254, "contact": 0.0011452, "interconnect": 0.0, "corrosion": 0.0}