{"crack": 0.1117864, "contact": 0.0013909, "interconnect": 0.0, "corrosion": 0.0}