{"crack": 0.301231, "contact": 0.1125046, "interconnect": 0.0, "corrosion": 0.0}