{"crack": 0.0039174, "contact": 0.0003167, "interconnect": 0.0, "corrosion": 0.0}