{"crack": 0.0002978, "contact": 0.0068827, "interconnect": 0.0, "corrosion": 0.0}