{"crack": 0.4384471, "contact": 0.0054656, "interconnect": 0.0, "corrosion": 0.0}