{"crack": 0.041514, "contact": 0.0013284, "interconnect": 0.0, "corrosion": 0.0}