{"crack": 0.2511751, "contact": 0.0029603, "interconnect": 0.0, "corrosion": 0.0}