{"crack": 0.0381152, "contact": 0.0485992, "interconnect": 0.0, "corrosion": 0.0}