{"crack": 0.0001153, "contact": 0.006261, "interconnect": 0.0, "corrosion": 0.0}