{"crack": 0.2387589, "contact": 0.0399986, "interconnect": 0.0, "corrosion": 0.0}