{"crack": 0.0005022, "contact": 0.0041774, "interconnect": 0.0, "corrosion": 0.0}