{"crack": 0.3172179, "contact": 0.0823364, "interconnect": 0.0, "corrosion": 0.0}