{"crack": 0.116783, "contact": 0.0790003, "interconnect": 0.0, "corrosion": 0.0}