{"crack": 0.0007584, "contact": 0.0354627, "interconnect": 0.0, "corrosion": 0.0}