{"crack": 0.0133798, "contact": 0.0001299, "interconnect": 0.0, "corrosion": 0.0}