{"crack": 0.3184729, "contact": 0.0501056, "interconnect": 0.0, "corrosion": 0.0}