{"crack": 0.0004077, "contact": 0.0018404, "interconnect": 0.0, "corrosion": 0.0}