{"crack": 0.1792435, "contact": 0.0061383, "interconnect": 0.0, "corrosion": 0.0}