{"crack": 0.0078564, "contact": 0.000102, "interconnect": 0.0, "corrosion": 0.0}