{"crack": 0.0050417, "contact": 0.003125, "interconnect": 0.0, "corrosion": 0.0}