{"crack": 0.0, "contact": 0.0004403, "interconnect": 0.0510749, "corrosion": 0.0}