{"crack": 0.1676492, "contact": 0.0157203, "interconnect": 0.0, "corrosion": 0.0}