{"crack": 0.0005516, "contact": 0.0015283, "interconnect": 0.0, "corrosion": 0.0}