{"crack": 0.0, "contact": 0.0176894, "interconnect": 0.067175, "corrosion": 0.0}