{"crack": 0.0017479, "contact": 0.000685, "interconnect": 0.0, "corrosion": 0.0}