{"crack": 0.0, "contact": 0.0005118, "interconnect": 0.056316, "corrosion": 0.0}