{"crack": 0.0009161, "contact": 0.0001435, "interconnect": 0.0, "corrosion": 0.0}