{"crack": 0.0477031, "contact": 0.3068615, "interconnect": 0.0, "corrosion": 0.0}