{"crack": 0.0123756, "contact": 0.0171051, "interconnect": 0.0, "corrosion": 0.0}