{"crack": 0.1138983, "contact": 0.0017007, "interconnect": 0.0, "corrosion": 0.0}