{"crack": 0.0147611, "contact": 0.0038389, "interconnect": 0.0, "corrosion": 0.0}