{"crack": 0.0196882, "contact": 0.0027849, "interconnect": 0.0, "corrosion": 0.0}