{"crack": 0.0446725, "contact": 0.0010753, "interconnect": 0.0, "corrosion": 0.0}