{"crack": 0.2770333, "contact": 0.0229439, "interconnect": 0.0, "corrosion": 0.0}