{"crack": 0.4482819, "contact": 0.0277455, "interconnect": 0.0, "corrosion": 0.0}