{"crack": 0.2709804, "contact": 0.0209921, "interconnect": 0.0, "corrosion": 0.0}