{"crack": 0.0001747, "contact": 0.0359951, "interconnect": 0.0, "corrosion": 0.0}