{"crack": 0.0010843, "contact": 0.0011071, "interconnect": 0.0, "corrosion": 0.0}