{"crack": 0.0150946, "contact": 0.0020816, "interconnect": 0.0, "corrosion": 0.0}