{"crack": 0.4256727, "contact": 0.010356, "interconnect": 0.0, "corrosion": 0.0}