{"crack": 0.0318251, "contact": 0.0271666, "interconnect": 0.0, "corrosion": 0.0}