{"crack": 0.0408163, "contact": 0.0465203, "interconnect": 0.0, "corrosion": 0.0}