{"crack": 0.2345603, "contact": 0.071643, "interconnect": 0.0, "corrosion": 0.0}