{"crack": 0.0341422, "contact": 0.0565841, "interconnect": 0.0, "corrosion": 0.0}