{"crack": 0.4191391, "contact": 0.0852117, "interconnect": 0.0, "corrosion": 0.0}