{"crack": 0.0028746, "contact": 0.0054971, "interconnect": 0.0, "corrosion": 0.0}