{"crack": 0.0083324, "contact": 0.0019536, "interconnect": 0.0, "corrosion": 0.0}