{"crack": 0.0214017, "contact": 0.0214134, "interconnect": 0.0, "corrosion": 0.0}