{"crack": 0.0069203, "contact": 0.0278943, "interconnect": 0.0, "corrosion": 0.0}