{"crack": 0.0328459, "contact": 0.0329102, "interconnect": 3.03e-05, "corrosion": 6.79e-05}