{"crack": 0.0380531, "contact": 0.0416264, "interconnect": 0.0001249, "corrosion": 0.0011523}