{"crack": 0.0530921, "contact": 0.005497, "interconnect": 0.0, "corrosion": 0.0}