{"crack": 0.2161325, "contact": 0.0639245, "interconnect": 0.0, "corrosion": 0.0}