{"crack": 0.0014538, "contact": 0.0037005, "interconnect": 0.0, "corrosion": 0.0}