{"crack": 0.1505383, "contact": 0.0005726, "interconnect": 0.0, "corrosion": 0.0}