{"crack": 0.0582975, "contact": 0.0026609, "interconnect": 0.0, "corrosion": 0.0}