{"crack": 0.5610654, "contact": 0.0407488, "interconnect": 0.0, "corrosion": 0.0}