{"crack": 0.5117363, "contact": 0.0178927, "interconnect": 0.0, "corrosion": 0.0}