{"crack": 0.000217, "contact": 0.001881, "interconnect": 0.0, "corrosion": 0.0}