{"crack": 0.0022783, "contact": 0.0160715, "interconnect": 0.0, "corrosion": 0.0}