{"crack": 0.5184842, "contact": 0.0047986, "interconnect": 0.0, "corrosion": 0.0}