{"crack": 0.3008932, "contact": 0.0487746, "interconnect": 0.0, "corrosion": 0.0}