{"crack": 0.0, "contact": 0.0092276, "interconnect": 0.0061712, "corrosion": 0.0}