{"crack": 0.5292422, "contact": 0.011796, "interconnect": 0.0, "corrosion": 0.0}