{"crack": 0.2322576, "contact": 0.0151046, "interconnect": 0.0, "corrosion": 0.0}