{"crack": 0.0894396, "contact": 0.029308, "interconnect": 0.0, "corrosion": 0.0}