{"crack": 0.0714742, "contact": 0.0093594, "interconnect": 0.0, "corrosion": 0.0}