{"crack": 0.3142874, "contact": 0.0146612, "interconnect": 0.0, "corrosion": 0.0}