{"crack": 0.0013904, "contact": 0.0032405, "interconnect": 0.0, "corrosion": 0.0}