{"crack": 0.5232567, "contact": 0.0004727, "interconnect": 0.0, "corrosion": 0.0}