{"crack": 0.0, "contact": 0.0009944, "interconnect": 0.0405516, "corrosion": 0.0}