{"crack": 0.3127966, "contact": 0.1222853, "interconnect": 0.0, "corrosion": 0.0}