{"crack": 0.0, "contact": 0.0134371, "interconnect": 0.0106082, "corrosion": 0.0}