{"crack": 0.0085715, "contact": 0.0022713, "interconnect": 0.0, "corrosion": 0.0}