{"crack": 0.0001067, "contact": 0.0082358, "interconnect": 0.0, "corrosion": 0.0}