{"crack": 0.2946315, "contact": 0.0016702, "interconnect": 0.0, "corrosion": 0.0}