{"crack": 0.4099516, "contact": 0.0300863, "interconnect": 0.0, "corrosion": 0.0}