{"crack": 0.6770634, "contact": 0.0044931, "interconnect": 0.0, "corrosion": 0.0}