{"crack": 0.1608374, "contact": 0.025475, "interconnect": 0.0, "corrosion": 0.0}