{"crack": 0.5323061, "contact": 0.0047937, "interconnect": 0.0, "corrosion": 0.0}