{"crack": 0.0003217, "contact": 0.0043781, "interconnect": 0.0, "corrosion": 0.0}