{"crack": 0.0022028, "contact": 0.005022, "interconnect": 0.0, "corrosion": 0.0}