{"crack": 0.0, "contact": 0.004162, "interconnect": 0.004595, "corrosion": 0.0}