{"crack": 0.0001145, "contact": 0.0038365, "interconnect": 0.0, "corrosion": 0.0}