{"crack": 0.0084587, "contact": 0.0027996, "interconnect": 0.0, "corrosion": 0.0}