{"crack": 0.0005044, "contact": 0.0059428, "interconnect": 0.0, "corrosion": 0.0}