{"crack": 0.0451548, "contact": 0.000671, "interconnect": 0.0, "corrosion": 0.0}