{"crack": 0.0, "contact": 0.0002972, "interconnect": 0.0006222, "corrosion": 0.0}