{"crack": 0.1380244, "contact": 0.0042201, "interconnect": 0.0, "corrosion": 0.0}