{"crack": 0.0001141, "contact": 0.0922445, "interconnect": 0.0, "corrosion": 0.0}