{"crack": 0.000836, "contact": 0.0056574, "interconnect": 0.0, "corrosion": 0.0}