{"crack": 0.3623824, "contact": 0.0236436, "interconnect": 0.0, "corrosion": 0.0}