{"crack": 0.0886824, "contact": 0.1297552, "interconnect": 0.0, "corrosion": 0.0}