{"crack": 0.230222, "contact": 0.0142604, "interconnect": 0.0, "corrosion": 0.0}