{"crack": 0.0681974, "contact": 0.0045923, "interconnect": 0.0, "corrosion": 0.0}