{"crack": 0.0019404, "contact": 0.0861601, "interconnect": 0.0, "corrosion": 0.0}