{"crack": 0.0362628, "contact": 0.0002191, "interconnect": 0.0, "corrosion": 0.0}