{"crack": 0.0, "contact": 0.0251012, "interconnect": 0.0534935, "corrosion": 0.0}