{"crack": 0.2692184, "contact": 0.0117073, "interconnect": 0.0, "corrosion": 0.0}