{"crack": 0.0038136, "contact": 0.0016262, "interconnect": 0.0, "corrosion": 0.0}