{"crack": 0.3244655, "contact": 0.0014931, "interconnect": 0.0, "corrosion": 0.0}