{"crack": 0.0029362, "contact": 0.0857055, "interconnect": 0.0, "corrosion": 0.0}