{"crack": 0.1721329, "contact": 0.0863645, "interconnect": 0.0, "corrosion": 0.0}