{"crack": 0.0001153, "contact": 0.0128909, "interconnect": 0.0, "corrosion": 0.0}