{"crack": 0.5783015, "contact": 0.000644, "interconnect": 0.0, "corrosion": 0.0}