{"crack": 0.0018552, "contact": 0.0018094, "interconnect": 0.0, "corrosion": 0.0}