{"crack": 0.0003153, "contact": 0.0018919, "interconnect": 0.0, "corrosion": 0.0}