{"crack": 0.0, "contact": 0.0684377, "interconnect": 0.0002992, "corrosion": 0.0}