{"crack": 0.1463738, "contact": 0.0015335, "interconnect": 0.0, "corrosion": 0.0}