{"crack": 0.1647271, "contact": 0.0131749, "interconnect": 0.0, "corrosion": 0.0}