{"crack": 0.0, "contact": 0.025327, "interconnect": 0.0027929, "corrosion": 0.0}