{"crack": 0.1977554, "contact": 0.0016377, "interconnect": 0.0, "corrosion": 0.0}