{"crack": 0.093973, "contact": 0.0059063, "interconnect": 0.0, "corrosion": 0.0}