{"crack": 0.4019701, "contact": 0.0016039, "interconnect": 0.0, "corrosion": 0.0}