{"crack": 0.1165454, "contact": 0.0932387, "interconnect": 0.0, "corrosion": 0.0}