{"crack": 0.5488369, "contact": 0.0299357, "interconnect": 0.0, "corrosion": 0.0}