{"crack": 0.1517663, "contact": 0.0005935, "interconnect": 0.0, "corrosion": 0.0}