{"crack": 0.0173691, "contact": 0.0598219, "interconnect": 0.0, "corrosion": 0.0}