{"crack": 0.0218069, "contact": 0.0028664, "interconnect": 0.0, "corrosion": 0.0}