{"crack": 0.4281327, "contact": 0.0041974, "interconnect": 0.0, "corrosion": 0.0}