{"crack": 0.3239006, "contact": 0.0168346, "interconnect": 0.0, "corrosion": 0.0}