{"crack": 0.0073451, "contact": 0.0173539, "interconnect": 0.0, "corrosion": 0.0}