{"crack": 0.3838808, "contact": 0.115979, "interconnect": 0.0, "corrosion": 0.0}