{"crack": 0.4459184, "contact": 0.050692, "interconnect": 0.0, "corrosion": 0.0}