{"crack": 0.0002519, "contact": 0.0008704, "interconnect": 0.0, "corrosion": 0.0}