{"crack": 0.0004195, "contact": 0.0013688, "interconnect": 0.0, "corrosion": 0.0}