{"crack": 0.0885451, "contact": 0.0024798, "interconnect": 0.0, "corrosion": 0.0}