{"crack": 0.0073417, "contact": 0.0043444, "interconnect": 0.0, "corrosion": 0.0}