{"crack": 0.0767677, "contact": 0.0999943, "interconnect": 0.0, "corrosion": 0.0}