{"crack": 0.0642623, "contact": 0.0019939, "interconnect": 0.0, "corrosion": 0.0}