{"crack": 0.0007424, "contact": 0.0002754, "interconnect": 0.0, "corrosion": 0.0}