{"crack": 0.314335, "contact": 0.0004826, "interconnect": 0.0, "corrosion": 0.0}