{"crack": 0.0118415, "contact": 0.039464, "interconnect": 0.0, "corrosion": 0.0}