{"crack": 0.0273352, "contact": 0.002374, "interconnect": 0.0, "corrosion": 0.0}