{"crack": 0.0134429, "contact": 0.0011725, "interconnect": 0.0, "corrosion": 0.0}