{"crack": 0.0002547, "contact": 0.0006312, "interconnect": 0.0, "corrosion": 0.0}