{"crack": 0.0257997, "contact": 0.000243, "interconnect": 0.0, "corrosion": 0.0}