{"crack": 0.1642371, "contact": 0.0009487, "interconnect": 0.0, "corrosion": 0.0}