{"crack": 0.1526287, "contact": 0.0268766, "interconnect": 0.0, "corrosion": 0.0}