{"crack": 0.0086129, "contact": 0.0038395, "interconnect": 0.0, "corrosion": 0.0}