{"crack": 0.2504252, "contact": 0.0002511, "interconnect": 0.0, "corrosion": 0.0}