{"crack": 0.4829943, "contact": 0.0263673, "interconnect": 0.0, "corrosion": 0.0}