{"crack": 0.0078678, "contact": 0.011915, "interconnect": 0.0, "corrosion": 0.0}