{"crack": 0.0025193, "contact": 0.1455721, "interconnect": 0.0, "corrosion": 0.0}