{"crack": 0.2442384, "contact": 0.0087021, "interconnect": 0.0, "corrosion": 0.0}