{"crack": 0.3670772, "contact": 0.1362303, "interconnect": 0.0, "corrosion": 0.0}