{"crack": 0.2151634, "contact": 0.0268535, "interconnect": 0.0, "corrosion": 0.0}