{"crack": 0.2306406, "contact": 0.0008994, "interconnect": 0.0, "corrosion": 0.0}