{"crack": 0.0219423, "contact": 0.0032982, "interconnect": 0.0, "corrosion": 0.0}