{"crack": 0.000518, "contact": 0.0015178, "interconnect": 0.0, "corrosion": 0.0}