{"crack": 0.1371768, "contact": 0.0059667, "interconnect": 0.0, "corrosion": 0.0}