{"crack": 0.0311459, "contact": 0.0452726, "interconnect": 0.0, "corrosion": 0.0}