{"crack": 0.0, "contact": 0.0011497, "interconnect": 0.0, "corrosion": 0.1404194}