{"crack": 0.0002283, "contact": 0.0015636, "interconnect": 0.0, "corrosion": 0.0}