{"crack": 0.0179358, "contact": 0.0006607, "interconnect": 5.57e-05, "corrosion": 0.0227289}