{"crack": 0.0598492, "contact": 0.0046483, "interconnect": 0.0, "corrosion": 0.0}