{"crack": 0.5714464, "contact": 0.0015356, "interconnect": 0.0, "corrosion": 0.0}