{"crack": 0.0658648, "contact": 0.0458541, "interconnect": 0.0, "corrosion": 0.0}