{"crack": 0.1342743, "contact": 0.0004975, "interconnect": 0.0, "corrosion": 0.0}