{"crack": 0.1240969, "contact": 0.0035302, "interconnect": 0.0, "corrosion": 0.0}