{"crack": 0.1787174, "contact": 0.0959413, "interconnect": 0.0, "corrosion": 0.0}