{"crack": 0.2165728, "contact": 0.145848, "interconnect": 0.0, "corrosion": 0.0}