{"crack": 0.012414, "contact": 0.0019321, "interconnect": 0.0, "corrosion": 0.0}