{"crack": 0.009448, "contact": 0.0021874, "interconnect": 0.0, "corrosion": 0.0}