{"crack": 0.028119, "contact": 0.0028551, "interconnect": 0.0, "corrosion": 0.0}