{"crack": 0.4435048, "contact": 0.0017466, "interconnect": 0.0, "corrosion": 0.0}