{"crack": 0.3015585, "contact": 0.0002765, "interconnect": 0.0, "corrosion": 0.0}