{"crack": 0.0091455, "contact": 0.0029916, "interconnect": 0.0, "corrosion": 0.0}