{"crack": 0.0012597, "contact": 0.0036761, "interconnect": 0.0, "corrosion": 0.0}