{"crack": 0.1921043, "contact": 0.0076494, "interconnect": 0.0, "corrosion": 0.0}