{"crack": 0.0003424, "contact": 0.0002511, "interconnect": 0.0, "corrosion": 0.0}