{"crack": 0.0178133, "contact": 0.0015015, "interconnect": 0.0, "corrosion": 0.0}