{"crack": 0.0, "contact": 0.0017658, "interconnect": 0.0, "corrosion": 0.0392458}