{"crack": 0.4562984, "contact": 0.1314333, "interconnect": 0.0, "corrosion": 0.0}