{"crack": 0.1064764, "contact": 0.0021488, "interconnect": 0.0, "corrosion": 0.0}