{"crack": 0.0001322, "contact": 0.0028118, "interconnect": 0.0, "corrosion": 0.0}