{"crack": 0.12595, "contact": 0.0336953, "interconnect": 0.0, "corrosion": 0.0}