{"crack": 0.0, "contact": 0.013228, "interconnect": 0.0043029, "corrosion": 0.0040333}