{"crack": 0.0002666, "contact": 0.0210333, "interconnect": 0.0077326, "corrosion": 0.0}