{"crack": 0.0031886, "contact": 0.0010703, "interconnect": 0.0, "corrosion": 0.0}