{"crack": 0.1704926, "contact": 0.0284576, "interconnect": 0.0, "corrosion": 0.0}