{"crack": 0.0, "contact": 0.008242, "interconnect": 0.0655757, "corrosion": 0.0}