{"crack": 0.0710596, "contact": 0.0024559, "interconnect": 0.0, "corrosion": 0.0}