{"crack": 0.4730306, "contact": 0.0015105, "interconnect": 0.0, "corrosion": 0.0}