{"crack": 0.0030451, "contact": 0.0098364, "interconnect": 0.0, "corrosion": 0.0}