{"crack": 0.0479073, "contact": 0.002479, "interconnect": 0.0, "corrosion": 0.0}