{"crack": 0.0024343, "contact": 0.0018641, "interconnect": 0.0, "corrosion": 0.0}