{"crack": 0.1577797, "contact": 0.0021623, "interconnect": 0.0, "corrosion": 0.0}