{"crack": 0.1174224, "contact": 0.001544, "interconnect": 0.0, "corrosion": 0.0}