{"crack": 0.4155407, "contact": 0.0373446, "interconnect": 0.0, "corrosion": 0.0}