{"crack": 0.1326386, "contact": 0.0501603, "interconnect": 0.0, "corrosion": 0.0}