{"crack": 0.151235, "contact": 0.0031353, "interconnect": 0.0, "corrosion": 0.0}