{"crack": 0.000387, "contact": 0.0003753, "interconnect": 0.0, "corrosion": 0.0}