{"crack": 0.0560638, "contact": 0.0070959, "interconnect": 0.0, "corrosion": 0.0}