{"crack": 0.1906186, "contact": 0.0377606, "interconnect": 0.0, "corrosion": 0.0}