{"crack": 0.1619379, "contact": 0.0093491, "interconnect": 0.0, "corrosion": 0.0038609}