{"crack": 0.0743534, "contact": 0.0042054, "interconnect": 0.0, "corrosion": 0.0}