{"crack": 0.0163815, "contact": 0.1030961, "interconnect": 0.0, "corrosion": 0.0}