{"crack": 0.0002097, "contact": 0.002031, "interconnect": 0.0, "corrosion": 0.0}