{"crack": 0.0, "contact": 0.0083139, "interconnect": 0.0041958, "corrosion": 0.0}