{"crack": 0.2975446, "contact": 0.0029662, "interconnect": 0.0, "corrosion": 0.0}