{"crack": 0.5369915, "contact": 0.0019679, "interconnect": 0.0, "corrosion": 0.0}