{"crack": 0.0019745, "contact": 0.00323, "interconnect": 0.0, "corrosion": 0.0}