{"crack": 0.3055903, "contact": 0.0013215, "interconnect": 0.0, "corrosion": 0.0}