{"crack": 0.0025297, "contact": 0.0003614, "interconnect": 0.0, "corrosion": 0.0}