{"crack": 0.0881181, "contact": 0.0068609, "interconnect": 0.0, "corrosion": 0.0}