{"crack": 0.3815981, "contact": 0.0944812, "interconnect": 0.0, "corrosion": 0.0}