{"crack": 0.0002863, "contact": 0.0034357, "interconnect": 0.0, "corrosion": 0.0}