{"crack": 0.0015002, "contact": 0.001672, "interconnect": 0.0, "corrosion": 0.0}