{"crack": 0.079869, "contact": 0.0106393, "interconnect": 0.0, "corrosion": 0.0}