{"crack": 0.0108849, "contact": 0.0132043, "interconnect": 0.0, "corrosion": 0.0}