{"crack": 0.0285387, "contact": 0.0442167, "interconnect": 0.0, "corrosion": 0.0}