{"crack": 0.2120682, "contact": 0.021488, "interconnect": 0.0001748, "corrosion": 0.0}