{"crack": 0.0634366, "contact": 0.0033556, "interconnect": 0.0, "corrosion": 0.0}