{"crack": 0.007453, "contact": 0.0002283, "interconnect": 0.0, "corrosion": 0.0}