{"crack": 0.0519577, "contact": 0.0007323, "interconnect": 0.0, "corrosion": 0.0}