{"crack": 0.024297, "contact": 0.0024798, "interconnect": 0.0, "corrosion": 0.0}