{"crack": 0.0004281, "contact": 0.0001851, "interconnect": 0.0, "corrosion": 0.0}