{"crack": 0.3233735, "contact": 0.013338, "interconnect": 0.0, "corrosion": 0.0}