{"crack": 0.5336409, "contact": 0.0391972, "interconnect": 0.0, "corrosion": 0.0}