{"crack": 0.0834958, "contact": 0.0484537, "interconnect": 0.0, "corrosion": 0.0}