{"crack": 0.2500114, "contact": 0.0834243, "interconnect": 0.0, "corrosion": 0.0}