{"crack": 0.089233, "contact": 0.1113597, "interconnect": 0.0, "corrosion": 0.0}