{"crack": 0.0206788, "contact": 0.0395609, "interconnect": 0.0003153, "corrosion": 0.001724}