{"crack": 0.2360474, "contact": 0.0197373, "interconnect": 0.0, "corrosion": 0.0}