{"crack": 0.0223241, "contact": 0.0020432, "interconnect": 0.0, "corrosion": 0.0}