{"crack": 0.006779, "contact": 0.0220687, "interconnect": 0.0, "corrosion": 0.0001105}