{"crack": 0.2708959, "contact": 0.0125921, "interconnect": 0.0, "corrosion": 0.0}