{"crack": 0.0097458, "contact": 0.0009047, "interconnect": 0.0, "corrosion": 0.0}