{"crack": 0.000187, "contact": 0.0042078, "interconnect": 0.0, "corrosion": 0.0}