{"crack": 0.0546839, "contact": 0.0051306, "interconnect": 0.0, "corrosion": 0.0}