{"crack": 0.5741657, "contact": 0.0040083, "interconnect": 0.0, "corrosion": 0.0}