{"crack": 0.0356492, "contact": 0.0024662, "interconnect": 0.0, "corrosion": 0.0}