{"crack": 0.0486324, "contact": 0.0227199, "interconnect": 0.0, "corrosion": 0.0}