{"crack": 0.0110513, "contact": 0.0038708, "interconnect": 0.0, "corrosion": 0.0}