{"crack": 0.3326053, "contact": 0.0064155, "interconnect": 0.0, "corrosion": 0.0}