{"crack": 0.0753218, "contact": 0.064267, "interconnect": 0.0, "corrosion": 0.0}