{"crack": 0.3537994, "contact": 0.0058525, "interconnect": 0.0, "corrosion": 0.0}