{"crack": 0.0878503, "contact": 0.004223, "interconnect": 0.0, "corrosion": 0.0}