{"crack": 0.0003196, "contact": 0.0038578, "interconnect": 0.0, "corrosion": 0.0}