{"crack": 0.0986122, "contact": 0.0110909, "interconnect": 0.0, "corrosion": 0.0}