{"crack": 0.0652184, "contact": 0.0179074, "interconnect": 0.0, "corrosion": 0.0}