{"crack": 0.3909694, "contact": 0.0483241, "interconnect": 0.0, "corrosion": 0.0}