{"crack": 0.3962258, "contact": 0.0336132, "interconnect": 0.0, "corrosion": 0.0}