{"crack": 0.0002658, "contact": 0.0014951, "interconnect": 0.0, "corrosion": 0.0}