{"crack": 0.137933, "contact": 0.0469098, "interconnect": 0.0, "corrosion": 0.0}