{"crack": 0.0001197, "contact": 0.000467, "interconnect": 0.0, "corrosion": 0.0}