{"crack": 0.0949469, "contact": 0.0080375, "interconnect": 0.0, "corrosion": 0.0}