{"crack": 0.0278091, "contact": 0.0324419, "interconnect": 0.0, "corrosion": 0.0}