{"crack": 0.0782093, "contact": 0.0053761, "interconnect": 0.0, "corrosion": 0.0}