{"crack": 0.2061263, "contact": 0.0006892, "interconnect": 0.0, "corrosion": 0.0}