{"crack": 0.0, "contact": 0.0033593, "interconnect": 0.0780713, "corrosion": 0.0}