{"crack": 0.0411498, "contact": 0.0233205, "interconnect": 0.0, "corrosion": 0.0}