{"crack": 0.0156944, "contact": 0.0010156, "interconnect": 0.0, "corrosion": 0.0}