{"crack": 0.0001474, "contact": 0.0046141, "interconnect": 0.0, "corrosion": 0.0}