{"crack": 0.03414, "contact": 0.0030911, "interconnect": 0.0, "corrosion": 0.0}