{"crack": 0.1740113, "contact": 0.0002739, "interconnect": 0.0, "corrosion": 0.0}