{"crack": 0.0171195, "contact": 0.0429633, "interconnect": 0.0, "corrosion": 0.0}