{"crack": 0.0383268, "contact": 0.0006277, "interconnect": 0.0, "corrosion": 0.0}