{"crack": 0.2764211, "contact": 0.0050156, "interconnect": 0.0, "corrosion": 0.0}