{"crack": 0.011539, "contact": 0.0010386, "interconnect": 0.0, "corrosion": 0.0}