{"crack": 0.4521305, "contact": 0.0037498, "interconnect": 0.0, "corrosion": 0.0}