{"crack": 0.0035852, "contact": 0.0027579, "interconnect": 0.0, "corrosion": 0.0}