{"crack": 0.5301782, "contact": 0.0036359, "interconnect": 0.0, "corrosion": 0.0}