{"crack": 0.0006896, "contact": 0.0236342, "interconnect": 0.0, "corrosion": 0.0}