{"crack": 0.2661589, "contact": 0.0001718, "interconnect": 0.0, "corrosion": 0.0}