{"crack": 0.0237892, "contact": 0.0030924, "interconnect": 0.0, "corrosion": 0.0}