{"crack": 0.0006413, "contact": 0.0037631, "interconnect": 0.0, "corrosion": 0.0}