{"crack": 0.0079262, "contact": 0.0020637, "interconnect": 0.0, "corrosion": 0.0}