{"crack": 0.0281271, "contact": 0.0094291, "interconnect": 0.0, "corrosion": 0.0012651}