{"crack": 0.0023542, "contact": 0.0026151, "interconnect": 0.0, "corrosion": 0.0}