{"crack": 0.2583164, "contact": 0.1601678, "interconnect": 0.0, "corrosion": 0.0}