{"crack": 0.0186214, "contact": 0.0062148, "interconnect": 0.0, "corrosion": 0.0}