{"crack": 0.1092619, "contact": 0.0052543, "interconnect": 0.0, "corrosion": 0.0}