{"crack": 0.4662276, "contact": 0.0090241, "interconnect": 0.0, "corrosion": 0.0}