{"crack": 0.0407225, "contact": 0.0766903, "interconnect": 0.0, "corrosion": 0.0}