{"crack": 0.009559, "contact": 0.0872273, "interconnect": 0.0, "corrosion": 0.0}