{"crack": 0.1482084, "contact": 0.0001706, "interconnect": 0.0, "corrosion": 0.0}