{"crack": 0.001564, "contact": 0.0064014, "interconnect": 0.0, "corrosion": 0.0022914}