{"crack": 0.0021077, "contact": 0.0001916, "interconnect": 0.0, "corrosion": 0.0}