{"crack": 0.0135009, "contact": 0.0895266, "interconnect": 0.0, "corrosion": 0.0}