{"crack": 0.001797, "contact": 0.0564563, "interconnect": 0.0, "corrosion": 0.0}