{"crack": 0.0744393, "contact": 0.0079895, "interconnect": 0.0, "corrosion": 0.0}