{"crack": 0.0657405, "contact": 0.0010802, "interconnect": 0.0, "corrosion": 0.0}