{"crack": 0.0287159, "contact": 0.037978, "interconnect": 0.0, "corrosion": 0.0}