{"crack": 0.226386, "contact": 0.0002306, "interconnect": 0.0, "corrosion": 0.0}