{"crack": 0.4781257, "contact": 0.0352803, "interconnect": 0.0, "corrosion": 0.0}