{"crack": 0.0003655, "contact": 0.0037653, "interconnect": 0.0, "corrosion": 0.0}