{"crack": 0.0565608, "contact": 0.1305258, "interconnect": 0.0, "corrosion": 0.0}