{"crack": 0.4345036, "contact": 0.0108637, "interconnect": 0.0, "corrosion": 0.0}