{"crack": 0.2678424, "contact": 0.0008475, "interconnect": 0.0, "corrosion": 0.0}