{"crack": 0.3019505, "contact": 0.0004503, "interconnect": 0.0, "corrosion": 0.0}