{"crack": 0.0934685, "contact": 0.0028613, "interconnect": 0.0, "corrosion": 0.0}