{"crack": 0.0538035, "contact": 0.0234563, "interconnect": 0.0, "corrosion": 0.0}