{"crack": 0.0003838, "contact": 0.0048794, "interconnect": 0.0, "corrosion": 0.0}