{"crack": 0.1559357, "contact": 0.0121124, "interconnect": 0.0, "corrosion": 0.0}