{"crack": 0.3497062, "contact": 0.0004926, "interconnect": 0.0, "corrosion": 0.0}