{"crack": 0.1978699, "contact": 0.0027943, "interconnect": 0.0, "corrosion": 0.0}