{"crack": 0.1202611, "contact": 0.1035882, "interconnect": 0.0, "corrosion": 0.0}