{"crack": 0.2496736, "contact": 0.1640212, "interconnect": 0.0, "corrosion": 0.0}