{"crack": 0.0003753, "contact": 0.04559, "interconnect": 0.0, "corrosion": 0.0}