{"crack": 0.036259, "contact": 0.0020124, "interconnect": 0.0, "corrosion": 0.0}