{"crack": 0.030302, "contact": 0.0049641, "interconnect": 0.0, "corrosion": 0.0}