{"crack": 0.0979878, "contact": 0.3904575, "interconnect": 0.0, "corrosion": 0.0}