{"crack": 0.5007415, "contact": 0.1004049, "interconnect": 0.0, "corrosion": 0.0}