{"crack": 0.0246892, "contact": 0.0295801, "interconnect": 0.0, "corrosion": 0.0}