{"crack": 0.2668805, "contact": 0.0205546, "interconnect": 0.0, "corrosion": 0.0}