{"crack": 0.0315562, "contact": 0.0004272, "interconnect": 0.0015095, "corrosion": 0.0}