{"crack": 0.0306303, "contact": 0.0353961, "interconnect": 0.0, "corrosion": 0.0}