{"crack": 0.1745421, "contact": 0.0140826, "interconnect": 0.0, "corrosion": 0.0}