{"crack": 0.0057858, "contact": 0.0004765, "interconnect": 0.0, "corrosion": 0.0}