{"crack": 0.0901925, "contact": 0.0152994, "interconnect": 0.0, "corrosion": 0.0}