{"crack": 0.0007558, "contact": 0.0033555, "interconnect": 0.0, "corrosion": 0.0}