{"crack": 0.0687369, "contact": 0.0046088, "interconnect": 0.0, "corrosion": 0.0}