{"crack": 0.0010192, "contact": 0.0087609, "interconnect": 0.0, "corrosion": 0.0}