{"crack": 0.0, "contact": 0.0144522, "interconnect": 0.0006216, "corrosion": 0.0}