{"crack": 0.1990661, "contact": 0.000392, "interconnect": 0.0, "corrosion": 0.0}