{"crack": 0.0, "contact": 0.0057226, "interconnect": 0.0024662, "corrosion": 0.0}