{"crack": 0.3136966, "contact": 0.0637609, "interconnect": 0.0, "corrosion": 0.0}