{"crack": 0.5772031, "contact": 0.0232629, "interconnect": 0.0, "corrosion": 0.0}