{"crack": 0.0247423, "contact": 0.1335822, "interconnect": 0.0, "corrosion": 0.0}