{"crack": 0.0078639, "contact": 0.0009359, "interconnect": 0.0, "corrosion": 0.0}