{"crack": 0.0555722, "contact": 0.0299986, "interconnect": 0.0, "corrosion": 0.0}