{"crack": 0.0457921, "contact": 0.03898, "interconnect": 0.0, "corrosion": 0.0}