{"crack": 0.2323487, "contact": 0.0058114, "interconnect": 0.0, "corrosion": 0.0}