{"crack": 0.0009461, "contact": 0.0016598, "interconnect": 0.0, "corrosion": 0.0}