{"crack": 0.5814272, "contact": 0.002922, "interconnect": 0.0, "corrosion": 0.0}