{"crack": 0.1249215, "contact": 0.0004109, "interconnect": 0.0, "corrosion": 0.0}