{"crack": 0.0408249, "contact": 0.0363545, "interconnect": 0.0, "corrosion": 0.0}