{"crack": 0.3599202, "contact": 0.1087561, "interconnect": 0.0, "corrosion": 0.0}