{"crack": 0.1093737, "contact": 0.0152372, "interconnect": 0.0, "corrosion": 0.0}