{"crack": 0.1978114, "contact": 0.0101124, "interconnect": 0.0, "corrosion": 0.0}