{"crack": 0.0199153, "contact": 0.0017064, "interconnect": 0.0, "corrosion": 0.0}