{"crack": 0.0505929, "contact": 0.0047203, "interconnect": 0.0, "corrosion": 0.0}