{"crack": 0.2743192, "contact": 0.0028402, "interconnect": 0.0, "corrosion": 0.0}