{"crack": 0.0, "contact": 0.0031517, "interconnect": 0.0006795, "corrosion": 0.0}