{"crack": 0.0235899, "contact": 1.47e-05, "interconnect": 0.0, "corrosion": 0.0007637}