{"crack": 0.0955409, "contact": 0.0115573, "interconnect": 0.0, "corrosion": 0.0}