{"crack": 0.046831, "contact": 0.0026975, "interconnect": 0.0, "corrosion": 0.0}