{"crack": 0.0012525, "contact": 0.0019717, "interconnect": 0.0, "corrosion": 0.0}