{"crack": 0.0006174, "contact": 0.0028189, "interconnect": 0.0, "corrosion": 0.0}