{"crack": 0.0181061, "contact": 0.0088853, "interconnect": 0.0, "corrosion": 0.0012611}