{"crack": 0.0209288, "contact": 0.0102272, "interconnect": 0.0, "corrosion": 0.0}