{"crack": 0.0011146, "contact": 0.0080093, "interconnect": 0.0, "corrosion": 0.0}