{"crack": 0.2355591, "contact": 0.0011717, "interconnect": 0.0, "corrosion": 0.0}