{"crack": 0.0022636, "contact": 0.0084175, "interconnect": 0.0, "corrosion": 0.0}