{"crack": 0.0094909, "contact": 0.0104259, "interconnect": 0.0, "corrosion": 0.0}