{"crack": 0.0, "contact": 0.0005961, "interconnect": 0.0, "corrosion": 0.0797317}