{"crack": 0.2079605, "contact": 0.0018448, "interconnect": 0.0, "corrosion": 0.0}