{"crack": 0.1257643, "contact": 0.002216, "interconnect": 0.0, "corrosion": 0.0}