{"crack": 0.0005961, "contact": 0.0009468, "interconnect": 0.0, "corrosion": 0.0}