{"crack": 0.0002571, "contact": 0.0289057, "interconnect": 0.0, "corrosion": 0.0}