{"crack": 0.0132861, "contact": 0.0006408, "interconnect": 0.0002563, "corrosion": 0.0049556}