{"crack": 0.0006642, "contact": 0.0039853, "interconnect": 0.0, "corrosion": 0.0}