{"crack": 0.0890315, "contact": 0.0124029, "interconnect": 0.0, "corrosion": 0.0}