{"crack": 0.0557325, "contact": 0.0051247, "interconnect": 0.0, "corrosion": 0.0}