{"crack": 0.0019671, "contact": 0.0422917, "interconnect": 0.0, "corrosion": 0.0}