{"crack": 0.3518746, "contact": 0.0035945, "interconnect": 0.0, "corrosion": 0.0}