{"crack": 0.2632022, "contact": 0.0045936, "interconnect": 0.0, "corrosion": 0.0}