{"crack": 0.0042431, "contact": 0.0076096, "interconnect": 0.0, "corrosion": 0.0}