{"crack": 0.2319516, "contact": 0.0439705, "interconnect": 0.0, "corrosion": 0.0}