{"crack": 0.0026569, "contact": 0.0030348, "interconnect": 0.0, "corrosion": 0.0}