{"crack": 0.0085938, "contact": 0.0030565, "interconnect": 0.0, "corrosion": 0.0}