{"crack": 0.0, "contact": 0.0306245, "interconnect": 0.0005727, "corrosion": 0.0}