{"crack": 0.2749237, "contact": 0.1496012, "interconnect": 0.0, "corrosion": 0.0}