{"crack": 0.0114239, "contact": 0.0238213, "interconnect": 0.0, "corrosion": 0.0}