{"crack": 0.2593882, "contact": 0.0035163, "interconnect": 0.0, "corrosion": 0.0}