{"crack": 0.0013992, "contact": 0.001001, "interconnect": 0.0, "corrosion": 0.0}