{"crack": 0.2410107, "contact": 0.0003437, "interconnect": 0.0, "corrosion": 0.0}