{"crack": 0.0062563, "contact": 0.00182, "interconnect": 0.0, "corrosion": 0.0}