{"crack": 0.0004908, "contact": 0.0028306, "interconnect": 0.0, "corrosion": 0.0}