{"crack": 0.2581784, "contact": 0.000592, "interconnect": 0.0, "corrosion": 0.0}