{"crack": 0.4342187, "contact": 0.1003979, "interconnect": 0.0, "corrosion": 0.0}