{"crack": 0.073135, "contact": 0.0056728, "interconnect": 0.0, "corrosion": 0.0}