{"crack": 0.416014, "contact": 0.1017066, "interconnect": 0.0, "corrosion": 0.0}