{"crack": 0.3186219, "contact": 0.049576, "interconnect": 0.0, "corrosion": 0.0}