{"crack": 0.1499444, "contact": 0.0837833, "interconnect": 0.0054639, "corrosion": 0.0}