{"crack": 0.4012618, "contact": 0.0243745, "interconnect": 0.0, "corrosion": 0.0}