{"crack": 0.0164141, "contact": 0.0080194, "interconnect": 0.0, "corrosion": 0.0}