{"crack": 0.01804, "contact": 0.0017761, "interconnect": 0.0, "corrosion": 0.0}