{"crack": 0.0004137, "contact": 0.005757, "interconnect": 0.0, "corrosion": 0.0}