{"crack": 0.0004565, "contact": 0.0012327, "interconnect": 0.0, "corrosion": 0.0}