{"crack": 0.0003792, "contact": 0.0139846, "interconnect": 0.0, "corrosion": 0.0}