{"crack": 0.0005143, "contact": 0.0002571, "interconnect": 0.0, "corrosion": 0.0}