{"crack": 0.0, "contact": 0.0232849, "interconnect": 0.0308302, "corrosion": 0.0}