{"crack": 0.1091702, "contact": 0.0012655, "interconnect": 0.0, "corrosion": 0.0}