{"crack": 0.0, "contact": 0.009852, "interconnect": 0.0348424, "corrosion": 0.0}