{"crack": 0.2229833, "contact": 0.1109417, "interconnect": 0.0042056, "corrosion": 0.0}