{"crack": 0.0002413, "contact": 0.0125724, "interconnect": 0.0, "corrosion": 0.0}