{"crack": 0.2211112, "contact": 0.0315614, "interconnect": 0.0, "corrosion": 0.0}