{"crack": 0.2827146, "contact": 0.0, "interconnect": 0.0259281, "corrosion": 0.0}