{"crack": 0.15543, "contact": 0.0145523, "interconnect": 0.0, "corrosion": 0.0}