{"crack": 0.3467486, "contact": 0.0991067, "interconnect": 0.0, "corrosion": 0.0}