{"crack": 0.6074302, "contact": 0.0008474, "interconnect": 0.0, "corrosion": 0.0}