{"crack": 0.1412877, "contact": 0.0968732, "interconnect": 0.0, "corrosion": 0.0}