{"crack": 0.0092752, "contact": 0.0224084, "interconnect": 0.0, "corrosion": 0.0}