{"crack": 0.3045993, "contact": 0.0250464, "interconnect": 0.0, "corrosion": 0.0}