{"crack": 0.5990163, "contact": 0.0342906, "interconnect": 0.0, "corrosion": 0.0}