{"crack": 0.4638048, "contact": 0.0684143, "interconnect": 0.0, "corrosion": 0.0}