{"crack": 0.4603518, "contact": 0.010834, "interconnect": 0.0, "corrosion": 0.0}