{"crack": 0.0002118, "contact": 0.0035895, "interconnect": 0.0, "corrosion": 0.0}