{"crack": 0.4103362, "contact": 0.0095937, "interconnect": 0.0, "corrosion": 0.0}