{"crack": 0.0308338, "contact": 0.0001659, "interconnect": 0.0, "corrosion": 0.0}