{"crack": 0.4089751, "contact": 0.0061768, "interconnect": 0.0, "corrosion": 0.0}