{"crack": 0.0012464, "contact": 0.0015492, "interconnect": 0.0, "corrosion": 0.0}