{"crack": 0.2928043, "contact": 0.0001149, "interconnect": 0.0, "corrosion": 0.0}