{"crack": 0.0192082, "contact": 0.0028247, "interconnect": 0.0, "corrosion": 0.0}