{"crack": 0.3784526, "contact": 0.0121622, "interconnect": 0.0, "corrosion": 0.0}