{"crack": 0.0013326, "contact": 0.0051549, "interconnect": 0.0, "corrosion": 0.0}