{"crack": 0.0, "contact": 0.0063225, "interconnect": 0.0025931, "corrosion": 0.0}