{"crack": 0.0, "contact": 0.0297015, "interconnect": 0.0407128, "corrosion": 0.0}