{"crack": 0.0016484, "contact": 0.0013002, "interconnect": 0.0, "corrosion": 0.0}