{"crack": 0.0001141, "contact": 0.0100439, "interconnect": 0.0, "corrosion": 0.0}