{"crack": 0.0021624, "contact": 0.0449307, "interconnect": 0.0, "corrosion": 0.0}