{"crack": 0.215718, "contact": 0.0199262, "interconnect": 0.0, "corrosion": 0.0}