{"crack": 0.0005365, "contact": 0.000884, "interconnect": 0.0, "corrosion": 0.0}