{"crack": 0.0003201, "contact": 0.0077265, "interconnect": 0.0, "corrosion": 0.0}