{"crack": 0.0345417, "contact": 0.011775, "interconnect": 0.0, "corrosion": 0.0}