{"crack": 0.0560137, "contact": 0.0020958, "interconnect": 0.0, "corrosion": 0.0}