{"crack": 0.6360608, "contact": 0.0025132, "interconnect": 0.0, "corrosion": 0.0}