{"crack": 0.0553718, "contact": 0.0324771, "interconnect": 0.0, "corrosion": 0.0}