{"crack": 0.0361829, "contact": 0.0332306, "interconnect": 0.0, "corrosion": 0.0}