{"crack": 0.0007804, "contact": 0.0002439, "interconnect": 0.0, "corrosion": 0.0}