{"crack": 0.0273988, "contact": 0.0026094, "interconnect": 0.0, "corrosion": 0.0}