{"crack": 0.1882014, "contact": 0.0336063, "interconnect": 0.0, "corrosion": 0.0}