{"crack": 0.0007727, "contact": 0.0021193, "interconnect": 0.0, "corrosion": 0.0}