{"crack": 0.0003082, "contact": 0.0015066, "interconnect": 0.0, "corrosion": 0.0}