{"crack": 0.0021914, "contact": 0.0095074, "interconnect": 0.0, "corrosion": 0.0}