{"crack": 0.3211637, "contact": 0.1290163, "interconnect": 0.0, "corrosion": 0.0}