{"crack": 0.0402654, "contact": 0.0025993, "interconnect": 0.0, "corrosion": 0.0012196}