{"crack": 0.0, "contact": 0.0148454, "interconnect": 0.0003478, "corrosion": 0.0}