{"crack": 0.2217641, "contact": 0.0191713, "interconnect": 0.0, "corrosion": 0.0}