{"crack": 0.0009694, "contact": 0.0029326, "interconnect": 0.0, "corrosion": 0.0}