{"crack": 0.0601983, "contact": 0.0032284, "interconnect": 0.0, "corrosion": 0.0}