{"crack": 0.1396311, "contact": 0.0008766, "interconnect": 0.0, "corrosion": 0.0}