{"crack": 0.3234225, "contact": 0.0668543, "interconnect": 0.0, "corrosion": 0.0}