{"crack": 0.745797, "contact": 0.0010765, "interconnect": 0.0, "corrosion": 0.0}