{"crack": 0.0235108, "contact": 0.0020914, "interconnect": 0.0, "corrosion": 0.0}