{"crack": 0.5636707, "contact": 0.0574853, "interconnect": 0.0, "corrosion": 0.0}