{"crack": 0.078778, "contact": 0.0794984, "interconnect": 0.0, "corrosion": 0.0}