{"crack": 0.1322417, "contact": 0.0196516, "interconnect": 0.0, "corrosion": 0.0}