{"crack": 0.0121911, "contact": 0.0538607, "interconnect": 0.0, "corrosion": 0.0}