{"crack": 0.0943936, "contact": 0.0054891, "interconnect": 0.0, "corrosion": 0.0}