{"crack": 0.1332725, "contact": 0.0043832, "interconnect": 0.0, "corrosion": 0.0}