{"crack": 0.00636, "contact": 0.0038207, "interconnect": 0.0, "corrosion": 0.0}