{"crack": 0.1960382, "contact": 0.0173762, "interconnect": 0.0, "corrosion": 0.0}