{"crack": 0.006284, "contact": 0.001326, "interconnect": 0.0, "corrosion": 0.0}