{"crack": 0.0006392, "contact": 0.0046453, "interconnect": 0.0, "corrosion": 0.0}