{"crack": 0.0388859, "contact": 0.0015899, "interconnect": 0.0, "corrosion": 0.0}