{"crack": 0.0624322, "contact": 0.0010615, "interconnect": 0.0, "corrosion": 0.0}