{"crack": 0.0007787, "contact": 0.008967, "interconnect": 0.0, "corrosion": 0.0}