{"crack": 0.1154856, "contact": 0.0014577, "interconnect": 0.0, "corrosion": 0.0}