{"crack": 0.0240371, "contact": 0.0460956, "interconnect": 0.0003985, "corrosion": 0.0014416}