{"crack": 0.1818975, "contact": 0.0700269, "interconnect": 0.0, "corrosion": 0.0}