{"crack": 0.2462538, "contact": 0.0726091, "interconnect": 0.0, "corrosion": 0.0}