{"crack": 0.122449, "contact": 0.0003344, "interconnect": 0.0, "corrosion": 0.0}