{"crack": 0.1871523, "contact": 0.0006429, "interconnect": 0.0, "corrosion": 0.0}