{"crack": 0.0686915, "contact": 0.0240157, "interconnect": 0.0, "corrosion": 0.0}