{"crack": 0.273758, "contact": 0.0643854, "interconnect": 0.0, "corrosion": 0.0}