{"crack": 0.0, "contact": 0.0134805, "interconnect": 0.0039508, "corrosion": 0.0}