{"crack": 0.1216405, "contact": 0.0012611, "interconnect": 0.0, "corrosion": 0.0}