{"crack": 0.0007822, "contact": 0.0014738, "interconnect": 0.0, "corrosion": 0.0}