{"crack": 0.0005612, "contact": 0.0044434, "interconnect": 0.0, "corrosion": 0.0}