{"crack": 0.0803308, "contact": 0.0007858, "interconnect": 0.0, "corrosion": 0.0}