{"crack": 0.0328939, "contact": 0.0054557, "interconnect": 0.0, "corrosion": 0.0}