{"crack": 0.6164489, "contact": 0.0103423, "interconnect": 0.0, "corrosion": 0.0}