{"crack": 0.1361222, "contact": 0.0127269, "interconnect": 0.0, "corrosion": 0.0}