{"crack": 0.0046053, "contact": 0.0386423, "interconnect": 0.0, "corrosion": 0.0}