{"crack": 0.0904091, "contact": 0.0303593, "interconnect": 0.0, "corrosion": 0.0}