{"crack": 0.3400137, "contact": 0.0031264, "interconnect": 0.0, "corrosion": 0.0}