{"crack": 0.7849185, "contact": 0.0021709, "interconnect": 0.0, "corrosion": 0.0}