{"crack": 0.23612, "contact": 0.0366583, "interconnect": 0.0, "corrosion": 0.0}