{"crack": 0.2006343, "contact": 0.0006435, "interconnect": 0.0, "corrosion": 0.0}