{"crack": 0.3851602, "contact": 0.0127756, "interconnect": 0.0, "corrosion": 0.0}