{"crack": 0.0220644, "contact": 0.0078081, "interconnect": 0.0, "corrosion": 0.0}