{"crack": 0.0710352, "contact": 0.0026725, "interconnect": 0.0, "corrosion": 0.0}