{"crack": 0.0001173, "contact": 0.0004222, "interconnect": 0.0, "corrosion": 0.0}