{"crack": 0.0002278, "contact": 0.0041439, "interconnect": 0.0008402, "corrosion": 0.1578235}