{"crack": 0.000655, "contact": 0.0089975, "interconnect": 0.0, "corrosion": 0.0}