{"crack": 0.004164, "contact": 0.0004938, "interconnect": 0.0, "corrosion": 0.0}