{"crack": 0.0006876, "contact": 0.0067812, "interconnect": 0.0, "corrosion": 0.0}