{"crack": 0.0001251, "contact": 0.049231, "interconnect": 0.0, "corrosion": 0.0}