{"crack": 0.6002789, "contact": 0.0172091, "interconnect": 0.0, "corrosion": 0.0}