{"crack": 0.0002988, "contact": 0.0148005, "interconnect": 0.0, "corrosion": 0.0}