{"crack": 0.0006462, "contact": 0.0008843, "interconnect": 0.0, "corrosion": 0.0}