{"crack": 0.2524855, "contact": 0.00579, "interconnect": 0.0, "corrosion": 0.0}