{"crack": 0.4266458, "contact": 0.0077997, "interconnect": 0.0, "corrosion": 0.0}