{"crack": 0.3844921, "contact": 0.0014643, "interconnect": 0.0, "corrosion": 0.0}