{"crack": 0.0993082, "contact": 0.0026404, "interconnect": 0.0, "corrosion": 0.0}