{"crack": 0.0539472, "contact": 0.0575083, "interconnect": 0.0, "corrosion": 0.0}