{"crack": 0.000286, "contact": 0.0026843, "interconnect": 0.0, "corrosion": 0.0}