{"crack": 0.0013136, "contact": 0.0038469, "interconnect": 0.0, "corrosion": 0.0}