{"crack": 0.1451845, "contact": 0.0002042, "interconnect": 0.0, "corrosion": 0.0}