{"crack": 0.1708736, "contact": 0.0249593, "interconnect": 0.0, "corrosion": 0.0}