{"crack": 0.2558922, "contact": 0.000546, "interconnect": 0.0, "corrosion": 0.0}