{"crack": 0.0219995, "contact": 0.0006184, "interconnect": 0.0, "corrosion": 0.0}