{"crack": 0.0414477, "contact": 0.0046913, "interconnect": 0.0, "corrosion": 0.0}