{"crack": 0.211425, "contact": 0.0815728, "interconnect": 0.0, "corrosion": 0.0}