{"crack": 0.2037839, "contact": 0.0152889, "interconnect": 0.0, "corrosion": 0.0}