{"crack": 0.379197, "contact": 0.0084632, "interconnect": 0.0, "corrosion": 0.0}