{"crack": 0.0004223, "contact": 0.0027507, "interconnect": 0.0, "corrosion": 0.0}