{"crack": 0.0010386, "contact": 0.003367, "interconnect": 0.0, "corrosion": 0.0}