{"crack": 0.0038024, "contact": 0.0003086, "interconnect": 0.0, "corrosion": 0.0}