{"crack": 0.4593085, "contact": 0.0451844, "interconnect": 0.0, "corrosion": 0.0}