{"crack": 0.0628174, "contact": 0.0198797, "interconnect": 0.0, "corrosion": 0.0}