{"crack": 0.2691166, "contact": 0.0228394, "interconnect": 0.0, "corrosion": 0.0}