{"crack": 0.2147389, "contact": 0.0024049, "interconnect": 0.0, "corrosion": 0.0}