{"crack": 0.0064922, "contact": 0.0017935, "interconnect": 0.0, "corrosion": 0.0}