{"crack": 0.001159, "contact": 0.0023952, "interconnect": 0.0, "corrosion": 0.0}