{"crack": 0.005898, "contact": 0.0060562, "interconnect": 0.0, "corrosion": 0.0}