{"crack": 0.1264708, "contact": 0.0016777, "interconnect": 0.0, "corrosion": 0.0}