{"crack": 0.0005136, "contact": 0.0025791, "interconnect": 0.0, "corrosion": 0.0}