{"crack": 0.0111795, "contact": 0.0035175, "interconnect": 0.0, "corrosion": 0.0}