{"crack": 0.2976227, "contact": 0.038148, "interconnect": 0.0, "corrosion": 0.0}