{"crack": 0.0059404, "contact": 0.0040585, "interconnect": 0.0, "corrosion": 0.0}