{"crack": 0.3111833, "contact": 0.1596521, "interconnect": 0.0, "corrosion": 0.0}