{"crack": 0.0003061, "contact": 0.0047841, "interconnect": 0.0, "corrosion": 0.0}