{"crack": 0.4184184, "contact": 0.0030826, "interconnect": 0.0, "corrosion": 0.0}