{"crack": 0.0009538, "contact": 0.0037806, "interconnect": 0.0, "corrosion": 0.0}