{"crack": 0.0002688, "contact": 0.001765, "interconnect": 0.0, "corrosion": 0.0}