{"crack": 0.2287708, "contact": 0.1292634, "interconnect": 0.0, "corrosion": 0.0}