{"crack": 0.0755061, "contact": 0.0022558, "interconnect": 0.0, "corrosion": 0.0}