{"crack": 0.0069521, "contact": 0.0021144, "interconnect": 0.0, "corrosion": 0.0}