{"crack": 0.4467821, "contact": 0.0109288, "interconnect": 0.0, "corrosion": 0.0}