{"crack": 0.1000216, "contact": 0.0093831, "interconnect": 0.0, "corrosion": 0.0}