{"crack": 0.0197302, "contact": 0.0556491, "interconnect": 0.0, "corrosion": 0.0}