{"crack": 0.0005631, "contact": 0.0042517, "interconnect": 0.0, "corrosion": 0.0}