{"crack": 0.2237806, "contact": 0.002639, "interconnect": 0.0, "corrosion": 0.0}