{"crack": 0.0017178, "contact": 0.0034471, "interconnect": 0.0, "corrosion": 0.0}