{"crack": 0.0, "contact": 0.0062049, "interconnect": 0.0005958, "corrosion": 0.0}