{"crack": 0.0088201, "contact": 0.0479435, "interconnect": 0.0, "corrosion": 0.0}