{"crack": 0.0931467, "contact": 0.0018501, "interconnect": 0.0, "corrosion": 0.0}