{"crack": 0.4467657, "contact": 0.0915067, "interconnect": 0.0, "corrosion": 0.0}