{"crack": 0.1510765, "contact": 0.0023706, "interconnect": 0.0, "corrosion": 0.0}