{"crack": 0.0252047, "contact": 0.0043353, "interconnect": 0.0, "corrosion": 0.0}