{"crack": 0.0732364, "contact": 0.0017522, "interconnect": 0.0, "corrosion": 0.0}