{"crack": 0.0083655, "contact": 0.0027642, "interconnect": 0.0, "corrosion": 0.0}