{"crack": 0.0022867, "contact": 0.0041828, "interconnect": 0.0, "corrosion": 0.0}