{"crack": 0.0064067, "contact": 0.0003145, "interconnect": 0.0, "corrosion": 0.0}