{"crack": 0.0009244, "contact": 0.0021351, "interconnect": 0.0, "corrosion": 0.0}