{"crack": 0.4759468, "contact": 0.0015828, "interconnect": 0.0, "corrosion": 0.0}