{"crack": 0.3399507, "contact": 0.0052314, "interconnect": 0.0, "corrosion": 0.0}