{"crack": 0.2376686, "contact": 0.0012914, "interconnect": 0.0, "corrosion": 0.0}