{"crack": 0.3944457, "contact": 0.0368988, "interconnect": 0.0, "corrosion": 0.0}