{"crack": 0.0281494, "contact": 0.1023943, "interconnect": 0.0, "corrosion": 0.0}