{"crack": 0.3351623, "contact": 0.1073145, "interconnect": 0.0, "corrosion": 0.0}