{"crack": 0.03286, "contact": 0.0009612, "interconnect": 0.0, "corrosion": 0.0}