{"crack": 0.03255, "contact": 0.0007264, "interconnect": 0.0, "corrosion": 0.0}