{"crack": 0.000136, "contact": 0.0026528, "interconnect": 0.0, "corrosion": 0.0}