{"crack": 0.0436544, "contact": 0.0012638, "interconnect": 0.0, "corrosion": 0.0}