{"crack": 0.0232808, "contact": 0.0134104, "interconnect": 0.0, "corrosion": 0.0}