{"crack": 0.0159103, "contact": 0.0034925, "interconnect": 0.0, "corrosion": 0.0}