{"crack": 0.0007572, "contact": 0.0016541, "interconnect": 0.0, "corrosion": 0.0}