{"crack": 0.1830166, "contact": 0.0956838, "interconnect": 0.0, "corrosion": 0.0}