{"crack": 0.4383799, "contact": 0.0229262, "interconnect": 0.0, "corrosion": 0.0}