{"crack": 0.0166472, "contact": 0.0018887, "interconnect": 6.4e-06, "corrosion": 0.0059766}