{"crack": 0.1764925, "contact": 0.1094531, "interconnect": 0.0, "corrosion": 0.0}