{"crack": 0.0081175, "contact": 0.050443, "interconnect": 0.0004621, "corrosion": 0.001075}