{"crack": 0.4511571, "contact": 0.0143431, "interconnect": 0.0, "corrosion": 0.0}