{"crack": 0.0090966, "contact": 0.0009816, "interconnect": 0.0, "corrosion": 0.0}