{"crack": 0.4127348, "contact": 0.0014201, "interconnect": 0.0, "corrosion": 0.0}