{"crack": 0.0245654, "contact": 0.0829153, "interconnect": 0.0, "corrosion": 0.0}