{"crack": 0.001853, "contact": 0.004934, "interconnect": 0.0, "corrosion": 0.0}