{"crack": 0.0, "contact": 0.0067791, "interconnect": 0.0096546, "corrosion": 0.0}