{"crack": 0.0425156, "contact": 0.1352052, "interconnect": 0.0, "corrosion": 0.0}