{"crack": 0.0800119, "contact": 0.0102614, "interconnect": 0.0, "corrosion": 0.0}