{"crack": 0.4521317, "contact": 0.0036096, "interconnect": 0.0, "corrosion": 0.0}