{"crack": 0.0171588, "contact": 0.0019434, "interconnect": 0.0, "corrosion": 0.0}