{"crack": 0.4495955, "contact": 0.0130164, "interconnect": 0.0, "corrosion": 0.0}