{"crack": 0.0012704, "contact": 0.0800445, "interconnect": 0.0, "corrosion": 0.0}