{"crack": 0.0002589, "contact": 0.0014005, "interconnect": 0.0, "corrosion": 0.0}