{"crack": 0.2039145, "contact": 0.0064662, "interconnect": 0.0, "corrosion": 0.0}