{"crack": 0.2486106, "contact": 0.0012107, "interconnect": 0.0, "corrosion": 0.0}