{"crack": 0.0006465, "contact": 0.0001317, "interconnect": 0.0, "corrosion": 0.0}