{"crack": 0.0008358, "contact": 0.0015538, "interconnect": 0.0, "corrosion": 0.0}