{"crack": 0.0171649, "contact": 0.0058013, "interconnect": 0.0, "corrosion": 0.0}