{"crack": 0.0078015, "contact": 0.0442855, "interconnect": 0.0, "corrosion": 0.0}