{"crack": 0.0151744, "contact": 0.0036533, "interconnect": 0.0, "corrosion": 0.0}