{"crack": 0.1768661, "contact": 0.107632, "interconnect": 0.0, "corrosion": 0.0}