{"crack": 0.000659, "contact": 0.0022596, "interconnect": 0.0, "corrosion": 0.0}