{"crack": 0.1616243, "contact": 0.053358, "interconnect": 0.0, "corrosion": 0.0}