{"crack": 0.0031708, "contact": 0.0086475, "interconnect": 0.0, "corrosion": 0.0}