{"crack": 0.0043111, "contact": 0.0008418, "interconnect": 0.0, "corrosion": 0.0}