{"crack": 0.0273114, "contact": 0.0198039, "interconnect": 0.0, "corrosion": 0.0}