{"crack": 0.0316193, "contact": 0.0068255, "interconnect": 0.0, "corrosion": 0.0}