{"crack": 0.0, "contact": 0.0183583, "interconnect": 0.0483948, "corrosion": 0.0}