{"crack": 0.1974479, "contact": 0.0137692, "interconnect": 0.0, "corrosion": 0.0}