{"crack": 0.0343639, "contact": 0.002457, "interconnect": 0.0, "corrosion": 0.0}