{"crack": 0.0466747, "contact": 0.0035744, "interconnect": 0.0, "corrosion": 0.0}