{"crack": 0.002726, "contact": 0.0010757, "interconnect": 0.0, "corrosion": 0.0}