{"crack": 0.002458, "contact": 0.0002133, "interconnect": 0.0, "corrosion": 0.0}