{"crack": 0.1102133, "contact": 0.0061837, "interconnect": 0.0, "corrosion": 0.0}