{"crack": 0.0003506, "contact": 0.0020454, "interconnect": 0.0, "corrosion": 0.0}