{"crack": 0.388124, "contact": 0.0052346, "interconnect": 0.0, "corrosion": 0.0}