{"crack": 0.0009935, "contact": 0.0047221, "interconnect": 0.0, "corrosion": 0.0}