{"crack": 0.0265322, "contact": 0.0016383, "interconnect": 0.0, "corrosion": 0.0017069}