{"crack": 0.4540169, "contact": 0.0095568, "interconnect": 0.0, "corrosion": 0.0}