{"crack": 0.0906262, "contact": 0.0476791, "interconnect": 0.0, "corrosion": 0.0}