{"crack": 0.3381724, "contact": 0.076817, "interconnect": 0.0, "corrosion": 0.0}