{"crack": 0.3068121, "contact": 0.1100708, "interconnect": 0.0, "corrosion": 0.0}