{"crack": 0.0438502, "contact": 0.0035616, "interconnect": 0.0, "corrosion": 0.0}