{"crack": 0.0, "contact": 0.0217652, "interconnect": 0.0130974, "corrosion": 0.0}