{"crack": 0.0064626, "contact": 0.0784776, "interconnect": 0.0, "corrosion": 0.0}