{"crack": 0.036649, "contact": 0.0431319, "interconnect": 0.0, "corrosion": 0.0}