{"crack": 0.0001646, "contact": 0.0011096, "interconnect": 0.0, "corrosion": 0.0}