{"crack": 0.0147699, "contact": 0.0001648, "interconnect": 0.0, "corrosion": 0.0}