{"crack": 0.2555727, "contact": 0.0075786, "interconnect": 0.0, "corrosion": 0.0}