{"crack": 0.018912, "contact": 0.0375669, "interconnect": 0.0, "corrosion": 0.0}