{"crack": 0.0, "contact": 0.0054307, "interconnect": 0.0859546, "corrosion": 0.0}