{"crack": 0.0007849, "contact": 0.0118755, "interconnect": 0.0, "corrosion": 0.0}