{"crack": 0.1753321, "contact": 0.0028058, "interconnect": 0.0, "corrosion": 0.0}