{"crack": 0.0886317, "contact": 0.0004725, "interconnect": 0.0, "corrosion": 0.0}