{"crack": 0.0003611, "contact": 0.0009552, "interconnect": 0.0, "corrosion": 0.0}