{"crack": 0.0312872, "contact": 0.0002863, "interconnect": 0.0, "corrosion": 0.0}