{"crack": 0.2004123, "contact": 0.0096541, "interconnect": 0.0, "corrosion": 0.0}