{"crack": 0.0950892, "contact": 0.0034815, "interconnect": 0.0, "corrosion": 0.0}