{"crack": 0.0012316, "contact": 0.1536619, "interconnect": 0.0, "corrosion": 0.0}