{"crack": 0.0040311, "contact": 0.0023248, "interconnect": 0.0, "corrosion": 0.0}