{"crack": 0.0112743, "contact": 0.0008003, "interconnect": 0.0, "corrosion": 0.0}