{"crack": 0.0212861, "contact": 0.0022599, "interconnect": 0.0, "corrosion": 0.0}