{"crack": 0.0, "contact": 0.0048105, "interconnect": 0.0501642, "corrosion": 0.0}