{"crack": 0.0278668, "contact": 0.0192252, "interconnect": 0.0, "corrosion": 0.0}