{"crack": 0.1512826, "contact": 0.003344, "interconnect": 0.0, "corrosion": 0.0}