{"crack": 0.017828, "contact": 0.0568396, "interconnect": 0.0, "corrosion": 0.0}