{"crack": 0.2480875, "contact": 0.0412277, "interconnect": 0.0, "corrosion": 0.0}