{"crack": 0.0, "contact": 0.0056065, "interconnect": 0.0700196, "corrosion": 0.0}