{"crack": 0.0, "contact": 0.0102764, "interconnect": 0.0544647, "corrosion": 0.0}