{"crack": 0.0226489, "contact": 0.0057915, "interconnect": 0.0, "corrosion": 0.0}