{"crack": 0.0103292, "contact": 0.0027506, "interconnect": 0.0, "corrosion": 0.0}