{"crack": 0.003093, "contact": 0.000137, "interconnect": 0.0, "corrosion": 0.0}