{"crack": 0.0119922, "contact": 0.0047874, "interconnect": 0.0, "corrosion": 0.0}