{"crack": 0.1344207, "contact": 0.0035524, "interconnect": 0.0, "corrosion": 0.0}