{"crack": 0.234994, "contact": 0.0029675, "interconnect": 0.0, "corrosion": 0.0}