{"crack": 0.3619471, "contact": 0.0300177, "interconnect": 0.0, "corrosion": 0.0}