{"crack": 0.2337009, "contact": 0.1219582, "interconnect": 0.0, "corrosion": 0.0}