{"crack": 0.0284091, "contact": 0.0020079, "interconnect": 0.0, "corrosion": 0.0}