{"crack": 0.0, "contact": 0.0182214, "interconnect": 0.0054353, "corrosion": 0.0}