{"crack": 0.1435089, "contact": 0.0023457, "interconnect": 0.0, "corrosion": 0.0}