{"crack": 0.4669521, "contact": 0.0305779, "interconnect": 0.0, "corrosion": 0.0}