{"crack": 0.0558895, "contact": 0.1318959, "interconnect": 0.0, "corrosion": 0.0}