{"crack": 0.0006575, "contact": 0.0073009, "interconnect": 0.0, "corrosion": 0.0}