{"crack": 0.0558474, "contact": 0.067475, "interconnect": 0.0, "corrosion": 0.0}