{"crack": 0.0398353, "contact": 0.0190645, "interconnect": 0.0, "corrosion": 0.0}