{"crack": 0.0029263, "contact": 0.0009571, "interconnect": 0.0, "corrosion": 0.0}