{"crack": 0.1954597, "contact": 0.0132612, "interconnect": 0.0, "corrosion": 0.0}