{"crack": 0.2767903, "contact": 0.0081104, "interconnect": 0.0, "corrosion": 0.0}