{"crack": 0.0067225, "contact": 0.054587, "interconnect": 0.0, "corrosion": 0.0}