{"crack": 0.5270895, "contact": 0.0045547, "interconnect": 0.0, "corrosion": 0.0}