{"crack": 0.036496, "contact": 0.0268857, "interconnect": 0.0, "corrosion": 0.0}