{"crack": 0.5211044, "contact": 0.0062777, "interconnect": 0.0, "corrosion": 0.0}