{"crack": 0.1051236, "contact": 0.0092508, "interconnect": 0.0, "corrosion": 0.0}