{"crack": 0.0, "contact": 0.0128056, "interconnect": 0.0320014, "corrosion": 0.0}