{"crack": 0.0569492, "contact": 0.0475511, "interconnect": 0.0, "corrosion": 0.0}