{"crack": 0.0250807, "contact": 0.0270964, "interconnect": 0.0, "corrosion": 0.0}