{"crack": 0.0007726, "contact": 0.0260251, "interconnect": 0.0, "corrosion": 0.0}