{"crack": 0.3774508, "contact": 0.0105589, "interconnect": 0.0, "corrosion": 0.0}