{"crack": 0.3154144, "contact": 0.0176076, "interconnect": 0.0, "corrosion": 0.0}