{"crack": 0.299308, "contact": 0.0327746, "interconnect": 0.0, "corrosion": 0.0}