{"crack": 0.0284189, "contact": 0.0674832, "interconnect": 0.0, "corrosion": 0.0}