{"crack": 0.00195, "contact": 0.0014738, "interconnect": 0.0, "corrosion": 0.0}