{"crack": 0.0004109, "contact": 0.0001141, "interconnect": 0.0, "corrosion": 0.0}