{"crack": 0.0078125, "contact": 0.0006421, "interconnect": 0.0, "corrosion": 0.0}