{"crack": 0.3545705, "contact": 0.0245131, "interconnect": 0.0, "corrosion": 0.0}