{"crack": 0.718025, "contact": 0.0216549, "interconnect": 0.0, "corrosion": 0.0}