{"crack": 0.016785, "contact": 0.010489, "interconnect": 1.68e-05, "corrosion": 0.0023547}