{"crack": 0.0152886, "contact": 0.0390632, "interconnect": 0.0, "corrosion": 0.0}