{"crack": 0.3132845, "contact": 0.0452016, "interconnect": 0.0, "corrosion": 0.0}