{"crack": 0.0002749, "contact": 0.0002519, "interconnect": 0.0, "corrosion": 0.0}