{"crack": 0.2801972, "contact": 0.0331012, "interconnect": 0.0, "corrosion": 0.0}