{"crack": 0.1897477, "contact": 0.0019661, "interconnect": 0.0, "corrosion": 0.0}