{"crack": 0.1838109, "contact": 0.006734, "interconnect": 0.0, "corrosion": 0.0}