{"crack": 0.1790999, "contact": 0.0019125, "interconnect": 0.0, "corrosion": 0.0}