{"crack": 0.0007394, "contact": 0.0016494, "interconnect": 0.0, "corrosion": 0.0}