{"crack": 0.0027278, "contact": 0.0014724, "interconnect": 0.0, "corrosion": 0.0}