{"crack": 0.0191136, "contact": 0.0004621, "interconnect": 0.0, "corrosion": 0.0}