{"crack": 0.0005688, "contact": 0.0035905, "interconnect": 0.0, "corrosion": 0.0}