{"crack": 0.1477668, "contact": 0.0053252, "interconnect": 0.0, "corrosion": 0.0}