{"crack": 0.4309082, "contact": 0.0101693, "interconnect": 0.0, "corrosion": 0.0}