{"crack": 0.1391508, "contact": 0.0130776, "interconnect": 0.0, "corrosion": 0.0}