{"crack": 0.1551104, "contact": 0.0209211, "interconnect": 0.0, "corrosion": 0.0}