{"crack": 0.0060444, "contact": 0.0005845, "interconnect": 0.0, "corrosion": 0.0016739}