{"crack": 0.2631011, "contact": 0.1171241, "interconnect": 0.0, "corrosion": 0.0}