{"crack": 0.0, "contact": 0.0330105, "interconnect": 0.0030459, "corrosion": 0.0}