{"crack": 0.4761126, "contact": 0.0097406, "interconnect": 0.0, "corrosion": 0.0}