{"crack": 0.0223272, "contact": 0.0034129, "interconnect": 0.0, "corrosion": 0.0}