{"crack": 0.0017301, "contact": 0.0004892, "interconnect": 0.0, "corrosion": 0.0}