{"crack": 0.157747, "contact": 0.0010615, "interconnect": 0.0, "corrosion": 0.0}