{"crack": 0.5673239, "contact": 0.001545, "interconnect": 0.0, "corrosion": 0.0}