{"crack": 0.0677852, "contact": 0.0028552, "interconnect": 0.0, "corrosion": 0.0}