{"crack": 0.1753276, "contact": 0.0069544, "interconnect": 0.0, "corrosion": 0.0}