{"crack": 0.0330785, "contact": 0.0051756, "interconnect": 0.0, "corrosion": 0.0}