{"crack": 0.3395613, "contact": 0.004023, "interconnect": 0.0, "corrosion": 0.0}