{"crack": 0.2472881, "contact": 0.0022523, "interconnect": 0.0, "corrosion": 0.0}