{"crack": 0.0182273, "contact": 0.0064258, "interconnect": 0.0, "corrosion": 0.0}