{"crack": 0.0010802, "contact": 0.007136, "interconnect": 0.0, "corrosion": 0.0}