{"crack": 0.0007204, "contact": 0.0038854, "interconnect": 0.0, "corrosion": 0.0}