{"crack": 0.0201056, "contact": 0.0017806, "interconnect": 0.0, "corrosion": 0.0}