{"crack": 0.0662109, "contact": 0.0015628, "interconnect": 0.0, "corrosion": 0.0}