{"crack": 0.0002661, "contact": 0.0013652, "interconnect": 0.0, "corrosion": 0.0}