{"crack": 0.0031785, "contact": 0.037368, "interconnect": 0.0, "corrosion": 0.0}