{"crack": 0.2897677, "contact": 0.000468, "interconnect": 0.0, "corrosion": 0.0}