{"crack": 0.419508, "contact": 0.0145002, "interconnect": 0.0, "corrosion": 0.0}