{"crack": 0.0218709, "contact": 0.0031576, "interconnect": 0.0, "corrosion": 0.0}