{"crack": 0.0001161, "contact": 0.0034362, "interconnect": 0.0, "corrosion": 0.0}