{"crack": 0.0001972, "contact": 0.0025944, "interconnect": 0.0, "corrosion": 0.0}