{"crack": 0.2363653, "contact": 0.0829418, "interconnect": 0.0, "corrosion": 0.0}