{"crack": 0.0753968, "contact": 0.0028113, "interconnect": 0.0, "corrosion": 0.0}