{"crack": 0.0900992, "contact": 0.031784, "interconnect": 0.0, "corrosion": 0.0}