{"crack": 0.1789281, "contact": 0.0016033, "interconnect": 0.0, "corrosion": 0.0}