{"crack": 0.0024689, "contact": 0.001596, "interconnect": 0.0, "corrosion": 0.0}