{"crack": 0.2843951, "contact": 0.0044185, "interconnect": 0.0, "corrosion": 0.0}