{"crack": 0.2930212, "contact": 0.0042748, "interconnect": 0.0, "corrosion": 0.0}