{"crack": 0.0706431, "contact": 0.003756, "interconnect": 0.0, "corrosion": 0.0}