{"crack": 0.0017691, "contact": 0.0040404, "interconnect": 0.0, "corrosion": 0.0}