{"crack": 0.0005026, "contact": 0.0686584, "interconnect": 0.0, "corrosion": 0.0}