{"crack": 0.0519546, "contact": 0.027267, "interconnect": 0.0, "corrosion": 0.0}