{"crack": 0.0271958, "contact": 0.0062805, "interconnect": 0.0, "corrosion": 0.0}