{"crack": 0.0392665, "contact": 0.0291428, "interconnect": 0.0, "corrosion": 0.0}