{"crack": 0.0050796, "contact": 0.0422491, "interconnect": 0.0, "corrosion": 0.0}