{"crack": 0.0017009, "contact": 0.0147328, "interconnect": 0.0, "corrosion": 0.0}