{"crack": 0.2435301, "contact": 0.0310228, "interconnect": 0.0, "corrosion": 0.0}