{"crack": 0.0389143, "contact": 0.0029546, "interconnect": 0.0, "corrosion": 0.0}