{"crack": 0.6473236, "contact": 0.0451911, "interconnect": 0.0, "corrosion": 0.0}