{"crack": 0.0, "contact": 0.0038312, "interconnect": 0.0052336, "corrosion": 0.0}