{"crack": 0.277856, "contact": 0.114403, "interconnect": 0.0, "corrosion": 0.0}