{"crack": 0.0134882, "contact": 0.0016699, "interconnect": 0.0, "corrosion": 0.0058741}