{"crack": 0.0534585, "contact": 0.0016949, "interconnect": 0.0, "corrosion": 0.0}