{"crack": 0.0009468, "contact": 0.054284, "interconnect": 0.0, "corrosion": 0.0}