{"crack": 0.4299089, "contact": 0.0059495, "interconnect": 0.0, "corrosion": 0.0}