{"crack": 0.0796139, "contact": 0.0285416, "interconnect": 0.0, "corrosion": 0.0}