{"crack": 0.3196898, "contact": 0.0082965, "interconnect": 0.0, "corrosion": 0.0}