{"crack": 0.0056798, "contact": 0.0, "interconnect": 0.0, "corrosion": 0.0322893}