{"crack": 0.2252793, "contact": 0.0062668, "interconnect": 0.0, "corrosion": 0.0}