{"crack": 0.1334025, "contact": 0.0021215, "interconnect": 0.0, "corrosion": 0.0}