{"crack": 0.0071534, "contact": 0.003717, "interconnect": 0.0, "corrosion": 0.0}