{"crack": 0.0004451, "contact": 0.0057867, "interconnect": 0.0, "corrosion": 0.0}