{"crack": 0.0, "contact": 0.000154, "interconnect": 0.0, "corrosion": 0.0005332}