{"crack": 0.0064165, "contact": 0.0001323, "interconnect": 0.0, "corrosion": 0.0040023}