{"crack": 0.0182708, "contact": 0.003229, "interconnect": 0.0, "corrosion": 0.0}