{"crack": 0.0784356, "contact": 0.0014659, "interconnect": 0.0, "corrosion": 0.0}