{"crack": 0.0006349, "contact": 0.0008956, "interconnect": 0.0, "corrosion": 0.0}