{"crack": 0.0047266, "contact": 0.0027562, "interconnect": 0.0, "corrosion": 0.0}