{"crack": 0.0066746, "contact": 0.0231339, "interconnect": 0.0, "corrosion": 0.0}