{"crack": 0.0003987, "contact": 0.0036878, "interconnect": 0.0, "corrosion": 0.0}