{"crack": 0.5962611, "contact": 0.0332396, "interconnect": 0.0, "corrosion": 0.0}