{"crack": 0.311475, "contact": 0.0268438, "interconnect": 0.0, "corrosion": 0.0}