{"crack": 0.0006848, "contact": 0.0056611, "interconnect": 0.0, "corrosion": 0.0}