{"crack": 0.0934685, "contact": 0.0007929, "interconnect": 0.0, "corrosion": 0.0}