{"crack": 0.0500972, "contact": 0.0581382, "interconnect": 0.0, "corrosion": 0.0}