{"crack": 0.0107942, "contact": 0.0055649, "interconnect": 0.0, "corrosion": 0.0}