{"crack": 0.1909262, "contact": 0.0061405, "interconnect": 0.0, "corrosion": 0.0}