{"crack": 0.1271127, "contact": 0.0489282, "interconnect": 0.0, "corrosion": 0.0}