{"crack": 0.0, "contact": 0.0015897, "interconnect": 0.0060513, "corrosion": 0.0}