{"crack": 0.2051938, "contact": 0.0022409, "interconnect": 0.0, "corrosion": 0.0}