{"crack": 0.0028956, "contact": 0.0023568, "interconnect": 0.0, "corrosion": 0.0010101}