{"crack": 0.0021387, "contact": 0.0005287, "interconnect": 0.0, "corrosion": 0.0}