{"crack": 0.0024262, "contact": 0.0022637, "interconnect": 0.0, "corrosion": 0.0}