{"crack": 0.0, "contact": 0.033372, "interconnect": 0.0226021, "corrosion": 0.0}