{"crack": 0.2060574, "contact": 0.0725377, "interconnect": 0.0, "corrosion": 0.0}