{"crack": 0.0301925, "contact": 0.002336, "interconnect": 0.0, "corrosion": 0.0}