{"crack": 0.0519383, "contact": 0.015652, "interconnect": 0.0, "corrosion": 0.0}