{"crack": 0.0001802, "contact": 0.000793, "interconnect": 0.0, "corrosion": 0.0}