{"crack": 0.4035112, "contact": 0.0031676, "interconnect": 0.0, "corrosion": 0.0}