{"crack": 0.1275424, "contact": 0.0068713, "interconnect": 0.0, "corrosion": 0.0}