{"crack": 0.1519659, "contact": 0.001718, "interconnect": 0.0, "corrosion": 0.0}