{"crack": 0.000179, "contact": 0.0001566, "interconnect": 0.0, "corrosion": 0.0}