{"crack": 0.1384355, "contact": 0.0001864, "interconnect": 0.0, "corrosion": 0.0}