{"crack": 0.0002892, "contact": 0.0015272, "interconnect": 0.0, "corrosion": 0.0}