{"crack": 0.0534524, "contact": 0.0029007, "interconnect": 0.0, "corrosion": 0.0}