{"crack": 0.0011681, "contact": 0.0063559, "interconnect": 0.0, "corrosion": 0.0}