{"crack": 0.0007699, "contact": 0.0056191, "interconnect": 0.0, "corrosion": 0.0}