{"crack": 0.2877085, "contact": 0.0114984, "interconnect": 0.0, "corrosion": 0.0}