{"crack": 0.0025972, "contact": 0.0061444, "interconnect": 0.0, "corrosion": 0.0}