{"crack": 0.306518, "contact": 0.0169719, "interconnect": 0.0, "corrosion": 0.0}