{"crack": 0.1284354, "contact": 0.0036637, "interconnect": 0.0, "corrosion": 0.0}