{"crack": 0.2711695, "contact": 0.0026623, "interconnect": 0.0, "corrosion": 0.0}