{"crack": 0.0493685, "contact": 0.0094702, "interconnect": 0.0001074, "corrosion": 0.0009439}