{"crack": 0.02222, "contact": 0.0320602, "interconnect": 0.0, "corrosion": 0.0}