{"crack": 0.1214297, "contact": 0.0254587, "interconnect": 0.0, "corrosion": 0.0}