{"crack": 0.7603448, "contact": 0.0045093, "interconnect": 0.0, "corrosion": 0.0}