{"crack": 0.0010833, "contact": 0.0070706, "interconnect": 0.0, "corrosion": 0.0}