{"crack": 0.000132, "contact": 0.0043454, "interconnect": 0.0, "corrosion": 0.0}