{"crack": 0.0402285, "contact": 0.0025216, "interconnect": 0.0, "corrosion": 0.0}