{"crack": 0.2387815, "contact": 0.0052516, "interconnect": 0.0, "corrosion": 0.0}