{"crack": 0.0002097, "contact": 0.0028699, "interconnect": 0.0, "corrosion": 0.0}