{"crack": 0.0017234, "contact": 0.0022599, "interconnect": 0.0, "corrosion": 0.0}