{"crack": 0.0004695, "contact": 0.0063788, "interconnect": 0.0, "corrosion": 0.0}