{"crack": 0.4703598, "contact": 0.0153756, "interconnect": 0.0, "corrosion": 0.0}