{"crack": 0.3493741, "contact": 0.0047455, "interconnect": 0.0, "corrosion": 0.0}