{"crack": 0.1664673, "contact": 0.123833, "interconnect": 0.0, "corrosion": 0.0}