{"crack": 0.0245693, "contact": 0.0496879, "interconnect": 0.0, "corrosion": 0.0}