{"crack": 0.0541609, "contact": 0.0, "interconnect": 0.0092001, "corrosion": 0.0}