{"crack": 0.1066602, "contact": 0.0132492, "interconnect": 0.0, "corrosion": 0.0}