{"crack": 0.0605376, "contact": 0.2339211, "interconnect": 0.0, "corrosion": 0.0}