{"crack": 0.1643874, "contact": 0.0659467, "interconnect": 0.0, "corrosion": 0.0}