{"crack": 0.0026932, "contact": 0.0006843, "interconnect": 0.0, "corrosion": 0.0}