{"crack": 0.3153647, "contact": 0.0093244, "interconnect": 0.0, "corrosion": 0.0}