{"crack": 0.1026252, "contact": 0.0005026, "interconnect": 0.0, "corrosion": 0.0}