{"crack": 0.1021913, "contact": 0.001092, "interconnect": 0.0, "corrosion": 0.0}