{"crack": 0.152969, "contact": 0.0183596, "interconnect": 0.0, "corrosion": 0.0}