{"crack": 0.3002548, "contact": 0.0002161, "interconnect": 0.0, "corrosion": 0.0}