{"crack": 0.0464809, "contact": 0.0007009, "interconnect": 0.0, "corrosion": 0.0}