{"crack": 0.0234648, "contact": 0.0015858, "interconnect": 0.0, "corrosion": 0.0}