{"crack": 0.2441305, "contact": 0.0125694, "interconnect": 0.0, "corrosion": 0.0}