{"crack": 0.000586, "contact": 0.0026544, "interconnect": 0.0, "corrosion": 0.0}