{"crack": 0.001264, "contact": 0.0003132, "interconnect": 0.0, "corrosion": 0.00066}