{"crack": 0.0209692, "contact": 0.0632817, "interconnect": 0.0, "corrosion": 0.0}