{"crack": 0.0094975, "contact": 0.0038013, "interconnect": 0.0, "corrosion": 0.0}