{"crack": 0.0087994, "contact": 0.0029602, "interconnect": 0.0, "corrosion": 0.0}