{"crack": 0.0, "contact": 0.0003845, "interconnect": 0.000356, "corrosion": 0.0}