{"crack": 0.0, "contact": 0.0082917, "interconnect": 0.0040508, "corrosion": 0.0}