{"crack": 0.0928102, "contact": 0.181187, "interconnect": 0.0, "corrosion": 0.0}