{"crack": 0.002275, "contact": 0.0042278, "interconnect": 0.0, "corrosion": 0.0}