{"crack": 0.0050073, "contact": 0.0016888, "interconnect": 0.0, "corrosion": 0.0}