{"crack": 0.0159417, "contact": 0.0567008, "interconnect": 0.0, "corrosion": 0.0}