{"crack": 0.000819, "contact": 0.0041405, "interconnect": 0.0, "corrosion": 0.0}