{"crack": 0.0, "contact": 0.0024697, "interconnect": 0.0, "corrosion": 0.0793379}