{"crack": 0.2226742, "contact": 0.0182708, "interconnect": 0.0, "corrosion": 0.0}