{"crack": 0.0335584, "contact": 0.0201706, "interconnect": 0.0002607, "corrosion": 0.0006418}