{"crack": 0.0018797, "contact": 0.0641803, "interconnect": 0.000712, "corrosion": 0.0232399}