{"crack": 0.0862589, "contact": 0.0047831, "interconnect": 0.0, "corrosion": 0.0}