{"crack": 0.0575358, "contact": 0.0014609, "interconnect": 0.0, "corrosion": 0.0}