{"crack": 0.0848251, "contact": 0.0029254, "interconnect": 0.0, "corrosion": 0.0}