{"crack": 0.0010376, "contact": 0.0004746, "interconnect": 0.0, "corrosion": 0.0}