{"crack": 0.1872031, "contact": 0.0292941, "interconnect": 0.0, "corrosion": 0.0}