{"crack": 0.0059437, "contact": 0.0325126, "interconnect": 0.0, "corrosion": 0.0}