{"crack": 0.4918015, "contact": 0.002381, "interconnect": 0.0, "corrosion": 0.0}