{"crack": 0.0138104, "contact": 0.0838441, "interconnect": 0.0, "corrosion": 0.0}