{"crack": 0.030008, "contact": 0.0268343, "interconnect": 0.0, "corrosion": 0.0}