{"crack": 0.1005579, "contact": 0.0100628, "interconnect": 0.0, "corrosion": 0.0}