{"crack": 0.3063523, "contact": 0.0020339, "interconnect": 0.0, "corrosion": 0.0}