{"crack": 0.0, "contact": 0.0018579, "interconnect": 0.0446768, "corrosion": 0.0}