{"crack": 0.0914908, "contact": 0.001291, "interconnect": 0.0006384, "corrosion": 0.0132647}