{"crack": 0.0007894, "contact": 0.0007314, "interconnect": 0.0, "corrosion": 0.0}