{"crack": 0.0, "contact": 0.0038247, "interconnect": 0.0003187, "corrosion": 0.0}