{"crack": 0.238609, "contact": 0.0390999, "interconnect": 0.0, "corrosion": 0.0}