{"crack": 0.4132118, "contact": 0.0465372, "interconnect": 0.0, "corrosion": 0.0}