{"crack": 0.0003318, "contact": 0.0005096, "interconnect": 0.0, "corrosion": 0.0}