{"crack": 0.0, "contact": 0.0011923, "interconnect": 0.0, "corrosion": 0.166287}