{"crack": 0.1555185, "contact": 0.0040793, "interconnect": 0.0, "corrosion": 0.0}