{"crack": 0.3293768, "contact": 0.0222766, "interconnect": 0.0, "corrosion": 0.0}