{"crack": 0.149479, "contact": 0.0471494, "interconnect": 0.0, "corrosion": 0.0}