{"crack": 0.0, "contact": 0.0137931, "interconnect": 0.0001516, "corrosion": 0.0}