{"crack": 0.0005188, "contact": 0.0004857, "interconnect": 0.0, "corrosion": 0.0}