{"crack": 0.0005364, "contact": 0.001849, "interconnect": 0.0, "corrosion": 0.0}