{"crack": 0.0247251, "contact": 0.0303023, "interconnect": 0.0, "corrosion": 0.0}