{"crack": 0.000546, "contact": 0.0011148, "interconnect": 0.0, "corrosion": 0.0}