{"crack": 0.5012223, "contact": 0.0288603, "interconnect": 0.0, "corrosion": 0.0}