{"crack": 0.0028225, "contact": 0.0002126, "interconnect": 0.0, "corrosion": 0.0}