{"crack": 0.0148273, "contact": 0.0012558, "interconnect": 0.0, "corrosion": 0.0048322}