{"crack": 0.1373797, "contact": 0.094583, "interconnect": 0.0, "corrosion": 0.0}