{"crack": 0.1669252, "contact": 0.0143308, "interconnect": 0.0, "corrosion": 0.0}