{"crack": 0.1619546, "contact": 0.1429181, "interconnect": 0.0, "corrosion": 0.0}