{"crack": 0.0, "contact": 0.0129712, "interconnect": 0.0054055, "corrosion": 0.0004722}