{"crack": 0.1715488, "contact": 0.0157569, "interconnect": 0.0, "corrosion": 0.0}