{"crack": 0.0635969, "contact": 0.0056459, "interconnect": 0.0, "corrosion": 0.0}