{"crack": 0.4184867, "contact": 0.0191441, "interconnect": 0.0, "corrosion": 0.0}