{"crack": 0.1064509, "contact": 0.0924701, "interconnect": 0.0, "corrosion": 0.0}