{"crack": 0.1147666, "contact": 0.3684377, "interconnect": 0.0, "corrosion": 0.0}