{"crack": 0.0251051, "contact": 0.0190414, "interconnect": 0.0001125, "corrosion": 0.0003534}