{"crack": 0.0, "contact": 0.0, "interconnect": 0.0039303, "corrosion": 0.0270705}