{"crack": 0.0002497, "contact": 0.0005232, "interconnect": 0.0, "corrosion": 0.0}