{"crack": 0.4684354, "contact": 0.0037248, "interconnect": 0.0, "corrosion": 0.0}