{"crack": 0.0015951, "contact": 0.1274689, "interconnect": 0.0, "corrosion": 0.0}