{"crack": 0.0002688, "contact": 0.041693, "interconnect": 0.0, "corrosion": 0.0}