{"crack": 0.0349903, "contact": 0.0033554, "interconnect": 0.0, "corrosion": 0.0}