{"crack": 0.3470434, "contact": 0.0459596, "interconnect": 0.0, "corrosion": 0.0}