{"crack": 0.3757479, "contact": 0.0138665, "interconnect": 0.0, "corrosion": 0.0}