{"crack": 0.0, "contact": 0.0024328, "interconnect": 0.0050842, "corrosion": 0.0}