{"crack": 0.0025424, "contact": 0.0019125, "interconnect": 0.0, "corrosion": 0.0}