{"crack": 0.0006153, "contact": 0.0048873, "interconnect": 0.0, "corrosion": 0.0}