{"crack": 0.2755948, "contact": 0.045566, "interconnect": 0.0, "corrosion": 0.0}