{"crack": 0.0086023, "contact": 0.0067332, "interconnect": 0.0, "corrosion": 0.0}