{"crack": 0.0219384, "contact": 0.0119483, "interconnect": 0.0, "corrosion": 0.0002303}