{"crack": 0.0107192, "contact": 0.0078905, "interconnect": 0.0, "corrosion": 0.0}