{"crack": 0.042579, "contact": 0.0011338, "interconnect": 0.0, "corrosion": 0.0}