{"crack": 0.2638839, "contact": 0.0407445, "interconnect": 0.0, "corrosion": 0.0}