{"crack": 0.3820783, "contact": 0.0326296, "interconnect": 0.0, "corrosion": 0.0}