{"crack": 0.1705316, "contact": 0.0208752, "interconnect": 0.0, "corrosion": 0.0}