{"crack": 0.3303328, "contact": 0.0580751, "interconnect": 0.0, "corrosion": 0.0}