{"crack": 0.4539291, "contact": 0.0275477, "interconnect": 0.0, "corrosion": 0.0}