{"crack": 0.0050904, "contact": 0.0004337, "interconnect": 0.0, "corrosion": 0.0}