{"crack": 0.0002503, "contact": 0.0416098, "interconnect": 0.0, "corrosion": 0.0}