{"crack": 0.0017029, "contact": 0.019025, "interconnect": 0.0, "corrosion": 0.0}