{"crack": 0.034034, "contact": 0.0023496, "interconnect": 0.002905, "corrosion": 0.0149806}