{"crack": 0.0635708, "contact": 0.0010765, "interconnect": 0.0, "corrosion": 0.0}