{"crack": 0.0013151, "contact": 0.003299, "interconnect": 0.0, "corrosion": 0.0}