{"crack": 0.0064962, "contact": 0.0020294, "interconnect": 0.0, "corrosion": 0.0}