{"crack": 0.0001197, "contact": 0.0063823, "interconnect": 0.0, "corrosion": 0.0}