{"crack": 0.1684698, "contact": 0.0188099, "interconnect": 0.0, "corrosion": 0.0}