{"crack": 0.0007455, "contact": 0.0275846, "interconnect": 0.0, "corrosion": 0.0}