{"crack": 0.0003514, "contact": 0.002392, "interconnect": 0.0, "corrosion": 0.0}