{"crack": 0.0001593, "contact": 0.0097711, "interconnect": 0.0, "corrosion": 0.0}