{"crack": 0.0138673, "contact": 0.0017691, "interconnect": 0.0, "corrosion": 0.0}