{"crack": 0.0004237, "contact": 0.0007885, "interconnect": 0.0, "corrosion": 0.0}