{"crack": 0.0347339, "contact": 0.0, "interconnect": 0.0014999, "corrosion": 0.0009862}