{"crack": 0.0263284, "contact": 0.0012826, "interconnect": 0.0, "corrosion": 0.0}