{"crack": 0.0, "contact": 0.0017373, "interconnect": 0.0017515, "corrosion": 0.0}