{"crack": 0.0001273, "contact": 0.0011222, "interconnect": 0.0, "corrosion": 0.0}