{"crack": 0.0912297, "contact": 0.0105221, "interconnect": 0.0, "corrosion": 0.0}