{"crack": 0.3927703, "contact": 0.001036, "interconnect": 0.0, "corrosion": 0.0}