{"crack": 0.0194905, "contact": 0.0019356, "interconnect": 0.0, "corrosion": 0.0034202}