{"crack": 0.0007752, "contact": 0.0024143, "interconnect": 0.0, "corrosion": 0.0}