{"crack": 0.0981727, "contact": 0.0040377, "interconnect": 0.0, "corrosion": 0.0}