{"crack": 0.0001078, "contact": 0.000982, "interconnect": 0.0, "corrosion": 0.0}