{"crack": 0.2962585, "contact": 0.0116014, "interconnect": 0.0, "corrosion": 0.0}