{"crack": 0.0089619, "contact": 0.0030299, "interconnect": 0.0, "corrosion": 0.0}