{"crack": 0.0216337, "contact": 0.0264703, "interconnect": 0.0004225, "corrosion": 0.0}