{"crack": 0.0092419, "contact": 0.0029317, "interconnect": 0.0, "corrosion": 0.0}