{"crack": 0.3604673, "contact": 0.0692968, "interconnect": 0.0, "corrosion": 0.0}