{"crack": 0.0, "contact": 0.0414246, "interconnect": 0.0058242, "corrosion": 0.1465311}