{"crack": 0.0168319, "contact": 0.0039721, "interconnect": 0.0, "corrosion": 0.0}