{"crack": 0.1285302, "contact": 0.0002932, "interconnect": 0.0, "corrosion": 0.0}