{"crack": 0.0006895, "contact": 0.0052514, "interconnect": 0.0, "corrosion": 0.0}