{"crack": 0.185158, "contact": 0.0017407, "interconnect": 0.0, "corrosion": 0.0}