{"crack": 0.0655903, "contact": 0.0046891, "interconnect": 0.0, "corrosion": 0.0}