{"crack": 0.0021874, "contact": 0.0059093, "interconnect": 0.0, "corrosion": 0.0}