{"crack": 0.0402768, "contact": 0.0410274, "interconnect": 0.0, "corrosion": 0.0}