{"crack": 0.0020553, "contact": 0.0056915, "interconnect": 0.0, "corrosion": 0.0}