{"crack": 0.0, "contact": 0.001568, "interconnect": 0.001456, "corrosion": 0.0}