{"crack": 0.0, "contact": 0.0277544, "interconnect": 0.0054067, "corrosion": 0.0}