{"crack": 0.0005824, "contact": 0.0037042, "interconnect": 0.0, "corrosion": 0.0}