{"crack": 0.4589686, "contact": 0.0032772, "interconnect": 0.0, "corrosion": 0.0}