{"crack": 0.2588784, "contact": 0.0247412, "interconnect": 0.0, "corrosion": 0.0}