{"crack": 0.0045693, "contact": 0.0050394, "interconnect": 0.0, "corrosion": 0.0}