{"crack": 0.001666, "contact": 0.0008677, "interconnect": 0.0, "corrosion": 0.0}