{"crack": 0.1990485, "contact": 0.0007124, "interconnect": 0.0, "corrosion": 0.0}