{"crack": 0.3835872, "contact": 0.0002486, "interconnect": 0.0, "corrosion": 0.0}