{"crack": 0.0, "contact": 0.0132294, "interconnect": 0.0006094, "corrosion": 0.0}