{"crack": 0.0, "contact": 0.0096089, "interconnect": 0.0001554, "corrosion": 0.0}