{"crack": 0.0006011, "contact": 0.0002404, "interconnect": 0.0, "corrosion": 0.0}