{"crack": 0.2326565, "contact": 0.1853001, "interconnect": 0.0, "corrosion": 0.0}