{"crack": 0.0299244, "contact": 0.0013857, "interconnect": 0.0, "corrosion": 0.0}