{"crack": 0.2004283, "contact": 0.1090382, "interconnect": 0.0, "corrosion": 0.0}