{"crack": 0.1361457, "contact": 0.1635164, "interconnect": 0.0, "corrosion": 0.0}