{"crack": 0.5802115, "contact": 0.0314859, "interconnect": 0.0, "corrosion": 0.0}