{"crack": 0.3788275, "contact": 0.0116315, "interconnect": 0.0, "corrosion": 0.0}