{"crack": 0.2253713, "contact": 0.0245675, "interconnect": 0.0, "corrosion": 0.0}