{"crack": 0.4116834, "contact": 0.0006722, "interconnect": 0.0, "corrosion": 0.0}