{"crack": 0.0009131, "contact": 0.0008218, "interconnect": 0.0, "corrosion": 0.0}