{"crack": 0.0063191, "contact": 0.0, "interconnect": 0.0, "corrosion": 0.0014976}