{"crack": 0.0275475, "contact": 0.0015556, "interconnect": 0.0, "corrosion": 0.0}