{"crack": 0.0003266, "contact": 0.0021622, "interconnect": 0.0, "corrosion": 0.0}