{"crack": 0.0182609, "contact": 0.0018648, "interconnect": 0.0, "corrosion": 0.0}