{"crack": 0.4261052, "contact": 0.0720485, "interconnect": 0.0, "corrosion": 0.0}