{"crack": 0.0001876, "contact": 0.0003753, "interconnect": 0.0, "corrosion": 0.0}