{"crack": 0.003355, "contact": 0.0007081, "interconnect": 0.0, "corrosion": 0.0}