{"crack": 0.0889785, "contact": 0.0691098, "interconnect": 0.0, "corrosion": 0.0}