{"crack": 0.0038136, "contact": 0.059929, "interconnect": 0.0, "corrosion": 0.0}