{"crack": 0.243224, "contact": 0.0009163, "interconnect": 0.0, "corrosion": 0.0}