{"crack": 0.0105232, "contact": 0.0032414, "interconnect": 0.0, "corrosion": 0.0}