{"crack": 0.4727891, "contact": 0.0032646, "interconnect": 0.0, "corrosion": 0.0}