{"crack": 0.0621076, "contact": 0.0053918, "interconnect": 0.0, "corrosion": 0.0}