{"crack": 0.3431356, "contact": 0.1055607, "interconnect": 0.0, "corrosion": 0.0}