{"crack": 0.0493004, "contact": 0.005153, "interconnect": 0.0, "corrosion": 0.0}