{"crack": 0.143205, "contact": 0.0150983, "interconnect": 0.0, "corrosion": 0.0}