{"crack": 0.0135937, "contact": 0.0346704, "interconnect": 0.0, "corrosion": 0.0}