{"crack": 0.0006277, "contact": 0.000662, "interconnect": 0.0, "corrosion": 0.0}