{"crack": 0.0004789, "contact": 0.0019158, "interconnect": 0.0, "corrosion": 0.0}