{"crack": 0.255268, "contact": 0.0030005, "interconnect": 0.0, "corrosion": 0.0}