{"crack": 0.1043934, "contact": 0.0001407, "interconnect": 0.0, "corrosion": 0.0}