{"crack": 0.0527553, "contact": 0.0213555, "interconnect": 0.0, "corrosion": 0.0}