{"crack": 0.1016331, "contact": 0.0001832, "interconnect": 0.0, "corrosion": 0.0}