{"crack": 0.0005456, "contact": 0.010297, "interconnect": 0.0, "corrosion": 0.0}