{"crack": 0.0002228, "contact": 0.0420713, "interconnect": 0.0, "corrosion": 0.0}