{"crack": 0.0025743, "contact": 0.0026581, "interconnect": 0.0, "corrosion": 0.0}