{"crack": 0.0010179, "contact": 0.0045003, "interconnect": 0.0, "corrosion": 0.0}