{"crack": 0.0348112, "contact": 0.0370514, "interconnect": 0.0, "corrosion": 0.0}