{"crack": 0.1253779, "contact": 0.0030005, "interconnect": 0.0, "corrosion": 0.0}