{"crack": 0.5616789, "contact": 0.0367128, "interconnect": 0.0, "corrosion": 0.0}