{"crack": 0.141224, "contact": 0.0016722, "interconnect": 0.0, "corrosion": 0.0}