{"crack": 0.0784814, "contact": 0.0041113, "interconnect": 0.0, "corrosion": 0.0}