{"crack": 0.0004606, "contact": 0.0025659, "interconnect": 0.0, "corrosion": 0.0}