{"crack": 0.0047194, "contact": 0.003875, "interconnect": 0.0, "corrosion": 0.0}