{"crack": 0.0004248, "contact": 0.0002941, "interconnect": 0.0, "corrosion": 0.0}