{"crack": 0.0122688, "contact": 0.0228887, "interconnect": 0.0, "corrosion": 0.0}