{"crack": 0.0183538, "contact": 0.0392384, "interconnect": 0.0, "corrosion": 0.0}