{"crack": 0.0004409, "contact": 0.0141726, "interconnect": 0.0, "corrosion": 0.0}