{"crack": 0.0001138, "contact": 0.0018542, "interconnect": 0.0, "corrosion": 0.0}