{"crack": 0.2609145, "contact": 0.0188436, "interconnect": 0.0, "corrosion": 0.0}