{"crack": 0.0017636, "contact": 0.0049702, "interconnect": 0.0, "corrosion": 0.0}