{"crack": 0.0975836, "contact": 0.0015002, "interconnect": 0.0, "corrosion": 0.0}