{"crack": 0.0, "contact": 0.009434, "interconnect": 0.0010775, "corrosion": 0.0}