{"crack": 0.0186117, "contact": 0.0271546, "interconnect": 0.000299, "corrosion": 0.0020213}