{"crack": 0.0010034, "contact": 0.0011929, "interconnect": 0.0, "corrosion": 0.0}