{"crack": 0.0003091, "contact": 0.0062252, "interconnect": 0.0, "corrosion": 0.0}