{"crack": 0.33123, "contact": 0.0003894, "interconnect": 0.0, "corrosion": 0.0}