{"crack": 0.1900181, "contact": 0.0141077, "interconnect": 0.0, "corrosion": 0.0}