{"crack": 0.2590581, "contact": 0.0349401, "interconnect": 0.0, "corrosion": 0.0}