{"crack": 0.0052974, "contact": 0.0090894, "interconnect": 0.0, "corrosion": 0.0}