{"crack": 0.0304405, "contact": 0.0110198, "interconnect": 0.0, "corrosion": 0.0}