{"crack": 0.4043983, "contact": 0.0116585, "interconnect": 0.0, "corrosion": 0.0}