{"crack": 0.0010135, "contact": 0.0010718, "interconnect": 0.0, "corrosion": 0.0}