{"crack": 0.0165436, "contact": 0.0946294, "interconnect": 0.0, "corrosion": 0.0}