{"crack": 0.0004468, "contact": 0.0004287, "interconnect": 0.0, "corrosion": 0.0}