{"crack": 0.5289584, "contact": 0.0772578, "interconnect": 0.0, "corrosion": 0.0}