{"crack": 0.464109, "contact": 0.0018781, "interconnect": 0.0, "corrosion": 0.0}