{"crack": 0.1525352, "contact": 0.0472099, "interconnect": 0.0, "corrosion": 0.0}