{"crack": 0.0045455, "contact": 0.0843501, "interconnect": 0.0, "corrosion": 0.0}