{"crack": 0.0008058, "contact": 0.0023952, "interconnect": 0.0, "corrosion": 0.0}