{"crack": 0.0185435, "contact": 0.1071256, "interconnect": 0.0, "corrosion": 0.0}