{"crack": 0.0195844, "contact": 0.0126257, "interconnect": 4.86e-05, "corrosion": 5.98e-05}