{"crack": 0.1443232, "contact": 0.0029719, "interconnect": 0.0, "corrosion": 0.0}