{"crack": 0.2360356, "contact": 0.0012295, "interconnect": 0.0, "corrosion": 0.0}