{"crack": 0.0, "contact": 0.000989, "interconnect": 0.0, "corrosion": 0.1552391}