{"crack": 0.0162673, "contact": 0.0018266, "interconnect": 0.0, "corrosion": 0.0007191}