{"crack": 0.043573, "contact": 0.0015451, "interconnect": 0.0, "corrosion": 0.0}