{"crack": 0.2100327, "contact": 0.0167606, "interconnect": 0.0, "corrosion": 0.0}