{"crack": 0.0, "contact": 0.0057912, "interconnect": 0.0678121, "corrosion": 0.0}