{"crack": 0.2026462, "contact": 0.0042145, "interconnect": 0.0, "corrosion": 0.0}