{"crack": 0.3600987, "contact": 0.0096119, "interconnect": 0.0, "corrosion": 0.0}