{"crack": 0.0074688, "contact": 0.0114311, "interconnect": 0.0, "corrosion": 0.0}