{"crack": 0.0032143, "contact": 0.0144236, "interconnect": 0.0, "corrosion": 0.0}