{"crack": 0.1827703, "contact": 0.0123153, "interconnect": 0.0, "corrosion": 0.0}