{"crack": 0.1264901, "contact": 0.0119665, "interconnect": 0.0, "corrosion": 0.0}