{"crack": 0.0067111, "contact": 0.00665, "interconnect": 0.0, "corrosion": 0.0}