{"crack": 0.0304094, "contact": 0.0266195, "interconnect": 9.03e-05, "corrosion": 0.0014266}