{"crack": 0.0008733, "contact": 0.0118013, "interconnect": 0.0, "corrosion": 0.0}