{"crack": 0.3394312, "contact": 0.0068349, "interconnect": 0.0, "corrosion": 0.0}