{"crack": 0.0007081, "contact": 0.005086, "interconnect": 0.0, "corrosion": 0.0}