{"crack": 0.0261863, "contact": 0.0266403, "interconnect": 0.0001265, "corrosion": 0.0017176}