{"crack": 0.037041, "contact": 0.0011178, "interconnect": 0.0, "corrosion": 0.0}