{"crack": 0.2975664, "contact": 0.0635037, "interconnect": 0.0, "corrosion": 0.0}