{"crack": 0.0716057, "contact": 0.0021499, "interconnect": 0.0, "corrosion": 0.0}