{"crack": 0.0081377, "contact": 0.0036335, "interconnect": 0.0, "corrosion": 0.0}