{"crack": 0.0112434, "contact": 6.1e-05, "interconnect": 0.0, "corrosion": 0.006187}