{"crack": 0.223522, "contact": 0.0006435, "interconnect": 0.0, "corrosion": 0.0}