{"crack": 0.044102, "contact": 0.0287165, "interconnect": 0.0, "corrosion": 0.0}