{"crack": 0.035375, "contact": 0.0017987, "interconnect": 0.0, "corrosion": 0.0}