{"crack": 0.235002, "contact": 0.0007348, "interconnect": 0.0, "corrosion": 0.0}