{"crack": 0.000475, "contact": 0.0967944, "interconnect": 2.8e-06, "corrosion": 0.0}