{"crack": 0.300353, "contact": 0.0084218, "interconnect": 0.0, "corrosion": 0.0}