{"crack": 0.3628825, "contact": 0.0084746, "interconnect": 0.0, "corrosion": 0.0}