{"crack": 0.0866944, "contact": 0.0106833, "interconnect": 0.0, "corrosion": 0.0}