{"crack": 0.054049, "contact": 0.0031662, "interconnect": 0.0, "corrosion": 0.0}