{"crack": 0.0424311, "contact": 0.0142468, "interconnect": 0.0, "corrosion": 0.0}