{"crack": 0.0003794, "contact": 0.0330751, "interconnect": 0.0, "corrosion": 0.0}