{"crack": 0.0082324, "contact": 0.0010377, "interconnect": 0.0, "corrosion": 0.0}