{"crack": 0.3859157, "contact": 0.01954, "interconnect": 0.0, "corrosion": 0.0}