{"crack": 0.0012452, "contact": 0.0178485, "interconnect": 0.0, "corrosion": 0.0}