{"crack": 0.0190378, "contact": 0.002317, "interconnect": 0.0, "corrosion": 0.0}