{"crack": 0.5620781, "contact": 0.0032545, "interconnect": 0.0, "corrosion": 0.0}