{"crack": 0.2400832, "contact": 0.0023442, "interconnect": 0.0, "corrosion": 0.0}