{"crack": 0.0001202, "contact": 0.0044153, "interconnect": 0.0, "corrosion": 0.0}