{"crack": 0.0028322, "contact": 0.0016709, "interconnect": 0.0, "corrosion": 0.0}