{"crack": 0.0364178, "contact": 0.0023477, "interconnect": 0.0, "corrosion": 0.0}