{"crack": 0.0, "contact": 0.0164074, "interconnect": 0.1079596, "corrosion": 0.0}