{"crack": 0.0063459, "contact": 0.0076927, "interconnect": 0.0, "corrosion": 0.0}