{"crack": 0.2436441, "contact": 0.0135479, "interconnect": 0.0, "corrosion": 0.0}