{"crack": 0.1802606, "contact": 0.006389, "interconnect": 0.0, "corrosion": 0.0}