{"crack": 0.3222245, "contact": 0.1640784, "interconnect": 0.0, "corrosion": 0.0}