{"crack": 0.4118498, "contact": 0.0407025, "interconnect": 0.0, "corrosion": 0.0}