{"crack": 0.072819, "contact": 0.0106982, "interconnect": 0.0, "corrosion": 0.0}