{"crack": 0.6071981, "contact": 0.0152539, "interconnect": 0.0, "corrosion": 0.0}