{"crack": 0.2536329, "contact": 0.0017702, "interconnect": 0.0, "corrosion": 0.0}