{"crack": 0.005665, "contact": 0.0024631, "interconnect": 0.0, "corrosion": 0.0}