{"crack": 0.462434, "contact": 0.0651854, "interconnect": 0.0, "corrosion": 0.0}