{"crack": 0.5687766, "contact": 0.0035686, "interconnect": 0.0, "corrosion": 0.0}