{"crack": 0.0007972, "contact": 0.0029278, "interconnect": 0.0, "corrosion": 0.0}