{"crack": 0.0148308, "contact": 0.0039969, "interconnect": 0.0, "corrosion": 0.0}