{"crack": 0.018914, "contact": 0.0296703, "interconnect": 0.0, "corrosion": 0.0}