{"crack": 0.0002378, "contact": 0.0001902, "interconnect": 0.0, "corrosion": 0.0}