{"crack": 0.6334743, "contact": 0.002366, "interconnect": 0.0, "corrosion": 0.0}