{"crack": 0.0061417, "contact": 0.0035111, "interconnect": 0.0, "corrosion": 0.0}