{"crack": 0.4531639, "contact": 0.0478277, "interconnect": 0.0, "corrosion": 0.0}