{"crack": 0.0349475, "contact": 0.0081056, "interconnect": 0.0, "corrosion": 0.0}