{"crack": 0.5131385, "contact": 0.0109658, "interconnect": 0.0, "corrosion": 0.0}