{"crack": 0.0, "contact": 0.0037581, "interconnect": 0.0001331, "corrosion": 0.0}