{"crack": 0.000229, "contact": 0.0011681, "interconnect": 0.0, "corrosion": 0.0}