{"crack": 0.0763586, "contact": 0.0509425, "interconnect": 0.0, "corrosion": 0.0}