{"crack": 0.0388727, "contact": 0.0045814, "interconnect": 0.0, "corrosion": 0.0}