{"crack": 0.1871965, "contact": 0.0849404, "interconnect": 0.0, "corrosion": 0.0}