{"crack": 0.0044113, "contact": 0.0037264, "interconnect": 0.0, "corrosion": 0.0}