{"crack": 0.0121736, "contact": 0.0072721, "interconnect": 0.0, "corrosion": 0.0}