{"crack": 0.0205507, "contact": 0.0013393, "interconnect": 0.0, "corrosion": 0.0}