{"crack": 0.0033557, "contact": 0.0154362, "interconnect": 0.0, "corrosion": 0.0}