{"crack": 0.0032774, "contact": 0.0016836, "interconnect": 0.0, "corrosion": 0.0}