{"crack": 0.02429, "contact": 0.0025195, "interconnect": 0.0, "corrosion": 0.0}