{"crack": 0.0758475, "contact": 0.0193312, "interconnect": 0.0, "corrosion": 0.0}