{"crack": 0.1818182, "contact": 0.0057491, "interconnect": 0.0, "corrosion": 0.0}