{"crack": 0.0, "contact": 0.0119748, "interconnect": 0.000743, "corrosion": 0.0}