{"crack": 0.0030183, "contact": 0.0027048, "interconnect": 0.0, "corrosion": 0.0}