{"crack": 0.0010368, "contact": 0.0002773, "interconnect": 0.0, "corrosion": 0.0}