{"crack": 0.0001316, "contact": 0.004693, "interconnect": 0.0, "corrosion": 0.0}