{"crack": 0.0670198, "contact": 0.0128163, "interconnect": 0.0, "corrosion": 0.0006076}