{"crack": 0.0001916, "contact": 0.0006585, "interconnect": 0.0, "corrosion": 0.0}