{"crack": 0.0798526, "contact": 0.090339, "interconnect": 0.0, "corrosion": 0.0}