{"crack": 0.214372, "contact": 0.0470661, "interconnect": 0.0, "corrosion": 0.0}