{"crack": 0.0336587, "contact": 0.04037, "interconnect": 0.0, "corrosion": 0.0}