{"crack": 0.0003995, "contact": 0.0036865, "interconnect": 0.0, "corrosion": 0.0}