{"crack": 0.1172599, "contact": 0.0012537, "interconnect": 0.0, "corrosion": 0.0}