{"crack": 0.0, "contact": 0.0012626, "interconnect": 0.0033241, "corrosion": 0.0}