{"crack": 0.0020728, "contact": 0.0024851, "interconnect": 0.0, "corrosion": 0.0}