{"crack": 0.2789623, "contact": 0.0098271, "interconnect": 0.0, "corrosion": 0.0}