{"crack": 0.1545465, "contact": 0.0049473, "interconnect": 0.0, "corrosion": 0.0}