{"crack": 0.0, "contact": 0.0423645, "interconnect": 0.0205695, "corrosion": 0.0}