{"crack": 0.5268569, "contact": 0.0005405, "interconnect": 0.0, "corrosion": 0.0}