{"crack": 0.2062919, "contact": 0.0137772, "interconnect": 0.0, "corrosion": 0.0}