{"crack": 0.0149087, "contact": 0.0072295, "interconnect": 0.0, "corrosion": 0.0}