{"crack": 0.0004466, "contact": 0.0038937, "interconnect": 0.0, "corrosion": 0.0}