{"crack": 0.0259047, "contact": 0.0338065, "interconnect": 0.0, "corrosion": 0.0}