{"crack": 0.0259798, "contact": 0.0430811, "interconnect": 0.0002075, "corrosion": 0.003717}