{"crack": 0.1716216, "contact": 0.0007902, "interconnect": 0.0, "corrosion": 0.0}