{"crack": 0.0046425, "contact": 0.0002014, "interconnect": 0.0, "corrosion": 0.0}