{"crack": 0.2660802, "contact": 0.0728947, "interconnect": 0.0, "corrosion": 0.0}