{"crack": 0.3787821, "contact": 0.0112961, "interconnect": 0.0, "corrosion": 0.0}