{"crack": 0.0030545, "contact": 0.0010739, "interconnect": 0.0, "corrosion": 0.0}