{"crack": 0.008514, "contact": 0.0275258, "interconnect": 0.0, "corrosion": 0.0}