{"crack": 0.2536779, "contact": 0.0549396, "interconnect": 0.0, "corrosion": 0.0}