{"crack": 0.0762726, "contact": 0.0673352, "interconnect": 0.0, "corrosion": 0.0}