{"crack": 0.299071, "contact": 0.0029507, "interconnect": 0.0, "corrosion": 0.0}