{"crack": 0.0067109, "contact": 0.0001145, "interconnect": 0.0, "corrosion": 0.0}