{"crack": 0.7641554, "contact": 0.0033392, "interconnect": 0.0, "corrosion": 0.0}