{"crack": 0.2857846, "contact": 0.0073986, "interconnect": 0.0, "corrosion": 0.0}