{"crack": 0.0076729, "contact": 0.0034127, "interconnect": 0.0, "corrosion": 0.0}