{"crack": 0.0328108, "contact": 0.0103237, "interconnect": 1.8e-06, "corrosion": 0.0005674}