{"crack": 0.2831132, "contact": 0.0148291, "interconnect": 0.0, "corrosion": 0.0}