{"crack": 0.074539, "contact": 0.1707155, "interconnect": 0.0, "corrosion": 0.0}