{"crack": 0.0571065, "contact": 0.0214889, "interconnect": 0.0, "corrosion": 0.0}