{"crack": 0.3655695, "contact": 0.0030312, "interconnect": 0.0, "corrosion": 0.0}