{"crack": 0.1808055, "contact": 0.014096, "interconnect": 0.0, "corrosion": 0.0}