{"crack": 0.0023996, "contact": 0.0026209, "interconnect": 0.0, "corrosion": 0.0}