{"crack": 0.0745737, "contact": 0.0003611, "interconnect": 0.0, "corrosion": 0.0}