{"crack": 0.0818302, "contact": 0.0448638, "interconnect": 0.0, "corrosion": 0.0}