{"crack": 0.0009901, "contact": 0.0188356, "interconnect": 0.0, "corrosion": 0.0}