{"crack": 0.3112575, "contact": 0.0038708, "interconnect": 0.0, "corrosion": 0.0}