{"crack": 0.010489, "contact": 0.0034697, "interconnect": 0.0, "corrosion": 0.0}