{"crack": 0.2080889, "contact": 0.0083725, "interconnect": 0.0, "corrosion": 0.0}