{"crack": 0.0, "contact": 0.0150788, "interconnect": 0.0007325, "corrosion": 0.0}