{"crack": 0.005143, "contact": 0.0721533, "interconnect": 0.0, "corrosion": 0.0}