{"crack": 0.0208319, "contact": 0.0155867, "interconnect": 0.0, "corrosion": 0.0}