{"crack": 0.1941259, "contact": 0.0028438, "interconnect": 0.0, "corrosion": 0.0}