{"crack": 0.0002861, "contact": 0.0020528, "interconnect": 0.0, "corrosion": 0.0}