{"crack": 0.0055272, "contact": 0.0007469, "interconnect": 0.0, "corrosion": 0.0}