{"crack": 0.1649719, "contact": 0.0046327, "interconnect": 0.0, "corrosion": 0.0}