{"crack": 0.1705996, "contact": 0.0030494, "interconnect": 0.0, "corrosion": 0.0}