{"crack": 0.046319, "contact": 0.0061539, "interconnect": 0.0, "corrosion": 0.0}