{"crack": 0.1538687, "contact": 0.0011525, "interconnect": 0.0, "corrosion": 0.0}