{"crack": 0.0, "contact": 0.0100445, "interconnect": 0.0252793, "corrosion": 0.0}