{"crack": 0.0, "contact": 0.0056747, "interconnect": 0.0099847, "corrosion": 0.0}