{"crack": 0.004086, "contact": 0.0005136, "interconnect": 0.0, "corrosion": 0.0}