{"crack": 0.3705841, "contact": 0.0859371, "interconnect": 0.0, "corrosion": 0.0}