{"crack": 0.0033147, "contact": 0.0003321, "interconnect": 0.0, "corrosion": 0.0}