{"crack": 0.0386975, "contact": 0.0240072, "interconnect": 0.0, "corrosion": 0.0}