{"crack": 0.2572847, "contact": 0.0013696, "interconnect": 0.0, "corrosion": 0.0}