{"crack": 0.3000915, "contact": 0.0015599, "interconnect": 0.0, "corrosion": 0.0}