{"crack": 0.0004294, "contact": 0.0032993, "interconnect": 0.0, "corrosion": 0.0}