{"crack": 0.4084565, "contact": 0.2076824, "interconnect": 0.0, "corrosion": 0.0}