{"crack": 0.0011491, "contact": 0.0016088, "interconnect": 0.0, "corrosion": 0.0}