{"crack": 0.2678194, "contact": 0.0027869, "interconnect": 0.0, "corrosion": 0.0}