{"crack": 0.0332539, "contact": 0.0637025, "interconnect": 0.0, "corrosion": 0.0}