{"crack": 0.0, "contact": 0.0317465, "interconnect": 0.0, "corrosion": 0.000252}