{"crack": 0.0162795, "contact": 0.0394291, "interconnect": 0.0, "corrosion": 0.0}