{"crack": 0.2165849, "contact": 0.0204191, "interconnect": 0.0, "corrosion": 0.0}