{"crack": 0.3113777, "contact": 0.1233108, "interconnect": 0.0, "corrosion": 0.0}