{"crack": 0.0, "contact": 0.0238881, "interconnect": 0.0167145, "corrosion": 0.0}