{"crack": 0.1428605, "contact": 0.0619623, "interconnect": 0.0, "corrosion": 0.0}