{"crack": 0.4263664, "contact": 0.059946, "interconnect": 0.0, "corrosion": 0.0}