{"crack": 0.5460916, "contact": 0.0482528, "interconnect": 0.0, "corrosion": 0.0}