{"crack": 0.1772281, "contact": 0.0015364, "interconnect": 0.0, "corrosion": 0.0}