{"crack": 0.0, "contact": 0.0368377, "interconnect": 0.0599784, "corrosion": 0.0}