{"crack": 0.0, "contact": 0.0015116, "interconnect": 0.0, "corrosion": 0.1706408}