{"crack": 0.4130898, "contact": 0.0135479, "interconnect": 0.0, "corrosion": 0.0}