{"crack": 0.002528, "contact": 0.0005817, "interconnect": 0.0, "corrosion": 0.0}