{"crack": 0.3081604, "contact": 0.0689326, "interconnect": 0.0, "corrosion": 0.0}