{"crack": 0.0003818, "contact": 0.0003934, "interconnect": 0.0, "corrosion": 0.0}