{"crack": 0.0862002, "contact": 0.0004466, "interconnect": 0.0, "corrosion": 0.0}