{"crack": 0.1223979, "contact": 0.0231259, "interconnect": 0.0, "corrosion": 0.0}