{"crack": 0.3885032, "contact": 0.0299928, "interconnect": 0.0, "corrosion": 0.0}