{"crack": 0.0038852, "contact": 0.0886149, "interconnect": 0.0, "corrosion": 0.0}