{"crack": 0.0086261, "contact": 0.0101807, "interconnect": 0.0, "corrosion": 0.0}