{"crack": 0.0313327, "contact": 0.000267, "interconnect": 0.0, "corrosion": 0.0}