{"crack": 0.1486735, "contact": 0.010051, "interconnect": 0.0, "corrosion": 0.0}