{"crack": 0.0001169, "contact": 0.0075506, "interconnect": 0.0, "corrosion": 0.0}