{"crack": 0.235039, "contact": 0.0006779, "interconnect": 0.0, "corrosion": 0.0}