{"crack": 0.1948345, "contact": 0.1200507, "interconnect": 0.0, "corrosion": 0.0}