{"crack": 0.3408836, "contact": 0.0043534, "interconnect": 0.0, "corrosion": 0.0}