{"crack": 0.3326535, "contact": 0.0059445, "interconnect": 0.0, "corrosion": 0.0}