{"crack": 0.3762471, "contact": 0.0753446, "interconnect": 0.0, "corrosion": 0.0}