{"crack": 0.0003497, "contact": 0.0322402, "interconnect": 0.0, "corrosion": 0.0}