{"crack": 0.004851, "contact": 0.0278317, "interconnect": 0.0, "corrosion": 0.0}