{"crack": 0.0097343, "contact": 0.027508, "interconnect": 0.0, "corrosion": 0.0}