{"crack": 0.430737, "contact": 0.0114634, "interconnect": 0.0, "corrosion": 0.0}