{"crack": 0.3121714, "contact": 0.1031155, "interconnect": 0.0, "corrosion": 0.0}