{"crack": 0.0126319, "contact": 0.0232583, "interconnect": 0.0, "corrosion": 0.0}