{"crack": 0.0271025, "contact": 0.0043832, "interconnect": 0.0, "corrosion": 0.0007671}