{"crack": 0.0, "contact": 0.0089483, "interconnect": 0.0010593, "corrosion": 0.0}