{"crack": 0.0015973, "contact": 0.0853702, "interconnect": 0.0, "corrosion": 0.0}