{"crack": 0.2217445, "contact": 0.0094071, "interconnect": 0.0, "corrosion": 0.0}