{"crack": 0.0, "contact": 0.0008222, "interconnect": 0.0017583, "corrosion": 0.0}