{"crack": 0.512497, "contact": 0.0096299, "interconnect": 0.0, "corrosion": 0.0}