{"crack": 0.0061178, "contact": 0.0015324, "interconnect": 0.0, "corrosion": 0.0}