{"crack": 0.229633, "contact": 0.0079466, "interconnect": 0.0, "corrosion": 0.0}