{"crack": 0.1634371, "contact": 0.0260656, "interconnect": 0.0, "corrosion": 0.0}