{"crack": 0.0291921, "contact": 0.0257208, "interconnect": 0.0, "corrosion": 0.0}