{"crack": 0.0002108, "contact": 0.0043747, "interconnect": 0.0, "corrosion": 0.0}