{"crack": 0.0752126, "contact": 0.0039914, "interconnect": 0.0, "corrosion": 0.0}