{"crack": 0.0040448, "contact": 0.000809, "interconnect": 0.0, "corrosion": 0.0}