{"crack": 0.0003599, "contact": 0.1208554, "interconnect": 0.0, "corrosion": 0.0}