{"crack": 0.0095642, "contact": 0.0009159, "interconnect": 0.0, "corrosion": 0.0062157}