{"crack": 0.0005612, "contact": 0.0018209, "interconnect": 0.0, "corrosion": 0.0}