{"crack": 0.0067095, "contact": 0.0022015, "interconnect": 0.0, "corrosion": 0.0}