{"crack": 0.0064777, "contact": 0.0051078, "interconnect": 0.0, "corrosion": 0.0}