{"crack": 0.0, "contact": 0.0114409, "interconnect": 0.012214, "corrosion": 0.0}