{"crack": 0.0004372, "contact": 0.0009508, "interconnect": 0.0, "corrosion": 0.0}