{"crack": 0.0310647, "contact": 0.0233083, "interconnect": 0.0, "corrosion": 0.0008756}