{"crack": 0.0015078, "contact": 0.004274, "interconnect": 0.0, "corrosion": 0.0}