{"crack": 0.0024546, "contact": 0.032798, "interconnect": 0.0, "corrosion": 0.0}