{"crack": 0.2750219, "contact": 0.0501822, "interconnect": 0.0, "corrosion": 0.0}