{"crack": 0.0007875, "contact": 0.0042572, "interconnect": 0.0, "corrosion": 0.0}