{"crack": 0.4858902, "contact": 0.0126202, "interconnect": 0.0, "corrosion": 0.0}