{"crack": 0.0880722, "contact": 0.0013111, "interconnect": 0.0, "corrosion": 0.0}