{"crack": 0.0040271, "contact": 0.0122583, "interconnect": 0.0, "corrosion": 0.0}