{"crack": 0.2444857, "contact": 0.0135367, "interconnect": 0.0, "corrosion": 0.0}