{"crack": 0.0135135, "contact": 0.0022023, "interconnect": 0.0, "corrosion": 0.0}