{"crack": 0.0220284, "contact": 0.0003447, "interconnect": 0.0, "corrosion": 0.0}