{"crack": 0.0447396, "contact": 0.1442392, "interconnect": 0.0, "corrosion": 0.0}