{"crack": 0.0004566, "contact": 0.0014177, "interconnect": 0.0, "corrosion": 0.0}