{"crack": 0.0636395, "contact": 0.0001832, "interconnect": 0.0, "corrosion": 0.0}