{"crack": 0.4016033, "contact": 0.0179111, "interconnect": 0.0, "corrosion": 0.0}