{"crack": 0.0005215, "contact": 0.0018252, "interconnect": 0.0, "corrosion": 0.0}