{"crack": 0.0001157, "contact": 0.0010528, "interconnect": 0.0, "corrosion": 0.0}