{"crack": 0.0152657, "contact": 0.0019698, "interconnect": 0.0, "corrosion": 0.0}