{"crack": 0.0317269, "contact": 0.0053893, "interconnect": 0.0, "corrosion": 0.0}