{"crack": 0.0733104, "contact": 0.0516983, "interconnect": 0.0, "corrosion": 0.0}