{"crack": 0.6145918, "contact": 0.0318955, "interconnect": 0.0, "corrosion": 0.0}