{"crack": 0.0163098, "contact": 0.0060263, "interconnect": 0.0, "corrosion": 0.0}