{"crack": 0.0274938, "contact": 0.0215243, "interconnect": 3.44e-05, "corrosion": 0.0001823}