{"crack": 0.0511725, "contact": 0.0524263, "interconnect": 0.0, "corrosion": 0.0}