{"crack": 0.2376591, "contact": 0.1375964, "interconnect": 0.0, "corrosion": 0.0}