{"crack": 0.0061707, "contact": 0.0016892, "interconnect": 0.0, "corrosion": 0.0}