{"crack": 0.014655, "contact": 0.0078175, "interconnect": 0.0, "corrosion": 0.0}