{"crack": 0.285243, "contact": 0.0937659, "interconnect": 0.0, "corrosion": 0.0}