{"crack": 0.0043977, "contact": 0.0185071, "interconnect": 0.0, "corrosion": 0.0}