{"crack": 0.0, "contact": 0.0137447, "interconnect": 0.0693243, "corrosion": 0.0}