{"crack": 0.1895454, "contact": 0.0036771, "interconnect": 0.0, "corrosion": 0.0}