{"crack": 0.165892, "contact": 0.040824, "interconnect": 0.0, "corrosion": 0.0}