{"crack": 0.0031493, "contact": 0.0051878, "interconnect": 0.0, "corrosion": 0.0}