{"crack": 0.0255048, "contact": 0.0150115, "interconnect": 0.0, "corrosion": 0.0068185}