{"crack": 0.0281701, "contact": 0.0217075, "interconnect": 0.0002323, "corrosion": 0.0021542}