{"crack": 0.0, "contact": 0.0, "interconnect": 0.0026202, "corrosion": 0.0267715}