{"crack": 0.0002825, "contact": 0.0059681, "interconnect": 0.0, "corrosion": 0.0}