{"crack": 0.2391663, "contact": 0.0705795, "interconnect": 0.0, "corrosion": 0.0}