{"crack": 0.0002397, "contact": 0.0026252, "interconnect": 0.0, "corrosion": 0.0}