{"crack": 0.0025855, "contact": 0.0020684, "interconnect": 0.0, "corrosion": 0.0}