{"crack": 0.0007735, "contact": 0.0015584, "interconnect": 0.0, "corrosion": 0.0}