{"crack": 0.0436483, "contact": 0.0209922, "interconnect": 8.22e-05, "corrosion": 0.0010554}