{"crack": 0.6012497, "contact": 0.0035818, "interconnect": 0.0, "corrosion": 0.0}