{"crack": 0.3092234, "contact": 0.0095965, "interconnect": 0.0, "corrosion": 0.0}