{"crack": 0.3654791, "contact": 0.0441009, "interconnect": 0.0, "corrosion": 0.0}