{"crack": 0.2185822, "contact": 0.0106925, "interconnect": 0.0, "corrosion": 0.0}