{"crack": 0.3049232, "contact": 0.0181812, "interconnect": 0.0, "corrosion": 0.0}