{"crack": 0.1588773, "contact": 0.0085156, "interconnect": 0.0, "corrosion": 0.0}