{"crack": 0.0001365, "contact": 0.0008986, "interconnect": 0.0, "corrosion": 0.0}