{"crack": 0.0007274, "contact": 0.0, "interconnect": 0.0, "corrosion": 0.140958}