{"crack": 0.094925, "contact": 0.0, "interconnect": 0.000339, "corrosion": 0.0}