{"crack": 0.1816127, "contact": 0.0443303, "interconnect": 0.0, "corrosion": 0.0}