{"crack": 0.4250326, "contact": 0.0051994, "interconnect": 0.0, "corrosion": 0.0}