{"crack": 0.0032231, "contact": 0.0777225, "interconnect": 0.0, "corrosion": 0.0}