{"crack": 0.0011921, "contact": 0.000883, "interconnect": 0.0, "corrosion": 0.0}