{"crack": 0.000182, "contact": 0.0224093, "interconnect": 0.0, "corrosion": 0.0}