{"crack": 0.0001557, "contact": 0.0001557, "interconnect": 0.0, "corrosion": 0.0}