{"crack": 0.0078524, "contact": 0.0040175, "interconnect": 0.0, "corrosion": 0.0}