{"crack": 0.0426514, "contact": 0.0527854, "interconnect": 0.0, "corrosion": 0.0}