{"crack": 0.5266623, "contact": 0.0039891, "interconnect": 0.0, "corrosion": 0.0}