{"crack": 0.0663704, "contact": 0.0310108, "interconnect": 0.0, "corrosion": 0.0}