{"crack": 0.3408372, "contact": 0.0112729, "interconnect": 0.0, "corrosion": 0.0}