{"crack": 0.0154111, "contact": 0.0048556, "interconnect": 0.0, "corrosion": 0.0}