{"crack": 0.0011097, "contact": 0.0001193, "interconnect": 0.0, "corrosion": 0.0}