{"crack": 0.4530337, "contact": 0.0269131, "interconnect": 0.0, "corrosion": 0.0}