{"crack": 0.2836429, "contact": 0.0624956, "interconnect": 0.0, "corrosion": 0.0}