{"crack": 0.0055886, "contact": 0.0010192, "interconnect": 0.0, "corrosion": 0.0}