{"crack": 0.1752321, "contact": 0.0637001, "interconnect": 0.0, "corrosion": 0.0}