{"crack": 0.0772101, "contact": 0.0062087, "interconnect": 0.0, "corrosion": 0.0309723}