{"crack": 0.0775843, "contact": 0.0009603, "interconnect": 0.0, "corrosion": 0.0}