{"crack": 0.0128803, "contact": 0.0220518, "interconnect": 0.0, "corrosion": 0.0}