{"crack": 0.2498351, "contact": 0.0108065, "interconnect": 0.0, "corrosion": 0.0}