{"crack": 0.126219, "contact": 0.0585702, "interconnect": 0.0, "corrosion": 0.0}