{"crack": 0.0033106, "contact": 0.0053331, "interconnect": 0.0, "corrosion": 0.0}