{"crack": 0.0207366, "contact": 0.0628583, "interconnect": 0.0, "corrosion": 0.0}