{"crack": 0.0018193, "contact": 0.0001903, "interconnect": 0.0, "corrosion": 0.0}