{"crack": 0.263097, "contact": 0.0391522, "interconnect": 0.0, "corrosion": 0.0}