{"crack": 0.1364884, "contact": 0.0367933, "interconnect": 0.0, "corrosion": 0.0}