{"crack": 0.0997117, "contact": 0.0018679, "interconnect": 0.0, "corrosion": 0.0}