{"crack": 0.0035634, "contact": 0.0013999, "interconnect": 0.0, "corrosion": 0.0}