{"crack": 0.4490713, "contact": 0.0054678, "interconnect": 0.0, "corrosion": 0.0}