{"crack": 0.1771965, "contact": 0.0044402, "interconnect": 0.0, "corrosion": 0.0}