{"crack": 0.0006269, "contact": 0.0015904, "interconnect": 0.0, "corrosion": 0.0}