{"crack": 0.0507131, "contact": 0.0008562, "interconnect": 0.0, "corrosion": 0.0}