{"crack": 0.0006163, "contact": 0.0066998, "interconnect": 0.0, "corrosion": 0.0}