{"crack": 0.0053249, "contact": 0.0258152, "interconnect": 0.0, "corrosion": 0.0}