{"crack": 0.2556514, "contact": 0.1037941, "interconnect": 0.0, "corrosion": 0.0}