{"crack": 0.0002283, "contact": 0.0025224, "interconnect": 0.0, "corrosion": 0.0}