{"crack": 0.0131515, "contact": 0.0083757, "interconnect": 2.8e-06, "corrosion": 0.0006773}