{"crack": 0.0001883, "contact": 0.0005537, "interconnect": 0.0, "corrosion": 0.0}