{"crack": 0.070503, "contact": 0.0209276, "interconnect": 0.0, "corrosion": 0.0}