{"crack": 0.0546446, "contact": 0.001255, "interconnect": 0.0, "corrosion": 0.0}