{"crack": 0.0, "contact": 0.0360207, "interconnect": 0.0385678, "corrosion": 0.0}