{"crack": 0.5053917, "contact": 0.0218514, "interconnect": 0.0, "corrosion": 0.0}