{"crack": 0.007533, "contact": 0.0021343, "interconnect": 0.0, "corrosion": 0.0}