{"crack": 0.0007673, "contact": 0.0039166, "interconnect": 0.0, "corrosion": 0.0}