{"crack": 0.0421161, "contact": 0.0917993, "interconnect": 0.0, "corrosion": 0.0}