{"crack": 0.5543518, "contact": 0.0629409, "interconnect": 0.0, "corrosion": 0.0}