{"crack": 0.0, "contact": 0.046675, "interconnect": 0.0389115, "corrosion": 0.0}