{"crack": 0.1075699, "contact": 0.0029661, "interconnect": 0.0, "corrosion": 0.0}