{"crack": 0.0, "contact": 0.0185986, "interconnect": 0.0289552, "corrosion": 0.0}