{"crack": 0.0302946, "contact": 0.0008944, "interconnect": 0.0, "corrosion": 0.0031076}