{"crack": 0.0, "contact": 0.0009615, "interconnect": 0.0394499, "corrosion": 0.0}