{"crack": 0.0, "contact": 0.0340226, "interconnect": 0.0002055, "corrosion": 0.0}