{"crack": 0.1435611, "contact": 0.0441377, "interconnect": 0.0, "corrosion": 0.0}