{"crack": 0.5664321, "contact": 0.0946751, "interconnect": 0.0, "corrosion": 0.0}