{"crack": 0.0011533, "contact": 0.0003961, "interconnect": 0.0, "corrosion": 0.0}