{"crack": 0.0, "contact": 0.0190911, "interconnect": 0.024067, "corrosion": 0.0}