{"crack": 0.01287, "contact": 0.0016432, "interconnect": 0.0, "corrosion": 0.0}