{"crack": 0.2761494, "contact": 0.0184184, "interconnect": 0.0, "corrosion": 0.0}