{"crack": 0.0007029, "contact": 0.008752, "interconnect": 0.0, "corrosion": 0.0}