{"crack": 0.001589, "contact": 0.002189, "interconnect": 0.0, "corrosion": 0.0}