{"crack": 0.0001556, "contact": 0.0005388, "interconnect": 0.0, "corrosion": 0.0}