{"crack": 0.4949954, "contact": 0.0018094, "interconnect": 0.0, "corrosion": 0.0}