{"crack": 0.0215433, "contact": 0.0049059, "interconnect": 0.0, "corrosion": 0.0}