{"crack": 0.0017407, "contact": 0.0024049, "interconnect": 0.0, "corrosion": 0.0}