{"crack": 0.0003333, "contact": 0.0057802, "interconnect": 0.0, "corrosion": 0.0}