{"crack": 0.4938964, "contact": 0.0023874, "interconnect": 0.0, "corrosion": 0.0}