{"crack": 0.0021948, "contact": 0.0064925, "interconnect": 0.0, "corrosion": 0.0}