{"crack": 0.071148, "contact": 0.0564906, "interconnect": 0.0, "corrosion": 0.0}