{"crack": 0.2391039, "contact": 0.0021331, "interconnect": 0.0, "corrosion": 0.0}