{"crack": 0.2309375, "contact": 0.0211755, "interconnect": 0.0, "corrosion": 0.0}