{"crack": 0.3375088, "contact": 0.0408515, "interconnect": 0.0, "corrosion": 0.0}