{"crack": 0.0001656, "contact": 0.0018654, "interconnect": 0.0, "corrosion": 0.0}