{"crack": 0.2812264, "contact": 0.0844424, "interconnect": 0.0, "corrosion": 0.0}