{"crack": 0.0, "contact": 0.0028805, "interconnect": 0.0654741, "corrosion": 0.0}