{"crack": 0.0031126, "contact": 0.0046101, "interconnect": 0.0, "corrosion": 0.0}