{"crack": 0.0, "contact": 0.0030648, "interconnect": 0.0043099, "corrosion": 0.0}