{"crack": 0.3576589, "contact": 0.0693174, "interconnect": 0.0, "corrosion": 0.0}