{"crack": 0.4721112, "contact": 0.002326, "interconnect": 0.0, "corrosion": 0.0}