{"crack": 0.0417424, "contact": 0.0022792, "interconnect": 0.0, "corrosion": 0.0}