{"crack": 0.0116225, "contact": 0.0105041, "interconnect": 0.0, "corrosion": 0.0}