{"crack": 0.0004581, "contact": 0.0043862, "interconnect": 0.0, "corrosion": 0.0}