{"crack": 0.0005346, "contact": 0.0029348, "interconnect": 0.0, "corrosion": 0.0}