{"crack": 0.2371921, "contact": 0.0689772, "interconnect": 0.0, "corrosion": 0.0}