{"crack": 0.0001645, "contact": 0.0094961, "interconnect": 0.0, "corrosion": 0.0}