{"crack": 0.0080326, "contact": 0.0332792, "interconnect": 0.0, "corrosion": 0.0}