{"crack": 0.1057949, "contact": 0.0060513, "interconnect": 0.0, "corrosion": 0.0}