{"crack": 0.0, "contact": 0.0310361, "interconnect": 0.0015518, "corrosion": 0.0}