{"crack": 0.1368774, "contact": 0.0043038, "interconnect": 0.0, "corrosion": 0.0}