{"crack": 0.0005841, "contact": 0.0011109, "interconnect": 0.0, "corrosion": 0.0}