{"crack": 0.0376487, "contact": 0.2832246, "interconnect": 0.0, "corrosion": 0.0}