{"crack": 0.052125, "contact": 0.0129336, "interconnect": 0.0, "corrosion": 0.0}