{"crack": 0.2674682, "contact": 0.0049489, "interconnect": 0.0, "corrosion": 0.0}