{"crack": 0.0103586, "contact": 0.0010368, "interconnect": 0.0, "corrosion": 0.0058764}