{"crack": 0.2472005, "contact": 0.0496785, "interconnect": 0.0, "corrosion": 0.0}