{"crack": 0.092149, "contact": 0.0050164, "interconnect": 0.0, "corrosion": 0.0}