{"crack": 0.0163651, "contact": 0.0016377, "interconnect": 0.0, "corrosion": 0.0}