{"crack": 0.0, "contact": 0.0103782, "interconnect": 0.021045, "corrosion": 0.0}