{"crack": 0.0097597, "contact": 0.0020221, "interconnect": 0.0, "corrosion": 0.0}