{"crack": 0.0600159, "contact": 0.00397, "interconnect": 0.0, "corrosion": 0.0}