{"crack": 0.0002581, "contact": 0.0013469, "interconnect": 0.0, "corrosion": 0.0}