{"crack": 0.0232466, "contact": 0.0259213, "interconnect": 6.1e-05, "corrosion": 0.0022981}