{"crack": 0.0365217, "contact": 0.0054628, "interconnect": 0.0, "corrosion": 0.0}