{"crack": 0.0010299, "contact": 0.0027908, "interconnect": 0.0, "corrosion": 0.0}