{"crack": 0.4869077, "contact": 0.0073414, "interconnect": 0.0, "corrosion": 0.0}