{"crack": 0.2329936, "contact": 0.0019011, "interconnect": 0.0, "corrosion": 0.0}