{"crack": 0.0206408, "contact": 0.0023798, "interconnect": 0.0, "corrosion": 0.0}