{"crack": 0.0002494, "contact": 0.0124369, "interconnect": 0.0, "corrosion": 0.0}