{"crack": 0.0, "contact": 0.002564, "interconnect": 0.0053464, "corrosion": 0.0}