{"crack": 0.0, "contact": 0.0203315, "interconnect": 0.0009583, "corrosion": 0.0}