{"crack": 0.0299116, "contact": 0.0010602, "interconnect": 0.0, "corrosion": 0.0}