{"crack": 0.0133553, "contact": 0.0008616, "interconnect": 0.0, "corrosion": 0.0}