{"crack": 0.0253092, "contact": 0.008738, "interconnect": 0.0, "corrosion": 0.0}