{"crack": 0.0001582, "contact": 0.0004633, "interconnect": 0.0, "corrosion": 0.0}