{"crack": 0.6838567, "contact": 0.0083612, "interconnect": 0.0, "corrosion": 0.0}