{"crack": 0.0001897, "contact": 0.0279359, "interconnect": 0.0, "corrosion": 0.0}