{"crack": 0.0, "contact": 0.0227557, "interconnect": 0.0677384, "corrosion": 0.0}