{"crack": 0.0532493, "contact": 0.000592, "interconnect": 0.0, "corrosion": 0.0}