{"crack": 0.0002777, "contact": 0.0002545, "interconnect": 0.0, "corrosion": 0.0}