{"crack": 0.000355, "contact": 0.0027371, "interconnect": 0.0, "corrosion": 0.0}