{"crack": 0.093098, "contact": 0.0800163, "interconnect": 0.0, "corrosion": 0.0}