{"crack": 0.001191, "contact": 0.0052451, "interconnect": 0.0, "corrosion": 0.0}