{"crack": 0.0016262, "contact": 0.0031837, "interconnect": 0.0, "corrosion": 0.0}