{"crack": 0.0035517, "contact": 0.000742, "interconnect": 0.0, "corrosion": 0.0}