{"crack": 0.1887683, "contact": 0.0035035, "interconnect": 0.0, "corrosion": 0.0}