{"crack": 0.0286237, "contact": 0.0099544, "interconnect": 5.14e-05, "corrosion": 0.0001888}