{"crack": 0.0003845, "contact": 0.0231402, "interconnect": 0.0149522, "corrosion": 0.0575302}