{"crack": 0.0148605, "contact": 0.0014267, "interconnect": 0.0, "corrosion": 0.0}