{"crack": 0.2829085, "contact": 0.1555579, "interconnect": 0.0, "corrosion": 0.0}