{"crack": 0.001224, "contact": 0.0004119, "interconnect": 0.0, "corrosion": 0.0}