{"crack": 0.3905515, "contact": 0.0379514, "interconnect": 0.0, "corrosion": 0.0}