{"crack": 0.0705267, "contact": 0.0140143, "interconnect": 0.0, "corrosion": 0.0}