{"crack": 0.0015064, "contact": 0.0032717, "interconnect": 0.0, "corrosion": 0.0}