{"crack": 0.1939394, "contact": 0.0375517, "interconnect": 0.0, "corrosion": 0.0}