{"crack": 0.0007223, "contact": 0.0049336, "interconnect": 0.0, "corrosion": 0.0}