{"crack": 0.3664452, "contact": 0.0642006, "interconnect": 0.0, "corrosion": 0.0}