{"crack": 0.5707729, "contact": 0.0539461, "interconnect": 0.0, "corrosion": 0.0}