{"crack": 0.207776, "contact": 0.0360284, "interconnect": 0.0, "corrosion": 0.0}