{"crack": 0.0, "contact": 0.0362992, "interconnect": 0.0002213, "corrosion": 0.0}