{"crack": 0.0316896, "contact": 0.0053623, "interconnect": 0.0, "corrosion": 0.0}