{"crack": 0.0105131, "contact": 0.0008131, "interconnect": 0.0, "corrosion": 0.0}