{"crack": 0.39117, "contact": 0.0991485, "interconnect": 0.0, "corrosion": 0.0}