{"crack": 0.1105442, "contact": 0.0043551, "interconnect": 0.0, "corrosion": 0.0}