{"crack": 0.0067339, "contact": 0.0059437, "interconnect": 0.0, "corrosion": 0.0}