{"crack": 0.0015628, "contact": 0.0020328, "interconnect": 0.0, "corrosion": 0.0}