{"crack": 0.1946741, "contact": 0.0015116, "interconnect": 0.0, "corrosion": 0.0}