{"crack": 0.6128634, "contact": 0.012987, "interconnect": 0.0, "corrosion": 0.0}