{"crack": 0.0045197, "contact": 0.014244, "interconnect": 0.0, "corrosion": 0.0}