{"crack": 0.0082308, "contact": 0.0004557, "interconnect": 0.0004842, "corrosion": 0.0}