{"crack": 0.0006939, "contact": 0.0110224, "interconnect": 0.0, "corrosion": 0.0}