{"crack": 0.0005364, "contact": 0.0030246, "interconnect": 0.0, "corrosion": 0.0}