{"crack": 0.3651888, "contact": 0.0473845, "interconnect": 0.0, "corrosion": 0.0}