{"crack": 0.4593948, "contact": 0.0030078, "interconnect": 0.0, "corrosion": 0.0}