{"crack": 0.1319545, "contact": 0.0074555, "interconnect": 0.0, "corrosion": 0.0}