{"crack": 0.0021623, "contact": 0.0041961, "interconnect": 0.0, "corrosion": 0.0}