{"crack": 0.0007029, "contact": 0.0019046, "interconnect": 0.0, "corrosion": 0.0}