{"crack": 0.3891274, "contact": 0.0076824, "interconnect": 0.0, "corrosion": 0.0}