{"crack": 0.0507908, "contact": 0.0139796, "interconnect": 0.0, "corrosion": 0.0}