{"crack": 0.2159773, "contact": 0.0482983, "interconnect": 0.0, "corrosion": 0.0}