{"crack": 0.2933867, "contact": 0.0544243, "interconnect": 0.0, "corrosion": 0.0}