{"crack": 0.5126634, "contact": 0.0071677, "interconnect": 0.0, "corrosion": 0.0}