{"crack": 0.0304176, "contact": 0.0049474, "interconnect": 0.0, "corrosion": 0.0}