{"crack": 0.0026262, "contact": 0.0062821, "interconnect": 0.0, "corrosion": 0.0}