{"crack": 0.0087333, "contact": 0.0019301, "interconnect": 0.0, "corrosion": 0.0065766}