{"crack": 0.2937229, "contact": 0.2082027, "interconnect": 0.0, "corrosion": 0.0}