{"crack": 0.0037861, "contact": 0.0796889, "interconnect": 0.0, "corrosion": 0.0}