{"crack": 0.0, "contact": 0.0250901, "interconnect": 0.0015652, "corrosion": 0.0}