{"crack": 0.0574878, "contact": 0.0004063, "interconnect": 0.0, "corrosion": 0.0}