{"crack": 0.0006623, "contact": 0.0183008, "interconnect": 0.0, "corrosion": 0.0}