{"crack": 0.125481, "contact": 0.0030806, "interconnect": 0.0, "corrosion": 0.0}