{"crack": 0.234916, "contact": 0.0006078, "interconnect": 0.0, "corrosion": 0.0}