{"crack": 0.0860438, "contact": 0.0027493, "interconnect": 0.0, "corrosion": 0.0}