{"crack": 0.0002834, "contact": 0.0014171, "interconnect": 0.0, "corrosion": 0.0}