{"crack": 0.0966308, "contact": 0.0119414, "interconnect": 0.0, "corrosion": 0.0}