{"crack": 0.4693343, "contact": 0.0010355, "interconnect": 0.0, "corrosion": 0.0}