{"crack": 0.1392028, "contact": 0.1508293, "interconnect": 0.0, "corrosion": 0.0}