{"crack": 0.0009306, "contact": 0.0043333, "interconnect": 0.0, "corrosion": 0.0}