{"crack": 0.1270787, "contact": 0.000137, "interconnect": 0.0, "corrosion": 0.0}