{"crack": 0.0167605, "contact": 0.0104269, "interconnect": 0.0, "corrosion": 0.0}