{"crack": 0.2622086, "contact": 0.0147278, "interconnect": 0.0, "corrosion": 0.0}