{"crack": 0.465571, "contact": 0.0052731, "interconnect": 0.0, "corrosion": 0.0}