{"crack": 0.0007975, "contact": 0.0054772, "interconnect": 0.0, "corrosion": 0.0}