{"crack": 0.4838178, "contact": 0.0047413, "interconnect": 0.0, "corrosion": 0.0}