{"crack": 0.0306694, "contact": 0.0080221, "interconnect": 0.0, "corrosion": 0.0}