{"crack": 0.0514524, "contact": 0.0003881, "interconnect": 0.0, "corrosion": 0.0}