{"crack": 0.012778, "contact": 0.000436, "interconnect": 0.0, "corrosion": 0.0008313}