{"crack": 0.0010044, "contact": 0.0051133, "interconnect": 0.0, "corrosion": 0.0}