{"crack": 0.0402456, "contact": 0.0058612, "interconnect": 0.0, "corrosion": 0.0}