{"crack": 0.3419033, "contact": 0.0012025, "interconnect": 0.0, "corrosion": 0.0}