{"crack": 0.0240805, "contact": 0.00827, "interconnect": 0.0, "corrosion": 0.0}