{"crack": 0.0138028, "contact": 0.0013698, "interconnect": 0.0, "corrosion": 0.0}