{"crack": 0.198607, "contact": 0.0627314, "interconnect": 0.0, "corrosion": 0.0}