{"crack": 0.1918279, "contact": 0.0011642, "interconnect": 0.0, "corrosion": 0.0}