{"crack": 0.018473, "contact": 0.003094, "interconnect": 0.0, "corrosion": 0.0}