{"crack": 0.0053889, "contact": 0.0016778, "interconnect": 0.0, "corrosion": 0.0}