{"crack": 0.0748626, "contact": 0.0014315, "interconnect": 0.0, "corrosion": 0.0}