{"crack": 0.4442224, "contact": 0.0132197, "interconnect": 0.0, "corrosion": 0.0}