{"crack": 0.3573656, "contact": 0.0284972, "interconnect": 0.0, "corrosion": 0.0}