{"crack": 0.0291456, "contact": 0.0201293, "interconnect": 0.0, "corrosion": 0.0}