{"crack": 0.0070949, "contact": 0.0485892, "interconnect": 0.0, "corrosion": 0.0}