{"crack": 0.0047327, "contact": 0.0006064, "interconnect": 0.0, "corrosion": 0.0}