{"crack": 0.0205341, "contact": 0.0206487, "interconnect": 0.0, "corrosion": 0.0}