{"crack": 0.0079821, "contact": 0.0013972, "interconnect": 0.0, "corrosion": 0.0}