{"crack": 0.006325, "contact": 0.0055778, "interconnect": 0.0, "corrosion": 0.0}