{"crack": 0.092754, "contact": 0.0271782, "interconnect": 0.0, "corrosion": 0.0}