{"crack": 0.0301695, "contact": 0.1100367, "interconnect": 0.0, "corrosion": 0.0}