{"crack": 0.0624083, "contact": 0.0493178, "interconnect": 0.0, "corrosion": 0.0}