{"crack": 0.1011566, "contact": 0.0012048, "interconnect": 0.0, "corrosion": 0.0}