{"crack": 0.0, "contact": 0.0289312, "interconnect": 0.0667051, "corrosion": 0.0}