{"crack": 0.4427296, "contact": 0.0294798, "interconnect": 0.0, "corrosion": 0.0}