{"crack": 0.0031833, "contact": 0.0045083, "interconnect": 0.0, "corrosion": 0.0}