{"crack": 0.0745719, "contact": 0.0701619, "interconnect": 0.0, "corrosion": 0.0}