{"crack": 0.252991, "contact": 0.0085744, "interconnect": 0.0, "corrosion": 0.0}