{"crack": 0.0172507, "contact": 0.0008707, "interconnect": 0.0, "corrosion": 0.0087332}