{"crack": 0.0275818, "contact": 0.0095654, "interconnect": 0.0, "corrosion": 0.0}