{"crack": 0.1002503, "contact": 0.2140485, "interconnect": 0.0, "corrosion": 0.0}