{"crack": 0.1260958, "contact": 0.0006603, "interconnect": 0.0, "corrosion": 0.0}