{"crack": 0.0568262, "contact": 0.0095707, "interconnect": 0.0, "corrosion": 0.0}