{"crack": 0.0977096, "contact": 0.0036303, "interconnect": 0.0, "corrosion": 0.0}