{"crack": 0.0103879, "contact": 0.0579763, "interconnect": 0.0, "corrosion": 0.0}