{"crack": 0.0202136, "contact": 0.0042967, "interconnect": 0.0, "corrosion": 0.0}