{"crack": 0.0061383, "contact": 0.0014544, "interconnect": 0.0, "corrosion": 0.0}