{"crack": 0.3256642, "contact": 0.0231562, "interconnect": 0.0, "corrosion": 0.0}