{"crack": 0.0005438, "contact": 0.0044773, "interconnect": 0.0, "corrosion": 0.0}