{"crack": 0.2036923, "contact": 0.0030599, "interconnect": 0.0, "corrosion": 0.0}