{"crack": 0.0313789, "contact": 0.0008532, "interconnect": 0.0, "corrosion": 0.0}