{"crack": 0.4822488, "contact": 0.0462677, "interconnect": 0.0, "corrosion": 0.0}