{"crack": 0.2491817, "contact": 0.1159765, "interconnect": 0.0, "corrosion": 0.0}