{"crack": 0.0, "contact": 0.0033638, "interconnect": 0.0, "corrosion": 0.1499042}