{"crack": 0.3177924, "contact": 0.1367301, "interconnect": 0.0, "corrosion": 0.0}