{"crack": 0.0013699, "contact": 0.0060831, "interconnect": 0.0, "corrosion": 0.0}