{"crack": 0.0782225, "contact": 0.1554506, "interconnect": 0.0, "corrosion": 0.0}