{"crack": 0.0258175, "contact": 0.1151287, "interconnect": 0.0, "corrosion": 0.0}