{"crack": 0.4297934, "contact": 0.0316339, "interconnect": 0.0, "corrosion": 0.0}