{"crack": 0.0325416, "contact": 0.0003251, "interconnect": 0.0, "corrosion": 0.0}