{"crack": 0.0194942, "contact": 0.0001967, "interconnect": 0.0, "corrosion": 0.0}