{"crack": 0.0149454, "contact": 0.0034128, "interconnect": 0.0, "corrosion": 0.0}