{"crack": 0.0179177, "contact": 0.0017641, "interconnect": 0.0, "corrosion": 0.0}