{"crack": 0.1045562, "contact": 0.0005401, "interconnect": 0.0, "corrosion": 0.0}