{"crack": 0.0002446, "contact": 0.0029237, "interconnect": 0.0, "corrosion": 0.0}