{"crack": 0.0230971, "contact": 0.0011491, "interconnect": 0.0, "corrosion": 0.0}