{"crack": 0.261601, "contact": 0.0004695, "interconnect": 0.0, "corrosion": 0.0}