{"crack": 0.0003716, "contact": 0.0004392, "interconnect": 0.0, "corrosion": 0.0}