{"crack": 0.0004348, "contact": 0.0002564, "interconnect": 0.0, "corrosion": 0.0}