{"crack": 0.0351185, "contact": 0.0223932, "interconnect": 9.1e-06, "corrosion": 0.0001294}