{"crack": 0.3797443, "contact": 0.0128548, "interconnect": 0.0, "corrosion": 0.0}