{"crack": 0.2769369, "contact": 0.0221327, "interconnect": 0.0, "corrosion": 0.0}