{"crack": 0.0026189, "contact": 0.0039113, "interconnect": 0.0, "corrosion": 0.0}