{"crack": 0.0153121, "contact": 0.2354377, "interconnect": 0.0, "corrosion": 0.0}