{"crack": 0.1097105, "contact": 0.0035664, "interconnect": 0.0, "corrosion": 0.0}