{"crack": 0.0065212, "contact": 0.0748182, "interconnect": 0.0, "corrosion": 0.0}