{"crack": 0.0, "contact": 0.0124961, "interconnect": 0.0, "corrosion": 0.0268145}