{"crack": 0.1725911, "contact": 0.0002712, "interconnect": 0.0, "corrosion": 0.0}