{"crack": 0.001317, "contact": 0.0093449, "interconnect": 0.0, "corrosion": 0.0}