{"crack": 0.0035563, "contact": 0.0001201, "interconnect": 0.0, "corrosion": 0.0}