{"crack": 0.0190493, "contact": 0.0022127, "interconnect": 0.0, "corrosion": 0.0}