{"crack": 0.3898992, "contact": 0.0158841, "interconnect": 0.0, "corrosion": 0.0}