{"crack": 0.0, "contact": 0.0005411, "interconnect": 0.017607, "corrosion": 0.0}