{"crack": 0.6168268, "contact": 0.0030273, "interconnect": 0.0, "corrosion": 0.0}