{"crack": 0.0593861, "contact": 0.033013, "interconnect": 0.0, "corrosion": 0.0}