{"crack": 0.2594974, "contact": 0.0575804, "interconnect": 0.0, "corrosion": 0.0}