{"crack": 0.5544446, "contact": 0.0169824, "interconnect": 0.0, "corrosion": 0.0}