{"crack": 0.0004352, "contact": 0.0092304, "interconnect": 0.0, "corrosion": 0.0}