{"crack": 0.000459, "contact": 0.0002001, "interconnect": 0.0, "corrosion": 0.0}