{"crack": 0.1108296, "contact": 0.0219376, "interconnect": 0.0, "corrosion": 0.0}