{"crack": 0.0280358, "contact": 0.0175757, "interconnect": 8.51e-05, "corrosion": 0.0007178}