{"crack": 0.5236084, "contact": 0.0097602, "interconnect": 0.0, "corrosion": 0.0}