{"crack": 0.0, "contact": 0.0557927, "interconnect": 0.0252482, "corrosion": 0.0}