{"crack": 0.0026792, "contact": 0.0011998, "interconnect": 0.0, "corrosion": 0.0}