{"crack": 0.0028163, "contact": 0.0010231, "interconnect": 0.0, "corrosion": 0.0}