{"crack": 0.0217361, "contact": 0.0172126, "interconnect": 0.0, "corrosion": 0.0}