{"crack": 0.3139903, "contact": 0.1732403, "interconnect": 0.0, "corrosion": 0.0}