{"crack": 0.2037906, "contact": 0.0158383, "interconnect": 0.0, "corrosion": 0.0}