{"crack": 0.3184745, "contact": 0.1140826, "interconnect": 0.0, "corrosion": 0.0}