{"crack": 0.0337934, "contact": 0.0163938, "interconnect": 7.87e-05, "corrosion": 0.0003787}