{"crack": 0.2209781, "contact": 0.0059807, "interconnect": 0.0, "corrosion": 0.0}