{"crack": 0.0045197, "contact": 0.0142097, "interconnect": 0.0, "corrosion": 0.0}