{"crack": 0.0068144, "contact": 0.2349433, "interconnect": 0.0, "corrosion": 0.0}