{"crack": 0.0005472, "contact": 0.0032722, "interconnect": 0.0, "corrosion": 0.0}