{"crack": 0.0061519, "contact": 0.0055356, "interconnect": 0.0, "corrosion": 0.0}