{"crack": 0.049764, "contact": 0.0264737, "interconnect": 0.0001416, "corrosion": 0.0008004}