{"crack": 0.2413307, "contact": 0.0392808, "interconnect": 0.0, "corrosion": 0.0}