{"crack": 0.0005242, "contact": 0.0047642, "interconnect": 0.0, "corrosion": 0.0}