{"crack": 0.0511377, "contact": 0.0524727, "interconnect": 0.0, "corrosion": 0.0}