{"crack": 0.0677737, "contact": 0.0014773, "interconnect": 0.0, "corrosion": 0.0}