{"crack": 0.0010345, "contact": 0.0003329, "interconnect": 0.0, "corrosion": 0.0}