{"crack": 0.0046604, "contact": 0.0029304, "interconnect": 0.0, "corrosion": 0.0}