{"crack": 0.0349285, "contact": 0.0658808, "interconnect": 0.0, "corrosion": 0.0}