{"crack": 0.2160852, "contact": 0.0026189, "interconnect": 0.0, "corrosion": 0.0}