{"crack": 0.0032857, "contact": 0.0034245, "interconnect": 0.0, "corrosion": 0.0}