{"crack": 0.0505789, "contact": 0.0100036, "interconnect": 8.3e-06, "corrosion": 0.0015749}