{"crack": 0.0559093, "contact": 0.0145786, "interconnect": 0.0, "corrosion": 0.0}