{"crack": 0.0212481, "contact": 0.0080691, "interconnect": 0.0, "corrosion": 0.0}