{"crack": 0.1704361, "contact": 0.017742, "interconnect": 0.0, "corrosion": 0.0}