{"crack": 0.3846541, "contact": 0.029661, "interconnect": 0.0, "corrosion": 0.0}