{"crack": 0.0, "contact": 0.0108851, "interconnect": 0.0001434, "corrosion": 0.0}