{"crack": 0.0, "contact": 0.0244377, "interconnect": 0.0568772, "corrosion": 0.0}