{"crack": 0.0073752, "contact": 0.002153, "interconnect": 0.0, "corrosion": 0.0}