{"crack": 0.2449154, "contact": 0.0452498, "interconnect": 0.0, "corrosion": 0.0}