{"crack": 0.035793, "contact": 0.0375164, "interconnect": 0.0, "corrosion": 0.0}