{"crack": 0.2206472, "contact": 0.0006163, "interconnect": 0.0, "corrosion": 0.0}