{"crack": 0.0004664, "contact": 0.0077236, "interconnect": 0.0, "corrosion": 0.0}