{"crack": 0.0064792, "contact": 0.0138969, "interconnect": 0.0, "corrosion": 0.0}