{"crack": 0.0853389, "contact": 0.0139523, "interconnect": 0.0, "corrosion": 0.0}