{"crack": 0.0442423, "contact": 0.0336624, "interconnect": 9.98e-05, "corrosion": 0.0001941}