{"crack": 0.0550936, "contact": 0.0059549, "interconnect": 0.0, "corrosion": 0.0}