{"crack": 0.1020293, "contact": 0.0014019, "interconnect": 0.0, "corrosion": 0.0}