{"crack": 0.0463952, "contact": 0.0396271, "interconnect": 1.83e-05, "corrosion": 0.000193}