{"crack": 0.3333793, "contact": 0.0615599, "interconnect": 0.0, "corrosion": 0.0}