{"crack": 0.3293594, "contact": 0.115463, "interconnect": 0.0, "corrosion": 0.0}