{"crack": 0.0, "contact": 0.0039365, "interconnect": 0.0169686, "corrosion": 0.0}