{"crack": 0.002661, "contact": 0.001504, "interconnect": 0.0, "corrosion": 0.0}