{"crack": 0.2112386, "contact": 0.0049889, "interconnect": 0.0, "corrosion": 0.0}