{"crack": 0.2726818, "contact": 0.0451929, "interconnect": 0.0, "corrosion": 0.0}