{"crack": 0.1390622, "contact": 0.0009852, "interconnect": 0.0, "corrosion": 0.0}