{"crack": 0.2844593, "contact": 0.1061811, "interconnect": 0.0, "corrosion": 0.0}