{"crack": 0.2407464, "contact": 0.0004809, "interconnect": 0.0, "corrosion": 0.0}