{"crack": 0.1655794, "contact": 0.0004586, "interconnect": 0.0, "corrosion": 0.0}