{"crack": 0.2121033, "contact": 0.0055284, "interconnect": 0.0, "corrosion": 0.0}