{"crack": 0.0001993, "contact": 0.0003101, "interconnect": 0.0, "corrosion": 0.0}