{"crack": 0.1112928, "contact": 0.0564996, "interconnect": 0.0, "corrosion": 0.0}