{"crack": 0.02125, "contact": 0.0005778, "interconnect": 0.0, "corrosion": 0.0}