{"crack": 0.0101925, "contact": 0.0002554, "interconnect": 0.0, "corrosion": 0.0}