{"crack": 0.0792529, "contact": 0.003413, "interconnect": 0.0, "corrosion": 0.0}