{"crack": 0.0002851, "contact": 0.001283, "interconnect": 0.0, "corrosion": 0.0}