{"crack": 0.0001947, "contact": 0.0031035, "interconnect": 0.0, "corrosion": 0.0}