{"crack": 0.0, "contact": 0.0076188, "interconnect": 0.0494433, "corrosion": 0.0}