{"crack": 0.0561897, "contact": 0.0285158, "interconnect": 0.0, "corrosion": 0.0}