{"crack": 0.0093335, "contact": 0.0029203, "interconnect": 0.0, "corrosion": 0.0}