{"crack": 0.4004345, "contact": 0.0733688, "interconnect": 0.0, "corrosion": 0.0}