{"crack": 0.0027724, "contact": 0.001328, "interconnect": 0.0, "corrosion": 0.0}