{"crack": 0.005282, "contact": 0.0002554, "interconnect": 0.0, "corrosion": 0.0}