{"crack": 0.0019081, "contact": 0.0002357, "interconnect": 0.0, "corrosion": 0.0}