{"crack": 0.0083481, "contact": 0.0011708, "interconnect": 0.0, "corrosion": 0.0065933}