{"crack": 0.0, "contact": 0.0123551, "interconnect": 0.0028254, "corrosion": 0.0}