{"crack": 0.4029791, "contact": 0.0353741, "interconnect": 0.0, "corrosion": 0.0}