{"crack": 0.0308219, "contact": 0.0053444, "interconnect": 0.0, "corrosion": 0.0}