{"crack": 0.0242623, "contact": 0.0020315, "interconnect": 0.0, "corrosion": 0.0}