{"crack": 0.0001048, "contact": 0.0011648, "interconnect": 0.0, "corrosion": 0.0}