{"crack": 0.0073012, "contact": 0.0267908, "interconnect": 0.0, "corrosion": 0.0}