{"crack": 0.0009546, "contact": 0.0001313, "interconnect": 0.0, "corrosion": 0.0}