{"crack": 0.4764425, "contact": 0.0042145, "interconnect": 0.0, "corrosion": 0.0}