{"crack": 0.1971026, "contact": 0.0143266, "interconnect": 0.0, "corrosion": 0.0}