{"crack": 0.2926779, "contact": 0.0038035, "interconnect": 0.0, "corrosion": 0.0}