{"crack": 0.0766533, "contact": 0.0029641, "interconnect": 0.0, "corrosion": 0.0}