{"crack": 0.0051006, "contact": 0.0008621, "interconnect": 0.0, "corrosion": 0.0}