{"crack": 0.0039643, "contact": 0.0611307, "interconnect": 0.0, "corrosion": 0.0}