{"crack": 0.0046472, "contact": 0.0044083, "interconnect": 0.0, "corrosion": 0.0}