{"crack": 0.0337919, "contact": 0.0029354, "interconnect": 0.0, "corrosion": 0.0}