{"crack": 0.0001031, "contact": 0.003825, "interconnect": 0.0, "corrosion": 0.0}