{"crack": 0.0284366, "contact": 0.0176305, "interconnect": 0.0001151, "corrosion": 0.0022904}