{"crack": 0.0038235, "contact": 0.0368887, "interconnect": 0.0, "corrosion": 0.0}