{"crack": 0.00327, "contact": 0.0001284, "interconnect": 0.0, "corrosion": 0.0}