{"crack": 0.0011031, "contact": 0.0007929, "interconnect": 0.0, "corrosion": 0.0}