{"crack": 0.0212677, "contact": 0.0025888, "interconnect": 0.0, "corrosion": 0.0}