{"crack": 0.0014888, "contact": 0.0031608, "interconnect": 0.0, "corrosion": 0.0}