{"crack": 0.0002338, "contact": 0.0001636, "interconnect": 0.0, "corrosion": 0.0}