{"crack": 0.1804566, "contact": 0.0013836, "interconnect": 0.0, "corrosion": 0.0}