{"crack": 0.2250263, "contact": 0.008159, "interconnect": 0.0, "corrosion": 0.0}