{"crack": 0.2719359, "contact": 0.0123717, "interconnect": 0.0, "corrosion": 0.0}