{"crack": 0.0251299, "contact": 0.0038144, "interconnect": 0.0, "corrosion": 0.0}