{"crack": 0.100519, "contact": 0.0772243, "interconnect": 0.0, "corrosion": 0.0}