{"crack": 0.0069262, "contact": 0.0025197, "interconnect": 0.0, "corrosion": 0.0}