{"crack": 0.0881879, "contact": 0.0026544, "interconnect": 0.0, "corrosion": 0.0}