{"crack": 0.1940894, "contact": 0.0327307, "interconnect": 0.0, "corrosion": 0.0}