{"crack": 0.0293862, "contact": 0.0065506, "interconnect": 0.0, "corrosion": 0.0}