{"crack": 0.3119707, "contact": 0.04592, "interconnect": 0.0, "corrosion": 0.0}