{"crack": 0.0024874, "contact": 0.0025057, "interconnect": 0.0, "corrosion": 0.0}