{"crack": 0.2099471, "contact": 0.0097752, "interconnect": 0.0, "corrosion": 0.0}