{"crack": 0.3883629, "contact": 0.0008533, "interconnect": 0.0, "corrosion": 0.0}