{"crack": 0.1566894, "contact": 0.0133147, "interconnect": 0.0, "corrosion": 0.0}