{"crack": 0.0, "contact": 0.01003, "interconnect": 0.0031994, "corrosion": 0.0}