{"crack": 0.0602294, "contact": 0.001324, "interconnect": 0.0, "corrosion": 0.0}