{"crack": 0.0, "contact": 0.0591359, "interconnect": 0.0577422, "corrosion": 0.0}