{"crack": 0.1389248, "contact": 0.0097734, "interconnect": 0.0, "corrosion": 0.0}