{"crack": 0.1403221, "contact": 0.0001934, "interconnect": 0.0, "corrosion": 0.0}