{"crack": 0.0065671, "contact": 0.000378, "interconnect": 0.0, "corrosion": 0.0}