{"crack": 0.0, "contact": 0.026176, "interconnect": 0.0398677, "corrosion": 0.0}