{"crack": 0.3654078, "contact": 0.0115686, "interconnect": 0.0, "corrosion": 0.0}