{"crack": 0.0001967, "contact": 0.0001735, "interconnect": 0.0, "corrosion": 0.0}