{"crack": 0.0052514, "contact": 0.0075496, "interconnect": 0.0, "corrosion": 0.0}