{"crack": 0.0003831, "contact": 0.0035639, "interconnect": 0.0, "corrosion": 0.0}