{"crack": 0.0853963, "contact": 0.0034926, "interconnect": 0.0, "corrosion": 0.0}