{"crack": 0.0105872, "contact": 0.0012886, "interconnect": 0.0, "corrosion": 0.0}