{"crack": 0.3429394, "contact": 0.0793806, "interconnect": 0.0, "corrosion": 0.0}