{"crack": 0.2433237, "contact": 0.0029187, "interconnect": 0.0, "corrosion": 0.0}