{"crack": 0.2012207, "contact": 0.0163639, "interconnect": 0.0290754, "corrosion": 0.0}