{"crack": 0.0769994, "contact": 0.0035859, "interconnect": 0.0, "corrosion": 0.0}