{"crack": 0.0254282, "contact": 0.0698908, "interconnect": 0.0, "corrosion": 0.0}