{"crack": 0.0012056, "contact": 0.0385079, "interconnect": 0.0, "corrosion": 0.0}