{"crack": 0.0007832, "contact": 0.0234962, "interconnect": 0.012275, "corrosion": 0.0}