{"crack": 0.0405933, "contact": 0.0033662, "interconnect": 0.0, "corrosion": 0.0}