{"crack": 0.0002645, "contact": 0.0100408, "interconnect": 0.0, "corrosion": 0.0}