{"crack": 0.4537649, "contact": 0.033263, "interconnect": 0.0, "corrosion": 0.0}