{"crack": 0.041532, "contact": 0.0396505, "interconnect": 1.19e-05, "corrosion": 0.0008065}