{"crack": 0.2016419, "contact": 0.0014759, "interconnect": 0.0, "corrosion": 0.0}