{"crack": 0.3307061, "contact": 0.0347877, "interconnect": 0.0, "corrosion": 0.0}