{"crack": 0.0331248, "contact": 0.0219998, "interconnect": 0.0, "corrosion": 0.0}