{"crack": 0.0178834, "contact": 0.0249784, "interconnect": 0.0, "corrosion": 0.0}