{"crack": 0.0009086, "contact": 0.002155, "interconnect": 0.0, "corrosion": 0.0}