{"crack": 0.3708595, "contact": 0.0032305, "interconnect": 0.0, "corrosion": 0.0}