{"crack": 0.011537, "contact": 0.0016317, "interconnect": 0.0, "corrosion": 0.0}