{"crack": 0.0, "contact": 0.0021604, "interconnect": 0.0714224, "corrosion": 0.0}