{"crack": 0.0046257, "contact": 0.0004994, "interconnect": 0.0, "corrosion": 0.0}