{"crack": 0.0007858, "contact": 0.0927047, "interconnect": 0.0, "corrosion": 0.0}