{"crack": 0.0299366, "contact": 0.0047184, "interconnect": 0.0, "corrosion": 0.0}