{"crack": 0.0, "contact": 0.0041572, "interconnect": 0.0, "corrosion": 0.0896586}