{"crack": 0.0028038, "contact": 0.0060903, "interconnect": 0.0, "corrosion": 0.0}