{"crack": 0.0027714, "contact": 0.0036532, "interconnect": 0.0, "corrosion": 0.0}