{"crack": 0.4035631, "contact": 0.004234, "interconnect": 0.0, "corrosion": 0.0}