{"crack": 0.0020914, "contact": 0.0922389, "interconnect": 0.0, "corrosion": 0.0}