{"crack": 0.4169029, "contact": 0.0731417, "interconnect": 0.0, "corrosion": 0.0}