{"crack": 0.0792475, "contact": 0.0028303, "interconnect": 0.0, "corrosion": 0.0}