{"crack": 0.2345072, "contact": 0.0011034, "interconnect": 0.0, "corrosion": 0.0}