{"crack": 0.4317464, "contact": 0.0089978, "interconnect": 0.0, "corrosion": 0.0}