{"crack": 0.0188993, "contact": 0.0176274, "interconnect": 0.0, "corrosion": 2.62e-05}