{"crack": 0.0414017, "contact": 0.0804906, "interconnect": 0.0, "corrosion": 0.0}