{"crack": 0.0018256, "contact": 0.0013602, "interconnect": 0.0, "corrosion": 0.0}