{"crack": 0.4340677, "contact": 0.0405456, "interconnect": 0.0, "corrosion": 0.0}