{"crack": 0.0014039, "contact": 0.002705, "interconnect": 0.0, "corrosion": 0.0}