{"crack": 0.0997366, "contact": 0.002508, "interconnect": 0.0, "corrosion": 0.0}