{"crack": 0.0, "contact": 0.0083524, "interconnect": 0.0166286, "corrosion": 0.0}