{"crack": 0.4464696, "contact": 0.1077645, "interconnect": 0.0, "corrosion": 0.0}