{"crack": 0.0001196, "contact": 0.0021104, "interconnect": 0.0, "corrosion": 0.0}