{"crack": 0.2582355, "contact": 0.0173583, "interconnect": 0.0, "corrosion": 0.0}