{"crack": 0.021003, "contact": 0.025383, "interconnect": 0.0, "corrosion": 0.0}