{"crack": 0.0003332, "contact": 0.0008963, "interconnect": 0.0, "corrosion": 0.0}