{"crack": 0.0, "contact": 0.003471, "interconnect": 0.0025925, "corrosion": 0.0}