{"crack": 0.0003587, "contact": 0.000833, "interconnect": 0.0, "corrosion": 0.0}