{"crack": 0.0178506, "contact": 0.0082291, "interconnect": 0.0, "corrosion": 0.0}