{"crack": 0.0, "contact": 0.0078667, "interconnect": 0.0356914, "corrosion": 0.0}