{"crack": 0.0, "contact": 0.0004639, "interconnect": 0.0003056, "corrosion": 0.0}