{"crack": 0.0004535, "contact": 0.0037978, "interconnect": 0.0, "corrosion": 0.0}