{"crack": 0.0689533, "contact": 0.000481, "interconnect": 0.0, "corrosion": 0.0}