{"crack": 0.0788022, "contact": 0.0359531, "interconnect": 0.0, "corrosion": 0.0}