{"crack": 0.2521759, "contact": 0.0030577, "interconnect": 0.0, "corrosion": 0.0}