{"crack": 0.0256907, "contact": 0.0046668, "interconnect": 0.0, "corrosion": 0.0}