{"crack": 0.1303692, "contact": 0.0007894, "interconnect": 0.0, "corrosion": 0.0}