{"crack": 0.3465869, "contact": 0.0680976, "interconnect": 0.0, "corrosion": 0.0}