{"crack": 0.1528547, "contact": 0.0005747, "interconnect": 0.0, "corrosion": 0.0}