{"crack": 0.0, "contact": 0.016124, "interconnect": 0.0067043, "corrosion": 0.0}