{"crack": 0.0022948, "contact": 0.0035411, "interconnect": 0.0, "corrosion": 0.0}