{"crack": 0.4506631, "contact": 0.0857784, "interconnect": 0.0, "corrosion": 0.0}