{"crack": 0.2672464, "contact": 0.0752507, "interconnect": 0.0, "corrosion": 0.0}