{"crack": 0.4026547, "contact": 0.035491, "interconnect": 0.0, "corrosion": 0.0}