{"crack": 0.071959, "contact": 0.0008302, "interconnect": 0.0, "corrosion": 0.0}