{"crack": 0.0041881, "contact": 0.0055764, "interconnect": 0.0, "corrosion": 0.0}