{"crack": 0.1380512, "contact": 0.0041211, "interconnect": 0.0, "corrosion": 0.0}