{"crack": 0.642498, "contact": 0.0140561, "interconnect": 0.0, "corrosion": 0.0}