{"crack": 0.36617, "contact": 0.0328602, "interconnect": 0.0, "corrosion": 0.0}