{"crack": 0.2106836, "contact": 0.0066273, "interconnect": 0.0, "corrosion": 0.0}