{"crack": 0.3079052, "contact": 0.0660685, "interconnect": 0.0, "corrosion": 0.0}