{"crack": 0.2945625, "contact": 0.0293616, "interconnect": 0.0, "corrosion": 0.0}