{"crack": 0.0002895, "contact": 0.0154643, "interconnect": 0.0, "corrosion": 0.0}