{"crack": 0.0083546, "contact": 0.0021229, "interconnect": 0.0, "corrosion": 0.0}