{"crack": 0.0, "contact": 0.007732, "interconnect": 0.0013017, "corrosion": 0.0}