{"crack": 0.0051897, "contact": 0.0932394, "interconnect": 0.0, "corrosion": 0.0}