{"crack": 0.0010703, "contact": 0.0007254, "interconnect": 0.0, "corrosion": 0.0}