{"crack": 0.0004938, "contact": 0.0150951, "interconnect": 0.0, "corrosion": 0.0}