{"crack": 0.0004636, "contact": 0.0038301, "interconnect": 0.0, "corrosion": 0.0}