{"crack": 0.0003754, "contact": 0.0025025, "interconnect": 0.0, "corrosion": 0.0}