{"crack": 0.0055417, "contact": 0.0061611, "interconnect": 0.0, "corrosion": 0.0}