{"crack": 0.0052274, "contact": 0.0010957, "interconnect": 0.0, "corrosion": 0.0}