{"crack": 0.1685269, "contact": 0.0246057, "interconnect": 0.0, "corrosion": 0.0}