{"crack": 0.436527, "contact": 0.0555175, "interconnect": 0.0, "corrosion": 0.0}