{"crack": 0.3156369, "contact": 0.0125769, "interconnect": 0.0, "corrosion": 0.0}