{"crack": 0.0008446, "contact": 0.0047936, "interconnect": 0.0, "corrosion": 0.0}