{"crack": 0.0007506, "contact": 0.0033777, "interconnect": 0.0, "corrosion": 0.0}