{"crack": 0.1078036, "contact": 0.0006247, "interconnect": 0.0, "corrosion": 0.0}