{"crack": 0.2055285, "contact": 0.0042423, "interconnect": 0.0, "corrosion": 0.0}