{"crack": 0.0, "contact": 0.0015209, "interconnect": 0.0162323, "corrosion": 0.0}