{"crack": 0.0443686, "contact": 0.0083941, "interconnect": 0.0, "corrosion": 0.0}