{"crack": 0.2512597, "contact": 0.108738, "interconnect": 0.0, "corrosion": 0.0}