{"crack": 0.0312846, "contact": 0.0276323, "interconnect": 0.0, "corrosion": 0.0}