{"crack": 0.0030469, "contact": 0.0006141, "interconnect": 0.0, "corrosion": 0.0}