{"crack": 0.073616, "contact": 0.0001504, "interconnect": 0.0, "corrosion": 0.0}