{"crack": 0.2563453, "contact": 0.1337908, "interconnect": 0.0, "corrosion": 0.0}