{"crack": 0.000194, "contact": 0.0020772, "interconnect": 0.0, "corrosion": 0.0}