{"crack": 0.0381287, "contact": 0.0058032, "interconnect": 0.0, "corrosion": 0.0}