{"crack": 0.0065624, "contact": 0.0005514, "interconnect": 0.0, "corrosion": 0.0}