{"crack": 0.0, "contact": 0.0795979, "interconnect": 0.007807, "corrosion": 0.0027055}