{"crack": 0.6652581, "contact": 0.0095137, "interconnect": 0.0, "corrosion": 0.0}