{"crack": 0.505874, "contact": 0.0009519, "interconnect": 0.0, "corrosion": 0.0}