{"crack": 0.1018889, "contact": 0.0038578, "interconnect": 0.0, "corrosion": 0.0}