{"crack": 0.0639815, "contact": 0.0272804, "interconnect": 0.0, "corrosion": 0.0}