{"crack": 0.0038275, "contact": 0.0037919, "interconnect": 0.0, "corrosion": 0.0}