{"crack": 0.020957, "contact": 0.0014727, "interconnect": 0.0, "corrosion": 0.0}