{"crack": 0.3783728, "contact": 0.0176652, "interconnect": 0.0, "corrosion": 0.0}