{"crack": 0.2695423, "contact": 0.025571, "interconnect": 0.0, "corrosion": 0.0}