{"crack": 0.0026684, "contact": 0.0050963, "interconnect": 0.0, "corrosion": 0.0}