{"crack": 0.5602158, "contact": 0.0284659, "interconnect": 0.0, "corrosion": 0.0}