{"crack": 0.0143976, "contact": 0.053838, "interconnect": 0.0, "corrosion": 0.0}