{"crack": 0.1021693, "contact": 0.0021635, "interconnect": 0.0, "corrosion": 0.0}