{"crack": 0.1197284, "contact": 0.0046225, "interconnect": 0.0, "corrosion": 0.0}