{"crack": 0.0010964, "contact": 0.0001993, "interconnect": 0.0, "corrosion": 0.0}