{"crack": 0.4190668, "contact": 0.0537356, "interconnect": 0.0, "corrosion": 0.0}