{"crack": 0.001247, "contact": 0.0019386, "interconnect": 0.0, "corrosion": 0.0}