{"crack": 0.0656623, "contact": 0.108623, "interconnect": 0.0, "corrosion": 0.0}