{"crack": 0.4379853, "contact": 0.0409652, "interconnect": 0.0, "corrosion": 0.0}