{"crack": 0.2771513, "contact": 0.011378, "interconnect": 0.0, "corrosion": 0.0}