{"crack": 0.055275, "contact": 0.0365968, "interconnect": 0.0, "corrosion": 0.0}