{"crack": 0.2279211, "contact": 0.0675221, "interconnect": 0.0, "corrosion": 0.0}