{"crack": 0.0063426, "contact": 0.0004134, "interconnect": 0.0, "corrosion": 0.0}