{"crack": 0.0062015, "contact": 0.0121648, "interconnect": 0.0, "corrosion": 0.0}