{"crack": 0.0007347, "contact": 0.0012798, "interconnect": 0.0, "corrosion": 0.0}