{"crack": 0.62903, "contact": 0.0041857, "interconnect": 0.0, "corrosion": 0.0}