{"crack": 0.0001504, "contact": 0.0890874, "interconnect": 0.0, "corrosion": 0.0}