{"crack": 0.000331, "contact": 0.0144952, "interconnect": 0.0, "corrosion": 0.0}