{"crack": 0.429661, "contact": 0.0054856, "interconnect": 0.0, "corrosion": 0.0}