{"crack": 0.455979, "contact": 0.1104734, "interconnect": 0.0, "corrosion": 0.0}