{"crack": 0.2622666, "contact": 0.0241849, "interconnect": 0.0, "corrosion": 0.0}