{"crack": 0.4882995, "contact": 0.0036036, "interconnect": 0.0, "corrosion": 0.0}