{"crack": 0.1451939, "contact": 0.0010796, "interconnect": 0.0, "corrosion": 0.0}