{"crack": 0.0007598, "contact": 0.0612946, "interconnect": 0.0, "corrosion": 0.0}