{"crack": 0.016388, "contact": 0.0039624, "interconnect": 0.0, "corrosion": 0.0}