{"crack": 0.2558071, "contact": 0.0078603, "interconnect": 0.0, "corrosion": 0.0}