{"crack": 0.0020376, "contact": 0.0005305, "interconnect": 0.0, "corrosion": 0.0}