{"crack": 0.0068731, "contact": 0.018555, "interconnect": 0.0, "corrosion": 0.0}