{"crack": 0.0014661, "contact": 0.0051198, "interconnect": 0.0, "corrosion": 0.0}