{"crack": 0.03019, "contact": 0.1079588, "interconnect": 0.0, "corrosion": 0.0}