{"crack": 0.0, "contact": 0.017533, "interconnect": 0.0619743, "corrosion": 0.0}