{"crack": 0.0696614, "contact": 0.0295934, "interconnect": 0.0, "corrosion": 0.0}