{"crack": 0.0625401, "contact": 0.0030234, "interconnect": 0.0, "corrosion": 0.0}