{"crack": 0.0699712, "contact": 0.0072221, "interconnect": 0.0, "corrosion": 0.0}