{"crack": 0.0312539, "contact": 0.0004711, "interconnect": 0.0, "corrosion": 0.0075453}