{"crack": 0.0010192, "contact": 0.0004237, "interconnect": 0.0, "corrosion": 0.0}