{"crack": 0.0214956, "contact": 0.0324095, "interconnect": 0.0, "corrosion": 0.0}