{"crack": 0.024547, "contact": 0.0026963, "interconnect": 0.0, "corrosion": 0.0}