{"crack": 0.0021112, "contact": 0.0847994, "interconnect": 0.0, "corrosion": 0.0}