{"crack": 0.3825123, "contact": 0.00821, "interconnect": 0.0, "corrosion": 0.0}