{"crack": 0.0274931, "contact": 0.0325415, "interconnect": 0.0, "corrosion": 0.0007107}