{"crack": 0.013208, "contact": 0.0449307, "interconnect": 0.0, "corrosion": 0.0}