{"crack": 0.0015365, "contact": 0.0247126, "interconnect": 0.0, "corrosion": 0.0}