{"crack": 0.1430235, "contact": 0.0043257, "interconnect": 0.0, "corrosion": 0.0}