{"crack": 0.0, "contact": 0.0046966, "interconnect": 0.0142676, "corrosion": 0.0}