{"crack": 0.0647076, "contact": 0.0022676, "interconnect": 0.0, "corrosion": 0.0}