{"crack": 0.0154104, "contact": 0.0037601, "interconnect": 0.0, "corrosion": 0.0}