{"crack": 0.1704096, "contact": 0.0036787, "interconnect": 0.0, "corrosion": 0.0}