{"crack": 0.0088405, "contact": 0.0017466, "interconnect": 0.0, "corrosion": 0.0}