{"crack": 0.0576366, "contact": 0.0105948, "interconnect": 0.0, "corrosion": 0.0}