{"crack": 0.0117728, "contact": 0.0027714, "interconnect": 0.0, "corrosion": 0.0}