{"crack": 0.0726466, "contact": 0.0001609, "interconnect": 0.0, "corrosion": 0.0}