{"crack": 0.0002054, "contact": 0.003892, "interconnect": 0.0, "corrosion": 0.0}