{"crack": 0.0001214, "contact": 0.0002759, "interconnect": 0.0, "corrosion": 0.0}