{"crack": 0.0114825, "contact": 0.0515247, "interconnect": 0.0, "corrosion": 0.0}