{"crack": 0.0098479, "contact": 0.0045849, "interconnect": 0.0, "corrosion": 0.0}