{"crack": 0.2599327, "contact": 0.0001255, "interconnect": 0.0, "corrosion": 0.0}