{"crack": 0.1128309, "contact": 0.00131, "interconnect": 0.0, "corrosion": 0.0}