{"crack": 0.4762374, "contact": 0.0052311, "interconnect": 0.0, "corrosion": 0.0}