{"crack": 0.0302472, "contact": 0.0044098, "interconnect": 0.0, "corrosion": 0.0}