{"crack": 0.007175, "contact": 0.0005399, "interconnect": 0.0, "corrosion": 0.0064261}