{"crack": 0.2619053, "contact": 0.2324722, "interconnect": 0.0, "corrosion": 0.0}