{"crack": 0.0, "contact": 0.0054458, "interconnect": 0.0001124, "corrosion": 0.0}