{"crack": 0.2864979, "contact": 0.0016835, "interconnect": 0.0, "corrosion": 0.0}