{"crack": 0.0004266, "contact": 0.0023699, "interconnect": 0.0, "corrosion": 0.0}