{"crack": 0.0696958, "contact": 0.0145137, "interconnect": 0.0, "corrosion": 0.0}