{"crack": 0.0040134, "contact": 0.0110311, "interconnect": 0.0, "corrosion": 0.0}