{"crack": 0.2473642, "contact": 0.1078734, "interconnect": 0.0, "corrosion": 0.0}