{"crack": 0.0019861, "contact": 0.0036528, "interconnect": 0.0, "corrosion": 0.0}