{"crack": 0.2650731, "contact": 0.1106371, "interconnect": 0.0, "corrosion": 0.0}