{"crack": 0.1850828, "contact": 0.008099, "interconnect": 0.0, "corrosion": 0.0}