{"crack": 0.0010464, "contact": 0.000107, "interconnect": 0.0, "corrosion": 0.0}