{"crack": 0.2564695, "contact": 0.0011146, "interconnect": 0.0, "corrosion": 0.0}