{"crack": 0.0270102, "contact": 0.0261545, "interconnect": 6.94e-05, "corrosion": 0.0002881}