{"crack": 0.3768738, "contact": 0.0869655, "interconnect": 0.0, "corrosion": 0.0}