{"crack": 0.53003, "contact": 0.0011489, "interconnect": 0.0, "corrosion": 0.0}