{"crack": 0.0010403, "contact": 0.0007715, "interconnect": 0.0, "corrosion": 0.0}