{"crack": 0.0140582, "contact": 0.0002902, "interconnect": 0.0, "corrosion": 0.0}