{"crack": 0.3964131, "contact": 0.0055315, "interconnect": 0.0, "corrosion": 0.0}