{"crack": 0.0162455, "contact": 0.0734279, "interconnect": 0.0, "corrosion": 0.0}