{"crack": 0.0099244, "contact": 0.0025626, "interconnect": 0.0, "corrosion": 0.0}