{"crack": 0.081354, "contact": 0.0084138, "interconnect": 0.0, "corrosion": 0.0}