{"crack": 0.063688, "contact": 0.0058395, "interconnect": 0.0, "corrosion": 0.0}