{"crack": 0.0, "contact": 0.00408, "interconnect": 0.0026908, "corrosion": 0.0}