{"crack": 0.0759682, "contact": 0.1653025, "interconnect": 0.0, "corrosion": 0.0}