{"crack": 0.0015806, "contact": 0.0957917, "interconnect": 0.0, "corrosion": 0.0}