{"crack": 0.3499401, "contact": 0.0388975, "interconnect": 0.0, "corrosion": 0.0}