{"crack": 0.0160101, "contact": 0.0076615, "interconnect": 0.0, "corrosion": 0.0}