{"crack": 0.0217105, "contact": 0.0009037, "interconnect": 0.0, "corrosion": 0.0028683}