{"crack": 0.1192854, "contact": 0.0346656, "interconnect": 0.0, "corrosion": 0.0}