{"crack": 0.0001499, "contact": 0.0005535, "interconnect": 0.0, "corrosion": 0.0}