{"crack": 0.0035268, "contact": 0.0440906, "interconnect": 0.0, "corrosion": 0.0}