{"crack": 0.4694987, "contact": 0.0004623, "interconnect": 0.0, "corrosion": 0.0}