{"crack": 0.0181812, "contact": 0.0001496, "interconnect": 0.0, "corrosion": 0.0077268}