{"crack": 0.0028093, "contact": 0.0073832, "interconnect": 0.0, "corrosion": 0.0}