{"crack": 0.0014395, "contact": 0.0019619, "interconnect": 0.0, "corrosion": 0.0}