{"crack": 0.0820067, "contact": 0.2184839, "interconnect": 0.0, "corrosion": 0.0}