{"crack": 0.2006873, "contact": 0.0422389, "interconnect": 0.0, "corrosion": 0.0}