{"crack": 0.2102266, "contact": 0.002374, "interconnect": 0.0, "corrosion": 0.0}