{"crack": 0.0011922, "contact": 0.0005377, "interconnect": 0.0, "corrosion": 0.0}