{"crack": 0.4251568, "contact": 0.0374504, "interconnect": 0.0, "corrosion": 0.0}