{"crack": 0.0011025, "contact": 0.0049377, "interconnect": 0.0, "corrosion": 0.0}