{"crack": 0.2265095, "contact": 0.0596244, "interconnect": 0.0, "corrosion": 0.0}