{"crack": 0.0072442, "contact": 0.0015257, "interconnect": 0.0, "corrosion": 0.002651}