{"crack": 0.0, "contact": 0.0150039, "interconnect": 0.0087742, "corrosion": 0.0}