{"crack": 0.067363, "contact": 0.0078105, "interconnect": 0.0, "corrosion": 0.0}