{"crack": 0.1997952, "contact": 0.000144, "interconnect": 0.001376, "corrosion": 0.0}