{"crack": 0.0022361, "contact": 0.0001295, "interconnect": 0.0, "corrosion": 0.0}