{"crack": 0.0001814, "contact": 0.0017572, "interconnect": 0.0, "corrosion": 0.0}