{"crack": 0.0, "contact": 0.0014178, "interconnect": 0.0756218, "corrosion": 0.0}