{"crack": 0.073252, "contact": 0.033511, "interconnect": 0.0, "corrosion": 0.0}