{"crack": 0.0218456, "contact": 0.0038692, "interconnect": 0.0, "corrosion": 0.0}