{"crack": 0.134527, "contact": 0.0005856, "interconnect": 0.0, "corrosion": 0.0}