{"crack": 0.2645988, "contact": 0.0426941, "interconnect": 0.0, "corrosion": 0.0}