{"crack": 0.4517308, "contact": 0.0056361, "interconnect": 0.0, "corrosion": 0.0}