{"crack": 0.0008694, "contact": 0.0036861, "interconnect": 0.0, "corrosion": 0.0}