{"crack": 0.1300006, "contact": 0.0072134, "interconnect": 0.0, "corrosion": 0.0}