{"crack": 0.0015571, "contact": 0.002851, "interconnect": 0.0, "corrosion": 0.0}