{"crack": 0.004684, "contact": 0.0003207, "interconnect": 0.0, "corrosion": 0.0}