{"crack": 0.0, "contact": 0.0062933, "interconnect": 0.014058, "corrosion": 0.0}