{"crack": 0.0008474, "contact": 0.0066729, "interconnect": 0.0, "corrosion": 0.0}