{"crack": 0.3394558, "contact": 0.0034365, "interconnect": 0.0, "corrosion": 0.0}