{"crack": 0.0003049, "contact": 0.0029907, "interconnect": 0.0, "corrosion": 0.0}