{"crack": 0.0003538, "contact": 0.0051703, "interconnect": 0.0, "corrosion": 0.0}