{"crack": 0.0419851, "contact": 0.0318014, "interconnect": 0.0002157, "corrosion": 0.0009604}