{"crack": 0.0518386, "contact": 0.0425345, "interconnect": 0.0, "corrosion": 0.0}