{"crack": 0.4483624, "contact": 0.003241, "interconnect": 0.0, "corrosion": 0.0}