{"crack": 0.0002213, "contact": 0.0092489, "interconnect": 0.0, "corrosion": 0.0}