{"crack": 0.0135507, "contact": 0.0287982, "interconnect": 9.3e-06, "corrosion": 0.0001616}