{"crack": 0.0003299, "contact": 0.0287794, "interconnect": 0.0, "corrosion": 0.0}