{"crack": 0.0, "contact": 0.0120953, "interconnect": 0.0005439, "corrosion": 0.0}