{"crack": 0.0036601, "contact": 0.0102036, "interconnect": 0.0, "corrosion": 0.0}