{"crack": 0.0078044, "contact": 0.0050903, "interconnect": 0.0, "corrosion": 0.0}