{"crack": 0.0, "contact": 0.0301249, "interconnect": 0.0688339, "corrosion": 0.0}