{"crack": 0.3480954, "contact": 0.0315593, "interconnect": 0.0, "corrosion": 0.0}