{"crack": 0.0125127, "contact": 0.0002138, "interconnect": 0.0, "corrosion": 0.0091959}