{"crack": 0.0002721, "contact": 0.0025168, "interconnect": 0.0, "corrosion": 0.0}