{"crack": 0.1999198, "contact": 0.0025767, "interconnect": 0.0, "corrosion": 0.0}