{"crack": 0.0062971, "contact": 0.0005171, "interconnect": 0.0, "corrosion": 0.0}