{"crack": 0.2034353, "contact": 0.0238539, "interconnect": 0.0, "corrosion": 0.0}