{"crack": 0.1075929, "contact": 0.0182925, "interconnect": 0.0, "corrosion": 0.0}