{"crack": 0.0003207, "contact": 0.0113035, "interconnect": 0.0, "corrosion": 0.0}