{"crack": 0.0012017, "contact": 0.0032877, "interconnect": 0.0, "corrosion": 0.0}