{"crack": 0.0, "contact": 0.0058495, "interconnect": 0.0014916, "corrosion": 0.0}