{"crack": 0.2929552, "contact": 0.0185765, "interconnect": 0.0, "corrosion": 0.0}