{"crack": 0.0231407, "contact": 0.0018503, "interconnect": 0.0, "corrosion": 0.0}