{"crack": 0.0001895, "contact": 0.0014118, "interconnect": 0.0, "corrosion": 0.0}