{"crack": 0.0796038, "contact": 0.0021759, "interconnect": 0.0, "corrosion": 0.0}