{"crack": 0.0124109, "contact": 0.0015984, "interconnect": 0.0, "corrosion": 0.0060971}