{"crack": 0.1660113, "contact": 0.035523, "interconnect": 0.0, "corrosion": 0.0}