{"crack": 0.0624513, "contact": 0.0131153, "interconnect": 2.7e-06, "corrosion": 0.0004021}