{"crack": 0.0001706, "contact": 0.0006939, "interconnect": 0.0, "corrosion": 0.0}