{"crack": 0.0008472, "contact": 0.0007875, "interconnect": 0.0, "corrosion": 0.0}