{"crack": 0.0018605, "contact": 0.0003081, "interconnect": 0.0, "corrosion": 0.0}