{"crack": 0.2803023, "contact": 0.0009505, "interconnect": 0.0, "corrosion": 0.0}