{"crack": 0.0277121, "contact": 0.0731952, "interconnect": 0.0, "corrosion": 0.0}