{"crack": 0.0071461, "contact": 0.0020499, "interconnect": 0.0, "corrosion": 0.0}