{"crack": 0.3434205, "contact": 0.047432, "interconnect": 0.0, "corrosion": 0.0}