{"crack": 0.0015895, "contact": 0.0007506, "interconnect": 0.0, "corrosion": 0.0}