{"crack": 0.0006049, "contact": 0.0003538, "interconnect": 0.0, "corrosion": 0.0}