{"crack": 0.0008031, "contact": 0.0013862, "interconnect": 0.0, "corrosion": 0.0}