{"crack": 0.0, "contact": 0.0029557, "interconnect": 0.0127826, "corrosion": 0.0}