{"crack": 0.0, "contact": 0.0031417, "interconnect": 0.033201, "corrosion": 0.0}