{"crack": 0.4243566, "contact": 0.0177253, "interconnect": 0.0, "corrosion": 0.0}