{"crack": 0.114583, "contact": 0.073275, "interconnect": 0.0, "corrosion": 0.0}