{"crack": 0.1444183, "contact": 0.0097558, "interconnect": 0.0, "corrosion": 0.0}