{"crack": 0.1038852, "contact": 0.0039623, "interconnect": 0.0, "corrosion": 0.0}