{"crack": 0.0287195, "contact": 0.0160603, "interconnect": 0.0, "corrosion": 0.0}