{"crack": 0.0532594, "contact": 0.0329597, "interconnect": 0.0, "corrosion": 0.0}