{"crack": 0.0, "contact": 0.0003352, "interconnect": 0.0054592, "corrosion": 0.0}