{"crack": 0.0, "contact": 0.0190481, "interconnect": 0.024275, "corrosion": 0.0}