{"crack": 0.0454986, "contact": 0.0024329, "interconnect": 0.0, "corrosion": 0.0}