{"crack": 0.0021186, "contact": 0.0046267, "interconnect": 0.0, "corrosion": 0.0}