{"crack": 0.3339175, "contact": 0.025874, "interconnect": 0.0, "corrosion": 0.0}