{"crack": 0.4677644, "contact": 0.0154829, "interconnect": 0.0, "corrosion": 0.0}