{"crack": 0.0252579, "contact": 0.0005935, "interconnect": 0.0, "corrosion": 0.0}