{"crack": 0.1124599, "contact": 0.0037792, "interconnect": 0.0, "corrosion": 0.0}