{"crack": 0.1943351, "contact": 0.0015812, "interconnect": 0.0, "corrosion": 0.0}