{"crack": 0.0099023, "contact": 0.0018226, "interconnect": 0.0, "corrosion": 0.0}