{"crack": 0.447666, "contact": 0.002381, "interconnect": 0.0, "corrosion": 0.0}