{"crack": 0.0011185, "contact": 0.0058323, "interconnect": 0.0, "corrosion": 0.0}