{"crack": 0.0294555, "contact": 0.0007004, "interconnect": 0.0, "corrosion": 0.0012131}