{"crack": 0.1986601, "contact": 0.0057833, "interconnect": 0.0, "corrosion": 0.0}