{"crack": 0.0043832, "contact": 0.0732286, "interconnect": 0.0, "corrosion": 0.0}