{"crack": 0.2521231, "contact": 0.0246607, "interconnect": 0.0, "corrosion": 0.0}