{"crack": 0.0012692, "contact": 0.0003233, "interconnect": 0.0, "corrosion": 0.0}