{"crack": 0.0027049, "contact": 0.0052977, "interconnect": 0.0, "corrosion": 0.0}