{"crack": 0.2259646, "contact": 0.0440895, "interconnect": 0.0, "corrosion": 0.0}