{"crack": 0.0111329, "contact": 0.0002291, "interconnect": 0.0, "corrosion": 0.0038481}