{"crack": 0.0004556, "contact": 0.0001858, "interconnect": 0.0, "corrosion": 0.0}