{"crack": 0.0297482, "contact": 0.0245595, "interconnect": 0.0, "corrosion": 0.0}