{"crack": 0.3961007, "contact": 0.0037053, "interconnect": 0.0, "corrosion": 0.0}