{"crack": 0.1840112, "contact": 0.0195402, "interconnect": 0.0, "corrosion": 0.0}