{"crack": 0.0600468, "contact": 0.0021458, "interconnect": 0.0, "corrosion": 0.0}