{"crack": 0.000352, "contact": 0.0016502, "interconnect": 0.0, "corrosion": 0.0}