{"crack": 0.0, "contact": 0.0171092, "interconnect": 0.01932, "corrosion": 0.0}