{"crack": 0.1152427, "contact": 0.0006665, "interconnect": 0.0, "corrosion": 0.0}