{"crack": 0.2005102, "contact": 0.0084122, "interconnect": 0.0, "corrosion": 0.0}