{"crack": 0.2176509, "contact": 0.0344548, "interconnect": 0.0, "corrosion": 0.0}