{"crack": 0.5432943, "contact": 0.0139802, "interconnect": 0.0, "corrosion": 0.0}