{"crack": 0.0175103, "contact": 0.0469537, "interconnect": 0.0, "corrosion": 0.0}