{"crack": 0.0018701, "contact": 0.0007807, "interconnect": 0.0, "corrosion": 0.0}