{"crack": 0.2955064, "contact": 0.0001322, "interconnect": 0.0, "corrosion": 0.0}