{"crack": 0.0582812, "contact": 0.0025997, "interconnect": 0.0, "corrosion": 0.0}