{"crack": 0.2429949, "contact": 0.0640301, "interconnect": 0.0, "corrosion": 0.0}