{"crack": 0.0318942, "contact": 0.0043518, "interconnect": 0.0, "corrosion": 0.0}