{"crack": 0.0, "contact": 0.0082964, "interconnect": 0.0138617, "corrosion": 0.0}