{"crack": 0.0881892, "contact": 0.0199114, "interconnect": 0.0, "corrosion": 0.0}