{"crack": 0.005675, "contact": 0.0025611, "interconnect": 0.0, "corrosion": 0.0}