{"crack": 0.0683896, "contact": 0.0433761, "interconnect": 0.0, "corrosion": 0.0}