{"crack": 0.3128663, "contact": 0.002095, "interconnect": 0.0, "corrosion": 0.0}