{"crack": 0.0, "contact": 0.0001531, "interconnect": 0.0193171, "corrosion": 0.0}