{"crack": 0.00033, "contact": 0.0033225, "interconnect": 0.0, "corrosion": 0.0}