{"crack": 0.0015168, "contact": 0.0003673, "interconnect": 0.0, "corrosion": 0.0}