{"crack": 0.0001398, "contact": 0.0028538, "interconnect": 0.0, "corrosion": 0.0}