{"crack": 0.4253103, "contact": 0.0479814, "interconnect": 0.0, "corrosion": 0.0}