{"crack": 0.0, "contact": 0.0263144, "interconnect": 0.0071743, "corrosion": 0.0}