{"crack": 0.0001017, "contact": 0.0041919, "interconnect": 0.0, "corrosion": 0.0}