{"crack": 0.4553277, "contact": 0.0802412, "interconnect": 0.0, "corrosion": 0.0}