{"crack": 0.0009256, "contact": 0.0129728, "interconnect": 0.0, "corrosion": 0.3450387}