{"crack": 0.4693992, "contact": 0.0260886, "interconnect": 0.0, "corrosion": 0.0}