{"crack": 0.0615896, "contact": 0.0464842, "interconnect": 0.0, "corrosion": 0.0}