{"crack": 0.053288, "contact": 0.0003436, "interconnect": 0.0, "corrosion": 0.0}