{"crack": 0.0315572, "contact": 0.0484148, "interconnect": 0.0, "corrosion": 0.0}