{"crack": 0.0296194, "contact": 0.0019194, "interconnect": 0.0, "corrosion": 0.0}