{"crack": 0.1714758, "contact": 0.0034961, "interconnect": 0.0, "corrosion": 0.0}