{"crack": 0.0037543, "contact": 0.0020713, "interconnect": 0.0, "corrosion": 0.0}