{"crack": 0.1602288, "contact": 0.0219853, "interconnect": 0.0, "corrosion": 0.0}