{"crack": 0.1636246, "contact": 0.0251451, "interconnect": 0.0, "corrosion": 0.0}