{"crack": 0.0001136, "contact": 0.0001136, "interconnect": 0.0, "corrosion": 0.0}