{"crack": 0.0002154, "contact": 0.0012244, "interconnect": 0.0, "corrosion": 0.0}