{"crack": 0.0009486, "contact": 0.0159521, "interconnect": 0.0, "corrosion": 0.0}