{"crack": 0.2234237, "contact": 0.0052895, "interconnect": 0.0, "corrosion": 0.0}