{"crack": 0.0, "contact": 0.0138065, "interconnect": 0.0006452, "corrosion": 0.0}