{"crack": 0.0009241, "contact": 0.000242, "interconnect": 0.0, "corrosion": 0.0}