{"crack": 0.0231029, "contact": 0.000694, "interconnect": 0.0, "corrosion": 0.0}