{"crack": 0.1945341, "contact": 0.0088745, "interconnect": 0.0, "corrosion": 0.0}