{"crack": 0.0864542, "contact": 0.0002767, "interconnect": 0.0, "corrosion": 0.0}