{"crack": 0.0004411, "contact": 0.0030183, "interconnect": 0.0, "corrosion": 0.0}