{"crack": 0.1593274, "contact": 0.0177608, "interconnect": 0.0, "corrosion": 0.0}