{"crack": 0.2522937, "contact": 0.0023954, "interconnect": 0.0, "corrosion": 0.0}