{"crack": 0.0, "contact": 0.0032835, "interconnect": 0.0239695, "corrosion": 0.0}