{"crack": 0.2197223, "contact": 0.0623897, "interconnect": 0.0, "corrosion": 0.0}