{"crack": 0.2911662, "contact": 0.0689098, "interconnect": 0.0, "corrosion": 0.0}