{"crack": 0.0020175, "contact": 0.0012938, "interconnect": 0.0, "corrosion": 0.0}