{"crack": 0.0, "contact": 0.0085555, "interconnect": 0.0047982, "corrosion": 0.0}