{"crack": 0.0035182, "contact": 0.0321551, "interconnect": 0.0, "corrosion": 0.0}