{"crack": 0.0402333, "contact": 0.1200889, "interconnect": 0.0016333, "corrosion": 0.0}