{"crack": 0.007735, "contact": 0.000248, "interconnect": 0.0, "corrosion": 0.0}