{"crack": 0.0017647, "contact": 0.0642356, "interconnect": 0.0, "corrosion": 0.0}