{"crack": 0.0219762, "contact": 0.0060417, "interconnect": 0.0, "corrosion": 0.0}