{"crack": 0.2312353, "contact": 0.0037335, "interconnect": 0.0, "corrosion": 0.0}