{"crack": 0.0991415, "contact": 0.0328351, "interconnect": 0.0, "corrosion": 0.0}