{"crack": 0.0013697, "contact": 0.0031238, "interconnect": 0.0, "corrosion": 0.0}