{"crack": 0.0002043, "contact": 0.0674669, "interconnect": 0.0, "corrosion": 0.0}