{"crack": 0.1635044, "contact": 0.0017859, "interconnect": 0.0, "corrosion": 0.0}