{"crack": 0.1048099, "contact": 0.0040197, "interconnect": 0.0, "corrosion": 0.0}