{"crack": 0.6007738, "contact": 0.0076539, "interconnect": 0.0, "corrosion": 0.0}