{"crack": 0.0018094, "contact": 0.0431402, "interconnect": 0.0, "corrosion": 0.0}