{"crack": 0.0001264, "contact": 0.002574, "interconnect": 0.0, "corrosion": 0.0}