{"crack": 0.0317139, "contact": 0.0289841, "interconnect": 0.0001385, "corrosion": 0.0016409}