{"crack": 0.0, "contact": 0.0151218, "interconnect": 0.0005753, "corrosion": 0.0}