{"crack": 0.3737032, "contact": 0.0008218, "interconnect": 0.0, "corrosion": 0.0}