{"crack": 0.0002405, "contact": 0.0049359, "interconnect": 0.0, "corrosion": 0.0}