{"crack": 0.4788401, "contact": 0.0003041, "interconnect": 0.0, "corrosion": 0.0}