{"crack": 0.2952733, "contact": 0.0978419, "interconnect": 0.0, "corrosion": 0.0}