{"crack": 0.0799972, "contact": 0.0037358, "interconnect": 0.0, "corrosion": 0.0}