{"crack": 0.1071816, "contact": 0.00087, "interconnect": 0.0, "corrosion": 0.0}