{"crack": 0.0394255, "contact": 0.0001034, "interconnect": 0.0, "corrosion": 0.0}