{"crack": 0.1005287, "contact": 0.0003725, "interconnect": 0.0, "corrosion": 0.0}