{"crack": 0.0024394, "contact": 0.0007727, "interconnect": 0.0, "corrosion": 0.0}