{"crack": 0.0002322, "contact": 0.0030763, "interconnect": 0.0, "corrosion": 0.0}