{"crack": 0.003568, "contact": 0.0015697, "interconnect": 0.0, "corrosion": 0.0}