{"crack": 0.4358079, "contact": 0.0362051, "interconnect": 0.0, "corrosion": 0.0}