{"crack": 0.003838, "contact": 0.0014938, "interconnect": 0.0, "corrosion": 0.0}