{"crack": 0.0271874, "contact": 0.0033211, "interconnect": 0.0, "corrosion": 0.0}