{"crack": 0.0001858, "contact": 0.0030928, "interconnect": 0.0, "corrosion": 0.0}