{"crack": 0.1704389, "contact": 0.0009131, "interconnect": 0.0, "corrosion": 0.0}