{"crack": 0.0375782, "contact": 0.0198129, "interconnect": 8.91e-05, "corrosion": 0.0037731}