{"crack": 0.0394661, "contact": 0.0091834, "interconnect": 0.0, "corrosion": 0.0}