{"crack": 0.0108174, "contact": 0.0005091, "interconnect": 0.0, "corrosion": 0.0}