{"crack": 0.3836463, "contact": 0.0005497, "interconnect": 0.0, "corrosion": 0.0}