{"crack": 0.0003665, "contact": 0.0035273, "interconnect": 0.0, "corrosion": 0.0}