{"crack": 0.0001609, "contact": 0.0024706, "interconnect": 0.0, "corrosion": 0.0}