{"crack": 0.0003447, "contact": 0.0021603, "interconnect": 0.0, "corrosion": 0.0}