{"crack": 0.0005389, "contact": 0.0002395, "interconnect": 0.0, "corrosion": 0.0}