{"crack": 0.2343511, "contact": 0.0023149, "interconnect": 0.0239831, "corrosion": 0.0}