{"crack": 0.0436362, "contact": 0.0026444, "interconnect": 0.0, "corrosion": 0.001145}