{"crack": 0.448911, "contact": 0.021543, "interconnect": 0.0, "corrosion": 0.0}