{"crack": 0.0444598, "contact": 0.0028825, "interconnect": 0.0, "corrosion": 0.0}