{"crack": 0.0024274, "contact": 0.001801, "interconnect": 0.0, "corrosion": 0.0}