{"crack": 0.0082862, "contact": 0.0039376, "interconnect": 0.0, "corrosion": 0.0}