{"crack": 0.2055839, "contact": 0.0003277, "interconnect": 0.0, "corrosion": 0.0}