{"crack": 0.0011011, "contact": 0.0011616, "interconnect": 0.0, "corrosion": 0.0}