{"crack": 0.5187119, "contact": 0.0129106, "interconnect": 0.0, "corrosion": 0.0}