{"crack": 0.1976534, "contact": 0.1498144, "interconnect": 0.0, "corrosion": 0.0}