{"crack": 0.3473628, "contact": 0.0101577, "interconnect": 0.0, "corrosion": 0.0}