{"crack": 0.0066583, "contact": 0.0242611, "interconnect": 0.0, "corrosion": 0.0}