{"crack": 0.1935853, "contact": 0.0648129, "interconnect": 0.0, "corrosion": 0.0}