{"crack": 0.3257536, "contact": 0.0141167, "interconnect": 0.0, "corrosion": 0.0}