{"crack": 0.4603175, "contact": 0.0091989, "interconnect": 0.0, "corrosion": 0.0}