{"crack": 0.0032533, "contact": 0.003822, "interconnect": 0.0, "corrosion": 0.0}