{"crack": 0.1171767, "contact": 0.0913662, "interconnect": 0.0, "corrosion": 0.0}