{"crack": 0.1961979, "contact": 0.0031379, "interconnect": 0.0, "corrosion": 0.0}