{"crack": 0.0032639, "contact": 0.0131814, "interconnect": 0.0, "corrosion": 0.0}