{"crack": 0.0095209, "contact": 0.0054714, "interconnect": 0.0, "corrosion": 0.0}