{"crack": 0.3897428, "contact": 0.1113224, "interconnect": 0.0, "corrosion": 0.0}