{"crack": 0.0557852, "contact": 0.001646, "interconnect": 0.0, "corrosion": 0.0}