{"crack": 0.2161138, "contact": 0.0019338, "interconnect": 0.0, "corrosion": 0.0}