{"crack": 0.0189304, "contact": 0.0068026, "interconnect": 0.0, "corrosion": 0.0}