{"crack": 0.0007875, "contact": 0.0853393, "interconnect": 0.0, "corrosion": 0.0}