{"crack": 0.000287, "contact": 0.0009506, "interconnect": 0.0, "corrosion": 0.0}