{"crack": 0.0014776, "contact": 0.0068054, "interconnect": 0.0, "corrosion": 0.0}