{"crack": 0.3644014, "contact": 0.1291699, "interconnect": 0.0, "corrosion": 0.0}