{"crack": 0.0001264, "contact": 0.0003907, "interconnect": 0.0, "corrosion": 0.0}