{"crack": 0.2285272, "contact": 0.0042029, "interconnect": 0.0, "corrosion": 0.0}