{"crack": 0.0564173, "contact": 0.0015979, "interconnect": 0.0, "corrosion": 0.0}