{"crack": 0.0004587, "contact": 0.0006824, "interconnect": 0.0, "corrosion": 0.0}