{"crack": 0.0014429, "contact": 0.0144079, "interconnect": 0.0132536, "corrosion": 0.0}