{"crack": 0.1486486, "contact": 0.0063359, "interconnect": 0.0, "corrosion": 0.0}