{"crack": 0.1924961, "contact": 0.0014975, "interconnect": 0.0, "corrosion": 0.0}