{"crack": 0.0012032, "contact": 0.0026841, "interconnect": 0.0, "corrosion": 0.0}