{"crack": 0.4847173, "contact": 0.047666, "interconnect": 0.0, "corrosion": 0.0}