{"crack": 0.0115026, "contact": 0.001988, "interconnect": 0.0, "corrosion": 0.0}