{"crack": 0.3102953, "contact": 0.0542231, "interconnect": 0.0, "corrosion": 0.0}