{"crack": 0.1093594, "contact": 0.0016777, "interconnect": 0.0, "corrosion": 0.0}