{"crack": 0.0064747, "contact": 0.0006097, "interconnect": 0.0, "corrosion": 0.0}