{"crack": 0.072214, "contact": 0.0014528, "interconnect": 0.0, "corrosion": 0.0}