{"crack": 0.0212572, "contact": 0.0013109, "interconnect": 0.0, "corrosion": 0.0}