{"crack": 0.0579183, "contact": 0.0899994, "interconnect": 0.0, "corrosion": 0.0}