{"crack": 0.1660368, "contact": 0.0007215, "interconnect": 0.0, "corrosion": 0.0}