{"crack": 0.266543, "contact": 0.1855288, "interconnect": 0.0, "corrosion": 0.0}