{"crack": 0.060353, "contact": 0.0324305, "interconnect": 0.0, "corrosion": 0.0}