{"crack": 0.0107097, "contact": 0.0005056, "interconnect": 0.0, "corrosion": 0.0}