{"crack": 0.1833925, "contact": 0.0838418, "interconnect": 0.0, "corrosion": 0.0}