{"crack": 0.0004081, "contact": 0.002086, "interconnect": 0.0, "corrosion": 0.0}