{"crack": 0.0, "contact": 0.0425283, "interconnect": 0.0010751, "corrosion": 0.0}