{"crack": 0.0030517, "contact": 0.000853, "interconnect": 0.0, "corrosion": 0.0}