{"crack": 0.1359655, "contact": 0.0177905, "interconnect": 0.0, "corrosion": 0.0}