{"crack": 0.4543082, "contact": 0.0163492, "interconnect": 0.0, "corrosion": 0.0}