{"crack": 0.3802952, "contact": 0.00422, "interconnect": 0.0, "corrosion": 0.0}