{"crack": 0.3835565, "contact": 0.0011261, "interconnect": 0.0, "corrosion": 0.0}