{"crack": 0.0624378, "contact": 0.0005096, "interconnect": 0.0, "corrosion": 0.0}