{"crack": 0.7962258, "contact": 0.0013226, "interconnect": 0.0, "corrosion": 0.0}