{"crack": 0.0006143, "contact": 0.006643, "interconnect": 0.0, "corrosion": 0.0}