{"crack": 0.0018531, "contact": 0.0058173, "interconnect": 0.0, "corrosion": 0.0}