{"crack": 0.0569629, "contact": 0.0058978, "interconnect": 0.0, "corrosion": 0.0}