{"crack": 0.1377241, "contact": 0.0211526, "interconnect": 0.0, "corrosion": 0.0}