{"crack": 0.0, "contact": 0.0232636, "interconnect": 0.0221329, "corrosion": 0.0}