{"crack": 0.0832405, "contact": 0.0002438, "interconnect": 0.0, "corrosion": 0.0}