{"crack": 0.1593964, "contact": 0.0126587, "interconnect": 0.0, "corrosion": 0.0}