{"crack": 0.2185038, "contact": 0.0041029, "interconnect": 0.0, "corrosion": 0.0}