{"crack": 0.0, "contact": 0.001333, "interconnect": 0.0719492, "corrosion": 0.0}