{"crack": 0.0027943, "contact": 0.0501507, "interconnect": 0.0, "corrosion": 0.0}