{"crack": 0.0277152, "contact": 0.0441121, "interconnect": 0.0, "corrosion": 0.0}