{"crack": 0.1556794, "contact": 0.1042733, "interconnect": 0.0, "corrosion": 0.0}