{"crack": 0.7066326, "contact": 0.0116729, "interconnect": 0.0, "corrosion": 0.0}