{"crack": 0.0007714, "contact": 0.0630128, "interconnect": 0.0, "corrosion": 0.0}