{"crack": 0.3830446, "contact": 0.007504, "interconnect": 0.0, "corrosion": 0.0}