{"crack": 0.0003289, "contact": 0.0021601, "interconnect": 0.0, "corrosion": 0.0}