{"crack": 0.1485476, "contact": 0.0236033, "interconnect": 0.0, "corrosion": 0.0}