{"crack": 0.0055573, "contact": 0.0008615, "interconnect": 0.0, "corrosion": 0.0}