{"crack": 0.0009816, "contact": 0.0041089, "interconnect": 0.0, "corrosion": 0.0}