{"crack": 0.0001027, "contact": 0.0029447, "interconnect": 0.0, "corrosion": 0.0}