{"crack": 0.0020242, "contact": 0.002036, "interconnect": 0.0, "corrosion": 0.0}