{"crack": 0.3405634, "contact": 0.0064475, "interconnect": 0.0, "corrosion": 0.0}