{"crack": 0.5176126, "contact": 0.0023536, "interconnect": 0.0, "corrosion": 0.0}