{"crack": 0.0291696, "contact": 0.1245602, "interconnect": 0.0, "corrosion": 0.0}