{"crack": 0.034258, "contact": 0.0438941, "interconnect": 0.0, "corrosion": 0.0}