{"crack": 0.4097205, "contact": 0.0219908, "interconnect": 0.0, "corrosion": 0.0}