{"crack": 0.0010134, "contact": 0.0044963, "interconnect": 0.0, "corrosion": 0.0}