{"crack": 0.0276865, "contact": 0.0002466, "interconnect": 0.0, "corrosion": 0.0}