{"crack": 0.0317899, "contact": 0.0209331, "interconnect": 0.0, "corrosion": 0.0}