{"crack": 0.0, "contact": 0.0063902, "interconnect": 0.0973934, "corrosion": 0.0}