{"crack": 0.0, "contact": 0.0666811, "interconnect": 0.0136967, "corrosion": 0.0}