{"crack": 0.0060316, "contact": 0.0252601, "interconnect": 0.0, "corrosion": 0.0}