{"crack": 0.3349748, "contact": 0.1000458, "interconnect": 0.0, "corrosion": 0.0}