{"crack": 0.0124599, "contact": 0.0002634, "interconnect": 0.0, "corrosion": 0.0}