{"crack": 0.0020791, "contact": 0.0268284, "interconnect": 0.0, "corrosion": 0.0735219}