{"crack": 0.001578, "contact": 0.0296655, "interconnect": 0.0, "corrosion": 0.0}