{"crack": 0.0002658, "contact": 0.000886, "interconnect": 0.0, "corrosion": 0.0}