{"crack": 0.0992427, "contact": 0.0025395, "interconnect": 0.0, "corrosion": 0.0}