{"crack": 0.0124304, "contact": 0.0910771, "interconnect": 0.0, "corrosion": 0.0}