{"crack": 0.0072803, "contact": 0.000825, "interconnect": 0.0, "corrosion": 0.0}