{"crack": 0.7583492, "contact": 0.0039585, "interconnect": 0.0, "corrosion": 0.0}