{"crack": 0.0975404, "contact": 0.0002054, "interconnect": 0.0, "corrosion": 0.0}