{"crack": 0.0102625, "contact": 0.0906913, "interconnect": 0.0, "corrosion": 0.0}