{"crack": 0.0020125, "contact": 0.004378, "interconnect": 0.0, "corrosion": 0.0}