{"crack": 0.1846698, "contact": 0.1471289, "interconnect": 0.0, "corrosion": 0.0}