{"crack": 0.0, "contact": 0.0005411, "interconnect": 0.0630575, "corrosion": 0.0}