{"crack": 0.0505235, "contact": 0.0001041, "interconnect": 0.0, "corrosion": 0.0}