{"crack": 0.0003495, "contact": 0.0016774, "interconnect": 0.0, "corrosion": 0.0}