{"crack": 0.0004252, "contact": 0.0045045, "interconnect": 0.0, "corrosion": 0.0}