{"crack": 0.2580017, "contact": 0.0047617, "interconnect": 0.0, "corrosion": 0.0}