{"crack": 0.0937002, "contact": 0.0044572, "interconnect": 0.0003845, "corrosion": 0.0}