{"crack": 0.0254258, "contact": 0.0014313, "interconnect": 0.0, "corrosion": 0.0113982}