{"crack": 0.0001514, "contact": 0.004438, "interconnect": 0.0, "corrosion": 0.0}