{"crack": 0.0196101, "contact": 0.0088274, "interconnect": 0.0, "corrosion": 0.0}