{"crack": 0.00553, "contact": 0.0017771, "interconnect": 0.0, "corrosion": 0.0}