{"crack": 0.4834506, "contact": 0.0088553, "interconnect": 0.0, "corrosion": 0.0}