{"crack": 0.0514412, "contact": 0.0593193, "interconnect": 0.0, "corrosion": 0.0}