{"crack": 0.0, "contact": 0.0145299, "interconnect": 0.0040404, "corrosion": 0.0}