{"crack": 0.0001598, "contact": 0.0055812, "interconnect": 0.0, "corrosion": 0.0}