{"crack": 0.0309609, "contact": 0.0174927, "interconnect": 0.0, "corrosion": 0.0}