{"crack": 0.0122634, "contact": 0.0031237, "interconnect": 0.0, "corrosion": 0.0}