{"crack": 0.3207046, "contact": 0.007181, "interconnect": 0.0, "corrosion": 0.0}