{"crack": 0.0013862, "contact": 0.0049273, "interconnect": 0.0, "corrosion": 0.0}