{"crack": 0.1939418, "contact": 0.0027714, "interconnect": 0.0, "corrosion": 0.0}