{"crack": 0.02229, "contact": 0.0732052, "interconnect": 0.0, "corrosion": 0.0}