{"crack": 0.0005178, "contact": 0.0842297, "interconnect": 0.0, "corrosion": 0.0}