{"crack": 0.2648035, "contact": 0.0447203, "interconnect": 0.0, "corrosion": 0.0}