{"crack": 0.2085976, "contact": 0.001241, "interconnect": 0.0, "corrosion": 0.0}