{"crack": 0.3307109, "contact": 0.0016891, "interconnect": 0.0, "corrosion": 0.0}