{"crack": 0.0008837, "contact": 0.0004698, "interconnect": 0.0, "corrosion": 0.0}