{"crack": 0.0041908, "contact": 0.0059321, "interconnect": 0.0, "corrosion": 0.0}