{"crack": 0.000443, "contact": 0.001353, "interconnect": 0.0, "corrosion": 0.0}