{"crack": 0.5228736, "contact": 0.0475277, "interconnect": 0.0, "corrosion": 0.0}