{"crack": 0.0, "contact": 0.0052961, "interconnect": 0.000112, "corrosion": 0.0}