{"crack": 0.0030803, "contact": 0.0042574, "interconnect": 0.0, "corrosion": 0.0}