{"crack": 0.019777, "contact": 0.0424739, "interconnect": 0.0004035, "corrosion": 0.0015988}