{"crack": 0.0329936, "contact": 0.0059551, "interconnect": 0.0, "corrosion": 0.0}