{"crack": 0.3175521, "contact": 0.0107724, "interconnect": 0.0, "corrosion": 0.0}