{"crack": 0.0270962, "contact": 0.0033784, "interconnect": 0.0, "corrosion": 0.0}