{"crack": 0.0708171, "contact": 0.0061281, "interconnect": 0.0, "corrosion": 0.0}