{"crack": 0.0012368, "contact": 0.0023591, "interconnect": 0.0, "corrosion": 0.0}