{"crack": 0.0019687, "contact": 0.000346, "interconnect": 0.0, "corrosion": 0.0}