{"crack": 0.0015117, "contact": 0.0069514, "interconnect": 0.0, "corrosion": 0.0}