{"crack": 0.0008333, "contact": 0.0037139, "interconnect": 0.000275, "corrosion": 0.0}