{"crack": 0.1221847, "contact": 0.0054008, "interconnect": 0.0, "corrosion": 0.0}