{"crack": 0.0015312, "contact": 0.0917048, "interconnect": 0.0, "corrosion": 0.0}