{"crack": 0.0150431, "contact": 0.0046682, "interconnect": 0.0, "corrosion": 0.0}