{"crack": 0.0152246, "contact": 0.0316956, "interconnect": 0.0, "corrosion": 0.0}