{"crack": 0.0052259, "contact": 0.0029625, "interconnect": 0.0, "corrosion": 0.0}