{"crack": 0.0208452, "contact": 0.0836782, "interconnect": 0.0, "corrosion": 0.0}