{"crack": 0.4174991, "contact": 0.0004265, "interconnect": 0.0, "corrosion": 0.0}