{"crack": 0.0007142, "contact": 0.000102, "interconnect": 0.0, "corrosion": 0.0}