{"crack": 0.0036444, "contact": 0.0019899, "interconnect": 0.0, "corrosion": 0.0}