{"crack": 0.0050199, "contact": 0.0556533, "interconnect": 0.0, "corrosion": 0.0}