{"crack": 0.2252759, "contact": 0.008486, "interconnect": 0.0, "corrosion": 0.0}