{"crack": 0.0054795, "contact": 0.0007863, "interconnect": 0.0, "corrosion": 0.0065069}