{"crack": 0.0431973, "contact": 0.0292977, "interconnect": 2.66e-05, "corrosion": 0.0011909}