{"crack": 0.0002362, "contact": 0.0004487, "interconnect": 0.0, "corrosion": 0.0}