{"crack": 0.3985349, "contact": 0.0157999, "interconnect": 0.0, "corrosion": 0.0}