{"crack": 0.1523258, "contact": 0.0037346, "interconnect": 0.0, "corrosion": 0.0}