{"crack": 0.1571799, "contact": 0.0036969, "interconnect": 0.0, "corrosion": 0.0}