{"crack": 0.0294883, "contact": 0.1137852, "interconnect": 0.0, "corrosion": 0.0}