{"crack": 0.0, "contact": 0.0586327, "interconnect": 0.0099724, "corrosion": 0.0}