{"crack": 0.0011984, "contact": 0.0005022, "interconnect": 0.0, "corrosion": 0.0}