{"crack": 0.0201225, "contact": 0.0023078, "interconnect": 0.0, "corrosion": 0.0089352}