{"crack": 0.021366, "contact": 0.0031273, "interconnect": 0.0, "corrosion": 0.0}