{"crack": 0.2178315, "contact": 0.0815816, "interconnect": 0.0, "corrosion": 0.0}