{"crack": 0.0083606, "contact": 0.0212355, "interconnect": 0.0007574, "corrosion": 0.0}