{"crack": 0.0162529, "contact": 0.0699081, "interconnect": 0.0, "corrosion": 0.0}