{"crack": 0.4083414, "contact": 0.0067455, "interconnect": 0.0, "corrosion": 0.0}