{"crack": 0.4959001, "contact": 0.0012025, "interconnect": 0.0, "corrosion": 0.0}