{"crack": 0.0812077, "contact": 0.0073554, "interconnect": 0.0006575, "corrosion": 0.0}