{"crack": 0.0766262, "contact": 0.0043175, "interconnect": 0.0, "corrosion": 0.0}