{"crack": 0.0200868, "contact": 0.0011182, "interconnect": 0.0, "corrosion": 0.0066333}