{"crack": 0.0800723, "contact": 0.016248, "interconnect": 9.97e-05, "corrosion": 0.1973969}