{"crack": 0.235553, "contact": 0.0836923, "interconnect": 0.0, "corrosion": 0.0}