{"crack": 0.0321715, "contact": 0.0091671, "interconnect": 0.0, "corrosion": 0.0011956}