{"crack": 0.4952381, "contact": 0.0115646, "interconnect": 0.0, "corrosion": 0.0}