{"crack": 0.0, "contact": 0.0094411, "interconnect": 0.0024039, "corrosion": 0.0}