{"crack": 0.2095838, "contact": 0.0011073, "interconnect": 0.0, "corrosion": 0.0}