{"crack": 0.000205, "contact": 0.0001326, "interconnect": 0.0, "corrosion": 0.0}