{"crack": 0.0101337, "contact": 0.0040675, "interconnect": 0.0, "corrosion": 0.0}