{"crack": 0.3497004, "contact": 0.0002397, "interconnect": 0.0, "corrosion": 0.0}