{"crack": 0.1636259, "contact": 0.0021056, "interconnect": 0.0, "corrosion": 0.0}