{"crack": 0.0658514, "contact": 0.0118075, "interconnect": 0.0, "corrosion": 0.0}