{"crack": 0.0010227, "contact": 0.0078369, "interconnect": 0.0, "corrosion": 0.0}