{"crack": 0.0754008, "contact": 0.0001718, "interconnect": 0.0, "corrosion": 0.0}