{"crack": 0.0003855, "contact": 0.0050109, "interconnect": 0.0, "corrosion": 0.0}