{"crack": 0.0003212, "contact": 0.0017277, "interconnect": 0.0, "corrosion": 0.0}