{"crack": 0.0366468, "contact": 0.001546, "interconnect": 0.0, "corrosion": 0.0}