{"crack": 0.0, "contact": 0.0181078, "interconnect": 0.0088014, "corrosion": 0.0}