{"crack": 0.0029086, "contact": 0.0003988, "interconnect": 0.0, "corrosion": 0.0}