{"crack": 0.3513514, "contact": 0.0278516, "interconnect": 0.0, "corrosion": 0.0}