{"crack": 0.2351965, "contact": 0.0841691, "interconnect": 0.0, "corrosion": 0.0}