{"crack": 0.0357062, "contact": 0.0265607, "interconnect": 0.0, "corrosion": 0.0}