{"crack": 0.0031399, "contact": 0.0010573, "interconnect": 0.0, "corrosion": 0.0}