{"crack": 0.0628836, "contact": 0.0023133, "interconnect": 0.0, "corrosion": 0.0}