{"crack": 0.162018, "contact": 0.000182, "interconnect": 0.0, "corrosion": 0.0}