{"crack": 0.1727455, "contact": 0.0003562, "interconnect": 0.0, "corrosion": 0.0}