{"crack": 0.2174513, "contact": 0.0029789, "interconnect": 0.0, "corrosion": 0.0}