{"crack": 0.0194103, "contact": 0.0022634, "interconnect": 0.0, "corrosion": 0.0}