{"crack": 0.011435, "contact": 0.0379429, "interconnect": 0.0, "corrosion": 0.0}