{"crack": 0.0273362, "contact": 0.0921553, "interconnect": 0.0, "corrosion": 0.0}