{"crack": 0.0018883, "contact": 0.0430772, "interconnect": 0.0, "corrosion": 0.0}