{"crack": 0.0, "contact": 0.0264821, "interconnect": 0.0084762, "corrosion": 0.0}