{"crack": 0.2360284, "contact": 0.0464498, "interconnect": 0.0, "corrosion": 0.0}