{"crack": 0.1502939, "contact": 0.0856474, "interconnect": 0.0, "corrosion": 0.0}