{"crack": 0.0092991, "contact": 0.0061612, "interconnect": 0.0, "corrosion": 0.0}