{"crack": 0.0003838, "contact": 0.0012719, "interconnect": 0.0, "corrosion": 0.0}