{"crack": 0.0028005, "contact": 0.0, "interconnect": 0.0, "corrosion": 0.0008113}