{"crack": 0.0497721, "contact": 0.0528299, "interconnect": 0.0, "corrosion": 0.0}