{"crack": 0.223843, "contact": 0.0022711, "interconnect": 0.0, "corrosion": 0.0}