{"crack": 0.2994764, "contact": 0.0012506, "interconnect": 0.0, "corrosion": 0.0}