{"crack": 0.3143543, "contact": 0.0006407, "interconnect": 0.0, "corrosion": 0.0}