{"crack": 0.048168, "contact": 0.0025657, "interconnect": 0.0, "corrosion": 0.0}