{"crack": 0.291443, "contact": 0.0293757, "interconnect": 0.0, "corrosion": 0.0}