{"crack": 0.0015925, "contact": 0.0073938, "interconnect": 0.0, "corrosion": 0.0}