{"crack": 0.022011, "contact": 0.0009849, "interconnect": 0.0, "corrosion": 0.0}