{"crack": 0.0687554, "contact": 0.0015066, "interconnect": 0.0, "corrosion": 2.28e-05}