{"crack": 0.2454416, "contact": 0.0013325, "interconnect": 0.0, "corrosion": 0.0}