{"crack": 0.01074, "contact": 0.0043942, "interconnect": 0.0, "corrosion": 0.0}