{"crack": 0.2394675, "contact": 0.1304832, "interconnect": 0.0, "corrosion": 0.0}