{"crack": 0.0065473, "contact": 0.0010448, "interconnect": 0.0, "corrosion": 0.0}