{"crack": 0.3379647, "contact": 0.0158542, "interconnect": 0.0, "corrosion": 0.0}