{"crack": 0.2858056, "contact": 0.0142446, "interconnect": 0.0, "corrosion": 0.0}