{"crack": 0.003036, "contact": 0.0031159, "interconnect": 0.0, "corrosion": 0.0}