{"crack": 0.4459263, "contact": 0.0051081, "interconnect": 0.0, "corrosion": 0.0}