{"crack": 0.0004909, "contact": 0.0001796, "interconnect": 0.0, "corrosion": 0.0}