{"crack": 0.3175772, "contact": 0.1255581, "interconnect": 0.0, "corrosion": 0.0}