{"crack": 0.0285856, "contact": 0.0433643, "interconnect": 0.0, "corrosion": 0.0}