{"crack": 0.0005381, "contact": 0.0080112, "interconnect": 0.0, "corrosion": 0.0}