{"crack": 0.0243701, "contact": 0.0044663, "interconnect": 0.0, "corrosion": 0.0}