{"crack": 0.0108131, "contact": 0.0061592, "interconnect": 0.0, "corrosion": 0.0}