{"crack": 0.1220224, "contact": 0.007114, "interconnect": 0.0, "corrosion": 0.0}