{"crack": 0.1753716, "contact": 0.0004167, "interconnect": 0.0, "corrosion": 0.0}