{"crack": 0.0005831, "contact": 0.0016942, "interconnect": 0.0, "corrosion": 0.0}