{"crack": 0.1424185, "contact": 0.1006905, "interconnect": 0.0, "corrosion": 0.0}