{"crack": 0.2344917, "contact": 0.0301861, "interconnect": 0.0, "corrosion": 0.0}