{"crack": 0.0355214, "contact": 0.0160016, "interconnect": 0.0, "corrosion": 0.0}