{"crack": 0.3621886, "contact": 0.0381299, "interconnect": 0.0, "corrosion": 0.0}