{"crack": 0.0011532, "contact": 0.0029238, "interconnect": 0.0, "corrosion": 0.0}