{"crack": 0.091033, "contact": 0.0074783, "interconnect": 0.0, "corrosion": 0.0}