{"crack": 0.0175296, "contact": 0.0038021, "interconnect": 0.0, "corrosion": 0.0018655}