{"crack": 0.0980534, "contact": 0.0020224, "interconnect": 0.0, "corrosion": 0.0}