{"crack": 0.0030806, "contact": 0.0015804, "interconnect": 0.0, "corrosion": 0.0}