{"crack": 0.0038572, "contact": 0.00519, "interconnect": 0.0, "corrosion": 0.0}