{"crack": 0.4637646, "contact": 0.1104698, "interconnect": 0.0, "corrosion": 0.0}