{"crack": 0.0104787, "contact": 0.003241, "interconnect": 0.0, "corrosion": 0.0}