{"crack": 0.4821003, "contact": 0.076317, "interconnect": 0.0, "corrosion": 0.0}