{"crack": 0.0908175, "contact": 0.0140002, "interconnect": 0.0, "corrosion": 0.0}