{"crack": 0.0009752, "contact": 0.0037845, "interconnect": 0.0, "corrosion": 0.0}