{"crack": 0.0, "contact": 0.009312, "interconnect": 0.0112249, "corrosion": 0.0}