{"crack": 0.3854135, "contact": 0.0005821, "interconnect": 0.0, "corrosion": 0.0}