{"crack": 0.4120258, "contact": 0.0073792, "interconnect": 0.0, "corrosion": 0.0}