{"crack": 0.0019125, "contact": 0.0498294, "interconnect": 0.0, "corrosion": 0.0}