{"crack": 0.0, "contact": 0.007301, "interconnect": 0.009137, "corrosion": 0.0}