{"crack": 0.0593555, "contact": 0.002345, "interconnect": 0.0, "corrosion": 0.0}