{"crack": 0.1576003, "contact": 0.0095942, "interconnect": 0.0, "corrosion": 0.0}