{"crack": 0.0, "contact": 0.0175898, "interconnect": 0.0483239, "corrosion": 0.0}