{"crack": 0.2631699, "contact": 0.0286074, "interconnect": 0.0, "corrosion": 0.0}