{"crack": 0.000194, "contact": 0.0042344, "interconnect": 0.0, "corrosion": 0.0}