{"crack": 0.0, "contact": 0.0302441, "interconnect": 0.1536236, "corrosion": 0.0}