{"crack": 0.1770551, "contact": 0.0020618, "interconnect": 0.0, "corrosion": 0.0}