{"crack": 0.0127806, "contact": 0.0017178, "interconnect": 0.0, "corrosion": 0.0}