{"crack": 0.0, "contact": 0.0038314, "interconnect": 0.0021497, "corrosion": 0.0}