{"crack": 0.3266949, "contact": 0.000836, "interconnect": 0.0, "corrosion": 0.0}