{"crack": 0.0170058, "contact": 0.0010657, "interconnect": 0.0, "corrosion": 0.0}