{"crack": 0.3561242, "contact": 0.0419236, "interconnect": 0.0, "corrosion": 0.0}