{"crack": 0.0630531, "contact": 0.0071209, "interconnect": 0.0, "corrosion": 0.0}