{"crack": 0.0207717, "contact": 0.00236, "interconnect": 0.0, "corrosion": 0.0068623}