{"crack": 0.0088983, "contact": 0.0018667, "interconnect": 0.0, "corrosion": 0.0}