{"crack": 0.1168109, "contact": 0.0078372, "interconnect": 0.0, "corrosion": 0.0}