{"crack": 0.0003201, "contact": 0.0011148, "interconnect": 0.0, "corrosion": 0.0}