{"crack": 0.0361471, "contact": 0.0184646, "interconnect": 0.000148, "corrosion": 0.0007683}