{"crack": 0.00045, "contact": 0.0747722, "interconnect": 0.0, "corrosion": 0.0}