{"crack": 0.3710567, "contact": 0.0231402, "interconnect": 0.0, "corrosion": 0.0}