{"crack": 0.0, "contact": 0.0131038, "interconnect": 0.0549498, "corrosion": 0.0}