{"crack": 0.0243147, "contact": 0.1090548, "interconnect": 0.0, "corrosion": 0.0}