{"crack": 0.0042861, "contact": 0.002025, "interconnect": 0.0, "corrosion": 0.0}