{"crack": 0.4463146, "contact": 0.0133483, "interconnect": 0.0, "corrosion": 0.0}