{"crack": 0.3087398, "contact": 0.0159894, "interconnect": 0.0, "corrosion": 0.0}