{"crack": 0.0009467, "contact": 0.0017065, "interconnect": 0.0, "corrosion": 0.0}