{"crack": 0.0005911, "contact": 0.0009728, "interconnect": 0.0, "corrosion": 0.0}