{"crack": 0.0714367, "contact": 0.0080465, "interconnect": 0.0, "corrosion": 0.0}