{"crack": 0.3147603, "contact": 0.0684831, "interconnect": 0.0, "corrosion": 0.0}