{"crack": 0.0027823, "contact": 0.0028184, "interconnect": 0.0, "corrosion": 0.0}