{"crack": 0.0031334, "contact": 0.0015492, "interconnect": 0.0, "corrosion": 0.0}