{"crack": 0.0220615, "contact": 0.0482836, "interconnect": 0.0, "corrosion": 0.0}