{"crack": 0.0, "contact": 0.0207617, "interconnect": 0.0211222, "corrosion": 0.0}