{"crack": 0.0601145, "contact": 0.0025221, "interconnect": 0.0, "corrosion": 0.0}