{"crack": 0.0699806, "contact": 0.016097, "interconnect": 0.0, "corrosion": 0.0}