{"crack": 0.1097009, "contact": 0.0100885, "interconnect": 0.0, "corrosion": 0.0}