{"crack": 0.0724533, "contact": 0.0105005, "interconnect": 0.0, "corrosion": 0.0}