{"crack": 0.0293827, "contact": 0.0005286, "interconnect": 0.0, "corrosion": 0.0}