{"crack": 0.1285853, "contact": 0.0010729, "interconnect": 0.0, "corrosion": 0.0}