{"crack": 0.0002373, "contact": 0.0253429, "interconnect": 0.0, "corrosion": 0.0}