{"crack": 0.0408289, "contact": 0.0269097, "interconnect": 0.0, "corrosion": 0.0}