{"crack": 0.5714431, "contact": 0.0001582, "interconnect": 0.0, "corrosion": 0.0}