{"crack": 0.0024563, "contact": 0.0031294, "interconnect": 0.0, "corrosion": 0.0}