{"crack": 0.3182384, "contact": 0.0076827, "interconnect": 0.0, "corrosion": 0.0}