{"crack": 0.2642907, "contact": 0.0074298, "interconnect": 0.0, "corrosion": 0.0}