{"crack": 0.000954, "contact": 0.0288882, "interconnect": 0.0, "corrosion": 0.0}