{"crack": 0.0005242, "contact": 0.000233, "interconnect": 0.0, "corrosion": 0.0}