{"crack": 0.0385131, "contact": 0.0235114, "interconnect": 0.00018, "corrosion": 0.0002504}