{"crack": 0.2728757, "contact": 0.0029675, "interconnect": 0.0, "corrosion": 0.0}