{"crack": 0.3009918, "contact": 0.1360086, "interconnect": 0.0, "corrosion": 0.0}