{"crack": 0.3647145, "contact": 0.0581035, "interconnect": 0.0, "corrosion": 0.0}