{"crack": 0.4475887, "contact": 0.1149683, "interconnect": 0.0, "corrosion": 0.0}