{"crack": 0.1630669, "contact": 0.0003894, "interconnect": 0.0, "corrosion": 0.0}