{"crack": 0.3618344, "contact": 0.0163734, "interconnect": 0.0, "corrosion": 0.0}