{"crack": 0.3293553, "contact": 0.0919074, "interconnect": 0.0, "corrosion": 0.0}