{"crack": 0.0224814, "contact": 0.0022784, "interconnect": 0.0, "corrosion": 0.0}