{"crack": 0.1394068, "contact": 0.0013399, "interconnect": 0.0, "corrosion": 0.0}