{"crack": 0.0016093, "contact": 0.041922, "interconnect": 0.0, "corrosion": 0.0}