{"crack": 0.1962895, "contact": 0.0005497, "interconnect": 0.0, "corrosion": 0.0}