{"crack": 0.0002154, "contact": 0.0039794, "interconnect": 0.0, "corrosion": 0.0}