{"crack": 0.0261567, "contact": 0.0050275, "interconnect": 0.0, "corrosion": 0.0}