{"crack": 0.0855287, "contact": 0.0002161, "interconnect": 0.0, "corrosion": 0.0}