{"crack": 0.0019355, "contact": 0.0058293, "interconnect": 0.0, "corrosion": 0.0}