{"crack": 0.019931, "contact": 0.0016388, "interconnect": 0.0, "corrosion": 0.0160346}