{"crack": 0.0042806, "contact": 0.0058078, "interconnect": 0.0, "corrosion": 0.0}