{"crack": 0.3769327, "contact": 0.0245965, "interconnect": 0.0, "corrosion": 0.0}