{"crack": 0.1291573, "contact": 0.0329493, "interconnect": 0.0, "corrosion": 0.0}