{"crack": 0.0135361, "contact": 0.0020611, "interconnect": 0.0, "corrosion": 0.0}