{"crack": 0.0, "contact": 0.0097587, "interconnect": 0.0645954, "corrosion": 0.0}