{"crack": 0.0078863, "contact": 0.0218184, "interconnect": 0.0, "corrosion": 0.0}