{"crack": 0.0, "contact": 0.0249262, "interconnect": 0.0019578, "corrosion": 0.0030076}