{"crack": 0.0002445, "contact": 0.0003111, "interconnect": 0.0, "corrosion": 0.0}