{"crack": 0.190032, "contact": 0.0293499, "interconnect": 0.0, "corrosion": 0.0}