{"crack": 0.0, "contact": 0.0115773, "interconnect": 0.0037555, "corrosion": 0.0}