{"crack": 0.0010519, "contact": 0.003635, "interconnect": 0.0, "corrosion": 0.0}