{"crack": 0.030111, "contact": 0.0014144, "interconnect": 0.0, "corrosion": 0.0}