{"crack": 0.0112918, "contact": 0.0017293, "interconnect": 0.0, "corrosion": 0.0}