{"crack": 0.0312702, "contact": 0.0015335, "interconnect": 0.0, "corrosion": 0.0}