{"crack": 0.0234148, "contact": 0.0039934, "interconnect": 0.0, "corrosion": 0.0}