{"crack": 0.028072, "contact": 0.044638, "interconnect": 0.0, "corrosion": 0.0}