{"crack": 0.1303364, "contact": 0.0069431, "interconnect": 0.0, "corrosion": 0.0}