{"crack": 0.2168151, "contact": 0.0214002, "interconnect": 0.0, "corrosion": 0.0}