{"crack": 0.0271302, "contact": 0.0145266, "interconnect": 0.0, "corrosion": 0.0}