{"crack": 0.0213694, "contact": 0.0711195, "interconnect": 0.0, "corrosion": 0.0}