{"crack": 0.0012327, "contact": 0.0030131, "interconnect": 0.0, "corrosion": 0.0}