{"crack": 0.0731677, "contact": 0.0011109, "interconnect": 0.0, "corrosion": 0.0}