{"crack": 0.1529794, "contact": 0.1093812, "interconnect": 0.0, "corrosion": 0.0}