{"crack": 0.0, "contact": 0.0595247, "interconnect": 0.0003307, "corrosion": 0.0}