{"crack": 0.0024692, "contact": 0.0002628, "interconnect": 0.0, "corrosion": 0.0}