{"crack": 0.289109, "contact": 0.0020156, "interconnect": 0.0, "corrosion": 0.0}