{"crack": 0.0185413, "contact": 0.0052894, "interconnect": 0.0, "corrosion": 0.0}