{"crack": 0.0060834, "contact": 0.0028648, "interconnect": 0.0, "corrosion": 0.0}