{"crack": 0.006261, "contact": 0.0003295, "interconnect": 0.0, "corrosion": 0.0}