{"crack": 0.0002318, "contact": 0.0016005, "interconnect": 0.0, "corrosion": 0.0}