{"crack": 0.1719916, "contact": 0.0369341, "interconnect": 0.0, "corrosion": 0.0}