{"crack": 0.4511069, "contact": 0.0004792, "interconnect": 0.0, "corrosion": 0.0}