{"crack": 0.1426737, "contact": 0.0076127, "interconnect": 0.0, "corrosion": 0.0}