{"crack": 0.0439043, "contact": 0.0001393, "interconnect": 0.0, "corrosion": 0.0}