{"crack": 0.6156462, "contact": 0.0476073, "interconnect": 0.0, "corrosion": 0.0}