{"crack": 0.012464, "contact": 0.0043584, "interconnect": 0.0, "corrosion": 0.0}