{"crack": 0.1481481, "contact": 0.0130585, "interconnect": 0.0, "corrosion": 0.0}