{"crack": 0.0, "contact": 0.0083098, "interconnect": 0.0336937, "corrosion": 0.0}