{"crack": 0.296798, "contact": 0.0649308, "interconnect": 0.0, "corrosion": 0.0}