{"crack": 0.0309437, "contact": 0.00268, "interconnect": 0.0, "corrosion": 0.0}