{"crack": 0.0736691, "contact": 0.0003599, "interconnect": 0.0, "corrosion": 0.0}