{"crack": 0.0003218, "contact": 0.0033669, "interconnect": 0.0, "corrosion": 0.0}