{"crack": 0.2792622, "contact": 0.0222783, "interconnect": 0.0, "corrosion": 0.0}