{"crack": 0.0362084, "contact": 0.0010572, "interconnect": 0.0, "corrosion": 0.0}