{"crack": 0.4006873, "contact": 0.0037044, "interconnect": 0.0, "corrosion": 0.0}