{"crack": 0.0010729, "contact": 0.0044171, "interconnect": 0.0, "corrosion": 0.0}