{"crack": 0.0415796, "contact": 0.0555955, "interconnect": 0.0, "corrosion": 0.0}