{"crack": 0.0025289, "contact": 0.0029952, "interconnect": 0.0, "corrosion": 0.0}