{"crack": 0.3051255, "contact": 0.1205372, "interconnect": 0.0, "corrosion": 0.0}