{"crack": 0.0088131, "contact": 0.0326928, "interconnect": 0.0, "corrosion": 0.0}