{"crack": 0.0013112, "contact": 0.0031492, "interconnect": 0.0, "corrosion": 0.0}