{"crack": 0.0983051, "contact": 0.0003805, "interconnect": 0.0, "corrosion": 0.0}