{"crack": 0.1799712, "contact": 0.0012135, "interconnect": 0.0, "corrosion": 0.0}