{"crack": 0.39239, "contact": 0.0002275, "interconnect": 0.0, "corrosion": 0.0}