{"crack": 0.2816694, "contact": 0.0014823, "interconnect": 0.0, "corrosion": 0.0}