{"crack": 0.2755874, "contact": 0.1148881, "interconnect": 0.0, "corrosion": 0.0}