{"crack": 0.4162707, "contact": 0.0044594, "interconnect": 0.0, "corrosion": 0.0}