{"crack": 0.0003336, "contact": 0.0425842, "interconnect": 0.0, "corrosion": 0.0}