{"crack": 0.4274203, "contact": 0.0173285, "interconnect": 0.0, "corrosion": 0.0}