{"crack": 0.0013011, "contact": 0.0099297, "interconnect": 0.0, "corrosion": 0.0}