{"crack": 0.0143209, "contact": 0.0106615, "interconnect": 0.0, "corrosion": 0.0}