{"crack": 0.0008902, "contact": 0.0009473, "interconnect": 0.0, "corrosion": 0.0}