{"crack": 0.0, "contact": 0.0117354, "interconnect": 0.0009047, "corrosion": 0.0}