{"crack": 0.281585, "contact": 0.0852153, "interconnect": 0.0, "corrosion": 0.0}