{"crack": 0.4697185, "contact": 0.0003266, "interconnect": 0.0, "corrosion": 0.0}