{"crack": 0.3305141, "contact": 0.0727412, "interconnect": 0.0, "corrosion": 0.0}