{"crack": 0.0207632, "contact": 0.0057033, "interconnect": 0.0, "corrosion": 0.0}