{"crack": 0.0936112, "contact": 0.0085792, "interconnect": 0.0, "corrosion": 0.0}