{"crack": 0.0942594, "contact": 0.0043213, "interconnect": 0.0, "corrosion": 0.0}