{"crack": 0.2189994, "contact": 0.0008038, "interconnect": 0.0, "corrosion": 0.0}