{"crack": 0.0687577, "contact": 0.0157427, "interconnect": 0.0, "corrosion": 0.0}