{"crack": 0.0370484, "contact": 0.0217122, "interconnect": 1.19e-05, "corrosion": 0.0002633}