{"crack": 0.0504352, "contact": 0.0018552, "interconnect": 0.0, "corrosion": 0.0}