{"crack": 0.2704267, "contact": 0.0297136, "interconnect": 0.0, "corrosion": 0.0}