{"crack": 0.0330361, "contact": 0.0047363, "interconnect": 0.0, "corrosion": 0.0}