{"crack": 0.0005039, "contact": 0.0010078, "interconnect": 0.0, "corrosion": 0.0}