{"crack": 0.0046833, "contact": 0.003575, "interconnect": 0.0001639, "corrosion": 0.0}