{"crack": 0.000647, "contact": 0.0029059, "interconnect": 0.0, "corrosion": 0.0}