{"crack": 0.1860487, "contact": 0.0033783, "interconnect": 0.0, "corrosion": 0.0}