{"crack": 0.1796578, "contact": 0.0104486, "interconnect": 0.0, "corrosion": 0.0}