{"crack": 0.0260028, "contact": 0.0283017, "interconnect": 0.0, "corrosion": 0.0}