{"crack": 0.4578012, "contact": 0.0075644, "interconnect": 0.0, "corrosion": 0.0}