{"crack": 0.2170778, "contact": 0.1092985, "interconnect": 0.0, "corrosion": 0.0}