{"crack": 0.1685368, "contact": 0.1621783, "interconnect": 0.0, "corrosion": 0.0}