{"crack": 0.0176984, "contact": 0.0141286, "interconnect": 0.0, "corrosion": 0.0}