{"crack": 0.3016491, "contact": 0.0024737, "interconnect": 0.0, "corrosion": 0.0}