{"crack": 0.0514765, "contact": 0.0451744, "interconnect": 0.0, "corrosion": 0.0}