{"crack": 0.0057004, "contact": 0.0026123, "interconnect": 0.0, "corrosion": 0.0}