{"crack": 0.1356791, "contact": 0.3024982, "interconnect": 0.0, "corrosion": 0.0}