{"crack": 0.0011338, "contact": 0.0043404, "interconnect": 0.0, "corrosion": 0.0}