{"crack": 0.0014039, "contact": 0.1400103, "interconnect": 0.0, "corrosion": 0.0}