{"crack": 0.0674083, "contact": 0.0345345, "interconnect": 0.0, "corrosion": 0.0}