{"crack": 0.3300917, "contact": 0.0020397, "interconnect": 0.0, "corrosion": 0.0}