{"crack": 0.2978118, "contact": 0.0105453, "interconnect": 0.0, "corrosion": 0.0}