{"crack": 0.0071919, "contact": 0.0016262, "interconnect": 0.0, "corrosion": 0.0}