{"crack": 0.3273128, "contact": 0.014156, "interconnect": 0.0, "corrosion": 0.0}