{"crack": 0.0002948, "contact": 0.0006462, "interconnect": 0.0, "corrosion": 0.0}