{"crack": 0.0682879, "contact": 0.0016236, "interconnect": 0.0, "corrosion": 0.0}