{"crack": 0.3969857, "contact": 0.0398887, "interconnect": 0.0, "corrosion": 0.0}