{"crack": 0.0029778, "contact": 0.0013333, "interconnect": 0.0, "corrosion": 0.0}