{"crack": 0.0002041, "contact": 0.0045914, "interconnect": 0.0, "corrosion": 0.0}