{"crack": 0.1642623, "contact": 0.0206662, "interconnect": 0.0, "corrosion": 0.0}