{"crack": 0.0248956, "contact": 0.0032561, "interconnect": 0.0, "corrosion": 0.0004799}