{"crack": 0.0016364, "contact": 0.0020221, "interconnect": 0.0, "corrosion": 0.0}