{"crack": 0.410854, "contact": 0.0046638, "interconnect": 0.0, "corrosion": 0.0}