{"crack": 0.2727382, "contact": 0.0054307, "interconnect": 0.0, "corrosion": 0.0}