{"crack": 0.0255868, "contact": 0.003432, "interconnect": 0.0, "corrosion": 0.0}