{"crack": 0.0, "contact": 0.0108771, "interconnect": 0.0054702, "corrosion": 0.0}