{"crack": 0.0006071, "contact": 0.0024503, "interconnect": 0.0, "corrosion": 0.0}