{"crack": 0.1297837, "contact": 0.0019061, "interconnect": 0.0, "corrosion": 0.0}