{"crack": 0.0378279, "contact": 0.004174, "interconnect": 2.78e-05, "corrosion": 0.0010136}