{"crack": 0.1111658, "contact": 0.003218, "interconnect": 0.0, "corrosion": 0.0}