{"crack": 0.0942263, "contact": 0.0228926, "interconnect": 0.0, "corrosion": 0.0}