{"crack": 0.4793807, "contact": 0.0085972, "interconnect": 0.0, "corrosion": 0.0}