{"crack": 0.5776003, "contact": 0.0017973, "interconnect": 0.0, "corrosion": 0.0}