{"crack": 0.3530429, "contact": 0.0678669, "interconnect": 0.0, "corrosion": 0.0}