{"crack": 0.0997678, "contact": 0.0120502, "interconnect": 0.0, "corrosion": 0.0}