{"crack": 0.1292929, "contact": 0.1582606, "interconnect": 0.0, "corrosion": 0.0}