{"crack": 0.005171, "contact": 0.0066648, "interconnect": 0.0, "corrosion": 0.0}