{"crack": 0.1462022, "contact": 0.0003318, "interconnect": 0.0, "corrosion": 0.0}