{"crack": 0.0185522, "contact": 0.0007842, "interconnect": 0.0, "corrosion": 0.0}