{"crack": 0.3002698, "contact": 0.1132653, "interconnect": 0.0, "corrosion": 0.0}