{"crack": 0.000152, "contact": 0.000678, "interconnect": 0.0, "corrosion": 0.0}