{"crack": 0.0, "contact": 0.0015794, "interconnect": 0.0098564, "corrosion": 0.0}