{"crack": 0.0, "contact": 0.0265604, "interconnect": 0.0398723, "corrosion": 0.0}