{"crack": 0.1587353, "contact": 0.0009037, "interconnect": 0.0, "corrosion": 0.0}