{"crack": 0.4293203, "contact": 0.0916536, "interconnect": 0.0, "corrosion": 0.0}