{"crack": 0.1135762, "contact": 0.0015441, "interconnect": 0.0, "corrosion": 0.0}