{"crack": 0.0026594, "contact": 0.0008903, "interconnect": 0.0, "corrosion": 0.0}