{"crack": 0.00095, "contact": 0.0006451, "interconnect": 0.0, "corrosion": 0.0}