{"crack": 0.0384219, "contact": 0.005749, "interconnect": 0.0, "corrosion": 0.0}