{"crack": 0.3516535, "contact": 0.0319695, "interconnect": 0.0, "corrosion": 0.0}