{"crack": 0.0451286, "contact": 0.005938, "interconnect": 0.0, "corrosion": 0.0}