{"crack": 0.0151689, "contact": 0.0268203, "interconnect": 0.0, "corrosion": 0.0}