{"crack": 0.1090878, "contact": 0.0004975, "interconnect": 0.0, "corrosion": 0.0}