{"crack": 0.0067986, "contact": 0.0008432, "interconnect": 0.0, "corrosion": 0.0006891}