{"crack": 0.3315505, "contact": 0.0235749, "interconnect": 0.0, "corrosion": 0.0}