{"crack": 0.2244197, "contact": 0.1479767, "interconnect": 0.0, "corrosion": 0.0}