{"crack": 0.0919718, "contact": 0.0453199, "interconnect": 0.0, "corrosion": 0.0}