{"crack": 0.1469922, "contact": 0.0014479, "interconnect": 0.0, "corrosion": 0.0}