{"crack": 0.3136631, "contact": 0.0224144, "interconnect": 0.0, "corrosion": 0.0}