{"crack": 0.0476745, "contact": 0.0057524, "interconnect": 0.0, "corrosion": 0.0}