{"crack": 0.1309409, "contact": 0.0021029, "interconnect": 0.0, "corrosion": 0.0}