{"crack": 0.358674, "contact": 0.0179536, "interconnect": 0.0, "corrosion": 0.0}