{"crack": 0.000369, "contact": 0.0031708, "interconnect": 0.0, "corrosion": 0.0}