{"crack": 0.3265072, "contact": 0.0435514, "interconnect": 0.0, "corrosion": 0.0}