{"crack": 0.1625889, "contact": 0.0074185, "interconnect": 0.0, "corrosion": 0.0}