{"crack": 0.0662944, "contact": 0.0122853, "interconnect": 0.0, "corrosion": 0.0}