{"crack": 0.0, "contact": 0.0215233, "interconnect": 0.0080333, "corrosion": 0.0}