{"crack": 0.0232694, "contact": 0.0259469, "interconnect": 0.0, "corrosion": 0.0}