{"crack": 0.0, "contact": 0.0072173, "interconnect": 0.0102726, "corrosion": 0.0}