{"crack": 0.0087815, "contact": 0.0358085, "interconnect": 0.0, "corrosion": 0.0}