{"crack": 0.0003322, "contact": 0.0006977, "interconnect": 0.0, "corrosion": 0.0}