{"crack": 0.0073654, "contact": 0.0007474, "interconnect": 0.0, "corrosion": 0.0064113}