{"crack": 0.0, "contact": 0.0007476, "interconnect": 0.0, "corrosion": 0.1519566}