{"crack": 0.0083257, "contact": 0.002634, "interconnect": 0.0, "corrosion": 0.0}