{"crack": 0.0080739, "contact": 0.0039282, "interconnect": 0.0, "corrosion": 0.0}