{"crack": 0.578139, "contact": 0.000588, "interconnect": 0.0, "corrosion": 0.0}