{"crack": 0.0599922, "contact": 0.0022484, "interconnect": 0.0, "corrosion": 0.0}