{"crack": 0.0, "contact": 0.0130341, "interconnect": 0.0007215, "corrosion": 0.0}