{"crack": 0.0, "contact": 0.0168205, "interconnect": 0.0062236, "corrosion": 0.0}