{"crack": 0.0197789, "contact": 0.00636, "interconnect": 0.0, "corrosion": 0.0}