{"crack": 0.1350666, "contact": 0.0022278, "interconnect": 0.0, "corrosion": 0.0}