{"crack": 0.0026429, "contact": 0.0038725, "interconnect": 0.0, "corrosion": 0.0}