{"crack": 0.0002786, "contact": 0.0042488, "interconnect": 0.0, "corrosion": 0.0}