{"crack": 0.008725, "contact": 0.0046556, "interconnect": 0.0, "corrosion": 0.0}