{"crack": 0.329282, "contact": 0.0002532, "interconnect": 0.0, "corrosion": 0.0}