{"crack": 0.0040724, "contact": 0.0019668, "interconnect": 0.0, "corrosion": 0.0}