{"crack": 0.000934, "contact": 0.0032515, "interconnect": 0.0, "corrosion": 0.0}