{"crack": 0.00872, "contact": 0.0066085, "interconnect": 0.0, "corrosion": 0.0}