{"crack": 0.0, "contact": 0.0074608, "interconnect": 0.2243353, "corrosion": 0.0}