{"crack": 0.0727598, "contact": 0.0902186, "interconnect": 0.0, "corrosion": 0.0}