{"crack": 0.0221766, "contact": 0.0730925, "interconnect": 0.0, "corrosion": 0.0}