{"crack": 0.0247636, "contact": 0.0046708, "interconnect": 0.0, "corrosion": 0.0}