{"crack": 0.0461267, "contact": 0.0147082, "interconnect": 0.0, "corrosion": 0.0}