{"crack": 0.0, "contact": 0.0002306, "interconnect": 0.0001056, "corrosion": 0.0}