{"crack": 0.0086144, "contact": 0.086273, "interconnect": 0.0, "corrosion": 0.0}