{"crack": 0.4732249, "contact": 0.0112116, "interconnect": 0.0, "corrosion": 0.0}