{"crack": 0.0301318, "contact": 0.0136278, "interconnect": 0.0, "corrosion": 0.0}