{"crack": 0.0799015, "contact": 0.074874, "interconnect": 0.0, "corrosion": 0.0}