{"crack": 0.0005282, "contact": 0.0038076, "interconnect": 0.0, "corrosion": 0.0}