{"crack": 0.0133661, "contact": 0.0164498, "interconnect": 0.0, "corrosion": 0.0}