{"crack": 0.0910345, "contact": 0.0075278, "interconnect": 0.0, "corrosion": 0.0}