{"crack": 0.0, "contact": 0.005259, "interconnect": 0.0059146, "corrosion": 0.0}