{"crack": 0.4668047, "contact": 0.0001479, "interconnect": 0.0, "corrosion": 0.0}