{"crack": 0.00071, "contact": 0.0049588, "interconnect": 0.0, "corrosion": 0.0}