{"crack": 0.0145636, "contact": 0.0009131, "interconnect": 0.0, "corrosion": 0.0}