{"crack": 0.0017349, "contact": 0.0069052, "interconnect": 0.0, "corrosion": 0.0}