{"crack": 0.0073948, "contact": 0.007151, "interconnect": 0.0, "corrosion": 0.0}