{"crack": 0.1377298, "contact": 0.0137483, "interconnect": 0.0, "corrosion": 0.0}