{"crack": 0.2622139, "contact": 0.0150917, "interconnect": 0.0, "corrosion": 0.0}