{"crack": 0.0018864, "contact": 0.1229544, "interconnect": 0.0, "corrosion": 0.0}