{"crack": 0.0011654, "contact": 0.0025426, "interconnect": 0.0, "corrosion": 0.0}