{"crack": 0.0017756, "contact": 0.0090741, "interconnect": 0.0, "corrosion": 0.0}