{"crack": 0.4007215, "contact": 0.0026225, "interconnect": 0.0, "corrosion": 0.0}