{"crack": 0.0130372, "contact": 0.0007432, "interconnect": 0.0, "corrosion": 0.0045538}