{"crack": 0.2645664, "contact": 0.0589944, "interconnect": 0.0, "corrosion": 0.0}