{"crack": 0.0425112, "contact": 0.0014047, "interconnect": 0.0, "corrosion": 0.0}