{"crack": 0.3046411, "contact": 0.0007963, "interconnect": 0.0, "corrosion": 0.0}