{"crack": 0.086632, "contact": 0.0026571, "interconnect": 0.0, "corrosion": 0.0}