{"crack": 0.0005773, "contact": 0.0003377, "interconnect": 0.0, "corrosion": 0.0}