{"crack": 0.0009555, "contact": 0.0054145, "interconnect": 0.0, "corrosion": 0.0}