{"crack": 1.12e-05, "contact": 0.0001119, "interconnect": 0.0, "corrosion": 0.0004586}