{"crack": 0.0007667, "contact": 0.0002722, "interconnect": 0.0, "corrosion": 0.0}