{"crack": 0.2428816, "contact": 0.0292718, "interconnect": 0.0, "corrosion": 0.0}