{"crack": 0.0010448, "contact": 0.0014163, "interconnect": 0.0, "corrosion": 0.0}