{"crack": 0.0051994, "contact": 0.0053483, "interconnect": 0.0, "corrosion": 0.0}