{"crack": 0.2688143, "contact": 0.0018314, "interconnect": 0.0, "corrosion": 0.0}