{"crack": 0.0001281, "contact": 0.0096565, "interconnect": 0.0, "corrosion": 0.0}