{"crack": 0.0009917, "contact": 0.0081529, "interconnect": 0.0, "corrosion": 0.0}