{"crack": 0.3090329, "contact": 0.0356851, "interconnect": 0.0, "corrosion": 0.0}