{"crack": 0.4186969, "contact": 0.0319186, "interconnect": 0.0, "corrosion": 0.0}