{"crack": 0.0251947, "contact": 0.004535, "interconnect": 0.0, "corrosion": 0.0}