{"crack": 0.0, "contact": 0.0052528, "interconnect": 0.0357143, "corrosion": 0.0}