{"crack": 0.0542348, "contact": 0.0359305, "interconnect": 0.0, "corrosion": 0.0}