{"crack": 0.244335, "contact": 0.0655172, "interconnect": 0.0, "corrosion": 0.0}