{"crack": 0.0384997, "contact": 0.0019256, "interconnect": 0.0, "corrosion": 0.0}