{"crack": 0.0034893, "contact": 0.000449, "interconnect": 0.0, "corrosion": 0.0068766}