{"crack": 0.1339604, "contact": 0.0289602, "interconnect": 0.0, "corrosion": 0.0}