{"crack": 0.5898057, "contact": 0.0069501, "interconnect": 0.0, "corrosion": 0.0}