{"crack": 0.3313572, "contact": 0.0038837, "interconnect": 0.0, "corrosion": 0.0}