{"crack": 0.1637196, "contact": 0.0034945, "interconnect": 0.0, "corrosion": 0.0}