{"crack": 0.0324278, "contact": 0.0082161, "interconnect": 0.0, "corrosion": 0.0}