{"crack": 0.2479712, "contact": 0.0597843, "interconnect": 0.0, "corrosion": 0.0}