{"crack": 0.013424, "contact": 0.0036026, "interconnect": 0.0, "corrosion": 0.0}