{"crack": 0.0648774, "contact": 0.1568314, "interconnect": 0.0, "corrosion": 0.0}