{"crack": 0.0006557, "contact": 0.0022844, "interconnect": 0.0, "corrosion": 0.0}