{"crack": 0.0120705, "contact": 0.001088, "interconnect": 0.0, "corrosion": 0.0}