{"crack": 0.1637762, "contact": 0.0009603, "interconnect": 0.0, "corrosion": 0.0}