{"crack": 0.0001489, "contact": 0.0057948, "interconnect": 0.0, "corrosion": 0.0}