{"crack": 0.0281311, "contact": 0.0010575, "interconnect": 0.0, "corrosion": 0.0040684}