{"crack": 0.0198442, "contact": 0.011998, "interconnect": 0.0, "corrosion": 0.0}