{"crack": 0.0, "contact": 0.0023883, "interconnect": 0.0005066, "corrosion": 0.0}