{"crack": 0.1365437, "contact": 0.1274578, "interconnect": 0.0, "corrosion": 0.0}