{"crack": 0.0, "contact": 0.0026688, "interconnect": 0.0002616, "corrosion": 0.0}