{"crack": 0.0087722, "contact": 0.0034611, "interconnect": 0.0, "corrosion": 0.0}