{"crack": 0.0368988, "contact": 0.0032066, "interconnect": 0.0, "corrosion": 0.0}