{"crack": 0.0946795, "contact": 0.0420192, "interconnect": 0.0, "corrosion": 0.0}