{"crack": 0.0, "contact": 0.0102267, "interconnect": 0.0054047, "corrosion": 0.0}