{"crack": 0.1452185, "contact": 0.0130945, "interconnect": 0.0, "corrosion": 0.0}