{"crack": 0.0009423, "contact": 0.0004022, "interconnect": 0.0, "corrosion": 0.0}