{"crack": 0.1797024, "contact": 0.0024456, "interconnect": 0.0, "corrosion": 0.0}