{"crack": 0.4819113, "contact": 0.0470296, "interconnect": 0.0, "corrosion": 0.0}