{"crack": 0.0223039, "contact": 0.0091813, "interconnect": 0.0, "corrosion": 0.0}