{"crack": 0.0014773, "contact": 0.0066193, "interconnect": 0.0, "corrosion": 0.0}