{"crack": 0.0, "contact": 0.005496, "interconnect": 0.0332946, "corrosion": 0.0}