{"crack": 0.001811, "contact": 0.0010564, "interconnect": 0.0, "corrosion": 0.0}