{"crack": 0.1273105, "contact": 0.002287, "interconnect": 0.0, "corrosion": 0.0}