{"crack": 0.0203046, "contact": 0.0005039, "interconnect": 0.0, "corrosion": 0.0}