{"crack": 0.2430753, "contact": 0.0175805, "interconnect": 0.0, "corrosion": 0.0}