{"crack": 0.0106278, "contact": 0.0482146, "interconnect": 0.0, "corrosion": 0.0}