{"crack": 0.2320047, "contact": 0.078044, "interconnect": 0.0, "corrosion": 0.0}