{"crack": 0.0, "contact": 0.0062572, "interconnect": 0.0303563, "corrosion": 0.0}