{"crack": 0.506538, "contact": 0.0162585, "interconnect": 0.0, "corrosion": 0.0}