{"crack": 0.033841, "contact": 0.0046496, "interconnect": 0.0, "corrosion": 0.0}