{"crack": 0.5555085, "contact": 0.0002405, "interconnect": 0.0, "corrosion": 0.0}