{"crack": 0.3589429, "contact": 0.1132034, "interconnect": 0.0, "corrosion": 0.0}