{"crack": 0.0483206, "contact": 0.0006969, "interconnect": 0.0, "corrosion": 0.0}