{"crack": 0.0083235, "contact": 0.0070349, "interconnect": 0.0, "corrosion": 0.0}