{"crack": 0.1709524, "contact": 0.0787321, "interconnect": 0.0, "corrosion": 0.0}