{"crack": 0.3914964, "contact": 0.0292416, "interconnect": 0.0, "corrosion": 0.0}