{"crack": 0.3252684, "contact": 0.0005688, "interconnect": 0.0, "corrosion": 0.0}