{"crack": 0.005385, "contact": 0.0002494, "interconnect": 0.0, "corrosion": 0.0}