{"crack": 0.0, "contact": 0.018214, "interconnect": 0.0003284, "corrosion": 0.0}