{"crack": 0.052452, "contact": 0.0518221, "interconnect": 0.0, "corrosion": 0.0}