{"crack": 0.0012627, "contact": 0.0004664, "interconnect": 0.0, "corrosion": 0.0}