{"crack": 0.0493068, "contact": 0.11467, "interconnect": 0.0, "corrosion": 0.0}