{"crack": 0.0550082, "contact": 0.0355384, "interconnect": 0.0, "corrosion": 0.0}