{"crack": 0.3623851, "contact": 0.0047093, "interconnect": 0.0, "corrosion": 0.0}