{"crack": 0.0004442, "contact": 0.0047571, "interconnect": 0.0, "corrosion": 0.0}