{"crack": 0.063902, "contact": 0.0060019, "interconnect": 9e-07, "corrosion": 0.0006308}