{"crack": 0.0091879, "contact": 0.0007533, "interconnect": 0.0, "corrosion": 0.0}