{"crack": 0.0045639, "contact": 0.002525, "interconnect": 0.0, "corrosion": 0.0}