{"crack": 0.0073348, "contact": 0.0016536, "interconnect": 0.0, "corrosion": 0.0}