{"crack": 0.0070402, "contact": 0.0014171, "interconnect": 0.0, "corrosion": 0.0}