{"crack": 0.0007457, "contact": 0.0018093, "interconnect": 0.0, "corrosion": 0.0}