{"crack": 0.0002405, "contact": 0.0015003, "interconnect": 0.0, "corrosion": 0.0}