{"crack": 0.0001138, "contact": 0.0014446, "interconnect": 0.0, "corrosion": 0.0}