{"crack": 0.0, "contact": 0.0954681, "interconnect": 0.0301086, "corrosion": 0.0}