{"crack": 0.1467694, "contact": 0.0454359, "interconnect": 0.0, "corrosion": 0.0}