{"crack": 0.3626319, "contact": 0.1099109, "interconnect": 0.0, "corrosion": 0.0}