{"crack": 0.2825212, "contact": 0.0157658, "interconnect": 0.0, "corrosion": 0.0}