{"crack": 0.134231, "contact": 0.0552283, "interconnect": 0.0, "corrosion": 0.0}