{"crack": 0.0, "contact": 0.0666587, "interconnect": 0.0076655, "corrosion": 0.0}