{"crack": 0.0050504, "contact": 0.0016606, "interconnect": 0.0, "corrosion": 0.0}