{"crack": 0.0, "contact": 0.0239778, "interconnect": 0.0119581, "corrosion": 0.0}