{"crack": 0.0013514, "contact": 0.0294326, "interconnect": 0.0, "corrosion": 0.0}