{"crack": 0.0304858, "contact": 0.0138697, "interconnect": 0.0, "corrosion": 0.0}