{"crack": 0.0050955, "contact": 0.0029744, "interconnect": 0.0, "corrosion": 0.0}