{"crack": 0.0, "contact": 0.0096463, "interconnect": 0.0186557, "corrosion": 0.0}