{"crack": 0.0068025, "contact": 0.0898362, "interconnect": 0.0, "corrosion": 0.0}