{"crack": 0.2773468, "contact": 0.0011032, "interconnect": 0.0, "corrosion": 0.0}