{"crack": 0.1095469, "contact": 0.001349, "interconnect": 0.0, "corrosion": 0.0}