{"crack": 0.1566968, "contact": 0.0624827, "interconnect": 0.0, "corrosion": 0.0}