{"crack": 0.0014895, "contact": 0.00095, "interconnect": 0.0, "corrosion": 0.0}