{"crack": 0.5700178, "contact": 0.0039947, "interconnect": 0.0, "corrosion": 0.0}