{"crack": 0.7425337, "contact": 0.00501, "interconnect": 0.0, "corrosion": 0.0}