{"crack": 0.0336073, "contact": 0.001869, "interconnect": 0.0, "corrosion": 0.0}