{"crack": 0.0216774, "contact": 0.0009032, "interconnect": 0.0, "corrosion": 0.0}