{"crack": 0.0521478, "contact": 0.0096269, "interconnect": 0.0, "corrosion": 0.0}