{"crack": 0.0305428, "contact": 0.0044205, "interconnect": 0.0, "corrosion": 0.0}