{"crack": 0.423972, "contact": 0.0056065, "interconnect": 0.0, "corrosion": 0.0}