{"crack": 0.2430198, "contact": 0.0001031, "interconnect": 0.0, "corrosion": 0.0}