{"crack": 0.0002298, "contact": 0.003229, "interconnect": 0.0, "corrosion": 0.0}