{"crack": 0.0, "contact": 0.027038, "interconnect": 0.0, "corrosion": 0.0001557}