{"crack": 0.3658453, "contact": 0.0003982, "interconnect": 0.0, "corrosion": 0.0}