{"crack": 0.0, "contact": 0.0066538, "interconnect": 0.040537, "corrosion": 0.0}