{"crack": 0.1372989, "contact": 0.020236, "interconnect": 0.0, "corrosion": 0.0}