{"crack": 0.1709753, "contact": 0.0011185, "interconnect": 0.0, "corrosion": 0.0}