{"crack": 0.0349061, "contact": 0.0009849, "interconnect": 0.0, "corrosion": 0.0}