{"crack": 0.2936875, "contact": 0.0495303, "interconnect": 0.0, "corrosion": 0.0}