{"crack": 0.2861395, "contact": 0.0016662, "interconnect": 0.0, "corrosion": 0.0}