{"crack": 0.0227205, "contact": 0.0161372, "interconnect": 6.6e-06, "corrosion": 0.0030985}