{"crack": 0.355841, "contact": 0.0216162, "interconnect": 0.0, "corrosion": 0.0}