{"crack": 0.0124101, "contact": 0.027027, "interconnect": 0.0, "corrosion": 0.0}