{"crack": 0.0415615, "contact": 0.0191046, "interconnect": 0.0, "corrosion": 0.0}