{"crack": 0.0, "contact": 0.020622, "interconnect": 0.0721047, "corrosion": 0.0}