{"crack": 0.1214901, "contact": 0.0020941, "interconnect": 0.0, "corrosion": 0.0}