{"crack": 0.0, "contact": 0.0002876, "interconnect": 0.0004315, "corrosion": 0.0}