{"crack": 0.0517053, "contact": 0.0001161, "interconnect": 0.0, "corrosion": 0.0}