{"crack": 0.4810586, "contact": 0.0041104, "interconnect": 0.0, "corrosion": 0.0}