{"crack": 0.4028136, "contact": 0.0104092, "interconnect": 0.0, "corrosion": 0.0}