{"crack": 0.0200879, "contact": 0.0253838, "interconnect": 0.0, "corrosion": 0.0}