{"crack": 0.0017645, "contact": 0.0036568, "interconnect": 0.0, "corrosion": 0.0}