{"crack": 0.0004252, "contact": 0.0025165, "interconnect": 0.0, "corrosion": 0.0}