{"crack": 0.0089925, "contact": 0.0088295, "interconnect": 0.0, "corrosion": 0.0}