{"crack": 0.5013503, "contact": 0.0036774, "interconnect": 0.0, "corrosion": 0.0}