{"crack": 0.0003526, "contact": 0.0011603, "interconnect": 0.0, "corrosion": 0.0}