{"crack": 0.3388763, "contact": 0.1194485, "interconnect": 0.0, "corrosion": 0.0}