{"crack": 0.002139, "contact": 0.0686935, "interconnect": 0.0, "corrosion": 0.0}