{"crack": 0.2736208, "contact": 0.0037179, "interconnect": 0.0, "corrosion": 0.0}