{"crack": 0.0, "contact": 0.0129602, "interconnect": 0.003008, "corrosion": 0.0}