{"crack": 0.2074557, "contact": 0.0315786, "interconnect": 0.0, "corrosion": 0.0}