{"crack": 0.0005161, "contact": 0.0008093, "interconnect": 0.0, "corrosion": 0.0}