{"crack": 0.0564461, "contact": 0.0424225, "interconnect": 0.0, "corrosion": 0.0}