{"crack": 0.0341273, "contact": 0.0148297, "interconnect": 1.29e-05, "corrosion": 0.0002762}