{"crack": 0.3122604, "contact": 0.0669812, "interconnect": 0.0, "corrosion": 0.0}