{"crack": 0.0, "contact": 0.0030407, "interconnect": 0.0630246, "corrosion": 0.0}