{"crack": 0.0100662, "contact": 0.0015168, "interconnect": 0.0, "corrosion": 0.0}