{"crack": 0.0, "contact": 0.0268994, "interconnect": 0.0051526, "corrosion": 0.0}