{"crack": 0.1485339, "contact": 0.2435843, "interconnect": 0.0, "corrosion": 0.0}