{"crack": 0.0002511, "contact": 0.0052845, "interconnect": 0.0, "corrosion": 0.0}