{"crack": 0.0, "contact": 0.0023625, "interconnect": 0.0304112, "corrosion": 0.0}