{"crack": 0.0, "contact": 0.0037729, "interconnect": 0.0126349, "corrosion": 0.0}