{"crack": 0.2124127, "contact": 0.0009308, "interconnect": 0.0, "corrosion": 0.0}