{"crack": 0.1805466, "contact": 0.1283784, "interconnect": 0.0, "corrosion": 0.0}