{"crack": 0.1471209, "contact": 0.0047937, "interconnect": 0.0, "corrosion": 0.0}