{"crack": 0.285909, "contact": 0.0035617, "interconnect": 0.0, "corrosion": 0.0}