{"crack": 0.0034014, "contact": 0.0045699, "interconnect": 0.0, "corrosion": 0.0}