{"crack": 0.070268, "contact": 0.0027004, "interconnect": 0.0, "corrosion": 0.0}