{"crack": 0.0510204, "contact": 0.0080183, "interconnect": 0.0, "corrosion": 0.0}