{"crack": 0.6042573, "contact": 0.0061063, "interconnect": 0.0, "corrosion": 0.0}