{"crack": 0.0128917, "contact": 0.0027222, "interconnect": 0.0, "corrosion": 0.0}