{"crack": 0.5775653, "contact": 0.0049244, "interconnect": 0.0, "corrosion": 0.0}