{"crack": 0.0076844, "contact": 0.0008251, "interconnect": 0.0, "corrosion": 0.0}