{"crack": 0.3962871, "contact": 0.0776014, "interconnect": 0.0, "corrosion": 0.0}