{"crack": 0.2165006, "contact": 0.0052439, "interconnect": 0.0, "corrosion": 0.0}