{"crack": 0.2338406, "contact": 0.0517568, "interconnect": 0.0, "corrosion": 0.0}