{"crack": 0.2348342, "contact": 0.0149379, "interconnect": 2.85e-05, "corrosion": 0.0087719}