{"crack": 0.0869927, "contact": 0.0020291, "interconnect": 0.0, "corrosion": 0.0}