{"crack": 0.0013652, "contact": 0.0043154, "interconnect": 0.0, "corrosion": 0.0}