{"crack": 0.2768576, "contact": 0.0026665, "interconnect": 0.0, "corrosion": 0.0}