{"crack": 0.0289575, "contact": 0.0037296, "interconnect": 0.0, "corrosion": 0.0}