{"crack": 0.0025625, "contact": 0.0007239, "interconnect": 0.0, "corrosion": 0.0}