{"crack": 0.4897087, "contact": 0.0624119, "interconnect": 0.0, "corrosion": 0.0}