{"crack": 0.0340547, "contact": 5.85e-05, "interconnect": 0.0, "corrosion": 0.0035338}