{"crack": 0.2393174, "contact": 0.0087596, "interconnect": 0.0, "corrosion": 0.0}