{"crack": 0.0340581, "contact": 0.0385322, "interconnect": 0.0, "corrosion": 0.0}