{"crack": 0.0361167, "contact": 0.0135467, "interconnect": 0.0, "corrosion": 0.0}