{"crack": 0.0006184, "contact": 0.0020499, "interconnect": 0.0, "corrosion": 0.0}