{"crack": 0.0047917, "contact": 0.0038389, "interconnect": 0.0002889, "corrosion": 0.0}