{"crack": 0.011246, "contact": 0.0010536, "interconnect": 0.0, "corrosion": 0.0}