{"crack": 0.2976867, "contact": 0.003241, "interconnect": 0.0, "corrosion": 0.0}