{"crack": 0.0227266, "contact": 0.0197459, "interconnect": 1.18e-05, "corrosion": 0.0007086}