{"crack": 0.0282723, "contact": 0.0009801, "interconnect": 0.0, "corrosion": 0.0}