{"crack": 0.0154456, "contact": 0.0003051, "interconnect": 0.0, "corrosion": 0.0}