{"crack": 0.0003571, "contact": 0.0008897, "interconnect": 0.0, "corrosion": 0.0}