{"crack": 0.0012518, "contact": 0.0001299, "interconnect": 0.0, "corrosion": 0.0}