{"crack": 0.2795428, "contact": 0.0226997, "interconnect": 0.0, "corrosion": 0.0}