{"crack": 0.0001181, "contact": 0.000437, "interconnect": 0.0, "corrosion": 0.0}