{"crack": 0.0605947, "contact": 0.1393098, "interconnect": 0.0, "corrosion": 0.0}