{"crack": 0.0931631, "contact": 0.0014201, "interconnect": 0.0, "corrosion": 0.0}