{"crack": 0.0841923, "contact": 0.0043699, "interconnect": 0.0, "corrosion": 0.0}