{"crack": 0.5597757, "contact": 0.0056193, "interconnect": 0.0, "corrosion": 0.0}