{"crack": 0.1844124, "contact": 0.0666197, "interconnect": 0.0, "corrosion": 0.0}