{"crack": 0.1857598, "contact": 0.0327507, "interconnect": 0.0, "corrosion": 0.0}