{"crack": 0.0668737, "contact": 0.0310765, "interconnect": 0.0, "corrosion": 0.0}