{"crack": 0.0043699, "contact": 0.0002306, "interconnect": 0.0, "corrosion": 0.0}