{"crack": 0.0767702, "contact": 0.0102391, "interconnect": 0.0, "corrosion": 0.0}