{"crack": 0.0084396, "contact": 0.0023914, "interconnect": 0.0, "corrosion": 0.0}