{"crack": 0.0632349, "contact": 0.0742455, "interconnect": 0.0, "corrosion": 0.0}