{"crack": 0.0787705, "contact": 0.002505, "interconnect": 0.0, "corrosion": 0.0}