{"crack": 0.2111668, "contact": 0.2380246, "interconnect": 0.0, "corrosion": 0.0}