{"crack": 0.0265576, "contact": 0.0664757, "interconnect": 0.0, "corrosion": 0.0}