{"crack": 0.000827, "contact": 0.0004892, "interconnect": 0.0, "corrosion": 0.0}