{"crack": 0.0058361, "contact": 0.0062833, "interconnect": 0.0, "corrosion": 0.0}