{"crack": 0.2281493, "contact": 0.0121049, "interconnect": 0.0, "corrosion": 0.0}