{"crack": 0.0, "contact": 0.0606463, "interconnect": 0.0001265, "corrosion": 0.0}