{"crack": 0.0, "contact": 0.0036426, "interconnect": 0.0454823, "corrosion": 0.0}