{"crack": 0.3057694, "contact": 0.0470188, "interconnect": 0.0, "corrosion": 0.0}