{"crack": 0.0003895, "contact": 0.0035778, "interconnect": 0.0, "corrosion": 0.0}