{"crack": 0.018719, "contact": 0.0010112, "interconnect": 0.0, "corrosion": 0.0}