{"crack": 0.3933119, "contact": 0.0150596, "interconnect": 0.0, "corrosion": 0.0}