{"crack": 0.0229994, "contact": 0.0042926, "interconnect": 0.0, "corrosion": 0.0}