{"crack": 0.168455, "contact": 0.1209061, "interconnect": 0.0, "corrosion": 0.0}