{"crack": 0.0521258, "contact": 0.004166, "interconnect": 0.0, "corrosion": 0.0}