{"crack": 0.3480981, "contact": 0.0002389, "interconnect": 0.0, "corrosion": 0.0}