{"crack": 0.0009204, "contact": 0.000449, "interconnect": 0.0, "corrosion": 0.0}