{"crack": 0.0233941, "contact": 0.0172979, "interconnect": 1.47e-05, "corrosion": 0.0007868}