{"crack": 0.0001286, "contact": 0.0068961, "interconnect": 0.0, "corrosion": 0.0}