{"crack": 0.3821536, "contact": 0.0683952, "interconnect": 0.0, "corrosion": 0.0}