{"crack": 0.0658044, "contact": 0.0812403, "interconnect": 0.0, "corrosion": 0.0}