{"crack": 0.0798672, "contact": 0.0060124, "interconnect": 0.0, "corrosion": 0.0}