{"crack": 0.0043794, "contact": 0.0438419, "interconnect": 0.0, "corrosion": 0.0}