{"crack": 0.2297183, "contact": 0.0022864, "interconnect": 0.0, "corrosion": 0.0}