{"crack": 0.4054688, "contact": 0.0345656, "interconnect": 0.0, "corrosion": 0.0}