{"crack": 0.0001509, "contact": 0.021884, "interconnect": 0.0, "corrosion": 0.0}