{"crack": 0.00087, "contact": 0.0440196, "interconnect": 0.0, "corrosion": 0.0}