{"crack": 0.0512193, "contact": 0.0849573, "interconnect": 0.0, "corrosion": 0.0}