{"crack": 0.0116468, "contact": 0.00276, "interconnect": 0.0, "corrosion": 0.0}