{"crack": 0.328918, "contact": 0.0526701, "interconnect": 0.0, "corrosion": 0.0}