{"crack": 0.1231357, "contact": 0.0002599, "interconnect": 0.0, "corrosion": 0.0}