{"crack": 0.0, "contact": 0.0134647, "interconnect": 0.0071744, "corrosion": 0.0}