{"crack": 0.2719821, "contact": 0.0052716, "interconnect": 0.0, "corrosion": 0.0}