{"crack": 0.0003212, "contact": 0.0004208, "interconnect": 0.0, "corrosion": 0.0}