{"crack": 0.0006512, "contact": 0.00617, "interconnect": 0.0, "corrosion": 0.0}