{"crack": 0.16777, "contact": 0.0033215, "interconnect": 0.0, "corrosion": 0.0}