{"crack": 0.0, "contact": 0.0120756, "interconnect": 0.0602104, "corrosion": 0.0}