{"crack": 0.2448224, "contact": 0.0197701, "interconnect": 0.0, "corrosion": 0.0}