{"crack": 0.000525, "contact": 0.0011299, "interconnect": 0.0, "corrosion": 0.0}