{"crack": 0.1985646, "contact": 0.1065409, "interconnect": 0.0, "corrosion": 0.0}