{"crack": 0.0266497, "contact": 0.0041801, "interconnect": 0.0, "corrosion": 0.0}