{"crack": 0.4467658, "contact": 0.0001499, "interconnect": 0.0, "corrosion": 0.0}