{"crack": 0.016447, "contact": 0.005547, "interconnect": 0.0, "corrosion": 0.0}