{"crack": 0.1780768, "contact": 0.0608422, "interconnect": 0.0, "corrosion": 0.0}