{"crack": 0.0354734, "contact": 0.0114364, "interconnect": 0.0, "corrosion": 0.0}