{"crack": 0.0239235, "contact": 0.0034356, "interconnect": 0.0, "corrosion": 0.0}