{"crack": 0.053068, "contact": 0.003756, "interconnect": 0.0, "corrosion": 0.0}