{"crack": 0.0395708, "contact": 0.0132626, "interconnect": 0.0, "corrosion": 0.0}