{"crack": 0.0479362, "contact": 0.0194765, "interconnect": 0.0001836, "corrosion": 0.0002818}