{"crack": 0.0915446, "contact": 0.0099512, "interconnect": 0.0, "corrosion": 0.0}