{"crack": 0.211475, "contact": 0.0019812, "interconnect": 0.0, "corrosion": 0.0}