{"crack": 0.0267484, "contact": 0.0214612, "interconnect": 0.0, "corrosion": 0.0}