{"crack": 0.0295579, "contact": 0.0023591, "interconnect": 0.0, "corrosion": 0.0}