{"crack": 0.0972722, "contact": 0.0212806, "interconnect": 0.0, "corrosion": 0.0}