{"crack": 0.0005844, "contact": 0.0401267, "interconnect": 0.0, "corrosion": 0.0}