{"crack": 0.0, "contact": 0.013986, "interconnect": 0.0062419, "corrosion": 0.0}