{"crack": 0.4893037, "contact": 0.0087838, "interconnect": 0.0, "corrosion": 0.0}