{"crack": 0.0001281, "contact": 0.0029471, "interconnect": 0.0, "corrosion": 0.0}