{"crack": 0.1868118, "contact": 0.0123078, "interconnect": 0.0, "corrosion": 0.0}