{"crack": 0.1634986, "contact": 0.0008099, "interconnect": 0.0, "corrosion": 0.0}