{"crack": 0.1171388, "contact": 0.0016777, "interconnect": 0.0, "corrosion": 0.0}