{"crack": 0.5974758, "contact": 0.0054461, "interconnect": 0.0, "corrosion": 0.0}