{"crack": 0.0040444, "contact": 0.0025972, "interconnect": 0.0, "corrosion": 0.0}