{"crack": 0.0, "contact": 0.0014658, "interconnect": 0.0672818, "corrosion": 0.0}