{"crack": 0.3359519, "contact": 0.0002661, "interconnect": 0.0, "corrosion": 0.0}