{"crack": 0.1072092, "contact": 0.000209, "interconnect": 0.0, "corrosion": 0.0}