{"crack": 0.4469236, "contact": 0.0055636, "interconnect": 0.0, "corrosion": 0.0}