{"crack": 0.0011536, "contact": 0.0030723, "interconnect": 0.0, "corrosion": 0.0}