{"crack": 0.3788136, "contact": 0.0031694, "interconnect": 0.0, "corrosion": 0.0}