{"crack": 0.4428704, "contact": 0.000976, "interconnect": 0.0, "corrosion": 0.0}