{"crack": 0.0012213, "contact": 0.0025338, "interconnect": 0.0, "corrosion": 0.0}