{"crack": 0.0515072, "contact": 0.004607, "interconnect": 0.0, "corrosion": 0.0}