{"crack": 0.0, "contact": 0.0318265, "interconnect": 0.0375012, "corrosion": 0.0}