{"crack": 0.2807669, "contact": 0.1075265, "interconnect": 0.0, "corrosion": 0.0}