{"crack": 0.454956, "contact": 0.0037877, "interconnect": 0.0, "corrosion": 0.0}