{"crack": 0.004091, "contact": 0.0016098, "interconnect": 0.0, "corrosion": 0.0}