{"crack": 0.0008238, "contact": 0.0002354, "interconnect": 0.0, "corrosion": 0.0}