{"crack": 0.2549368, "contact": 0.0001593, "interconnect": 0.0, "corrosion": 0.0}