{"crack": 0.2238882, "contact": 0.0006553, "interconnect": 0.0, "corrosion": 0.0}