{"crack": 0.1785388, "contact": 0.0008677, "interconnect": 0.0, "corrosion": 0.0}