{"crack": 0.0024456, "contact": 0.0374693, "interconnect": 0.0, "corrosion": 0.0}