{"crack": 0.0, "contact": 0.0151774, "interconnect": 0.0004585, "corrosion": 0.0}