{"crack": 0.0025508, "contact": 0.0030722, "interconnect": 0.0, "corrosion": 0.0}