{"crack": 0.0, "contact": 0.0082821, "interconnect": 0.0002051, "corrosion": 0.0}