{"crack": 0.0004191, "contact": 0.0008501, "interconnect": 0.0, "corrosion": 0.0}