{"crack": 0.0972414, "contact": 0.0021859, "interconnect": 0.0, "corrosion": 0.0}