{"crack": 0.201221, "contact": 0.0138736, "interconnect": 0.0, "corrosion": 0.0}