{"crack": 0.0029712, "contact": 0.0003818, "interconnect": 0.0, "corrosion": 0.0}