{"crack": 0.0802556, "contact": 0.1595306, "interconnect": 0.0026333, "corrosion": 0.0}