{"crack": 0.08429, "contact": 0.0070443, "interconnect": 0.0, "corrosion": 0.0}