{"crack": 0.002029, "contact": 0.0012198, "interconnect": 0.0, "corrosion": 0.0}