{"crack": 0.2442363, "contact": 0.0002322, "interconnect": 0.0, "corrosion": 0.0}