{"crack": 0.0034718, "contact": 0.0014946, "interconnect": 0.0, "corrosion": 0.0}