{"crack": 0.0, "contact": 0.0017695, "interconnect": 0.070384, "corrosion": 0.0}