{"crack": 0.0062904, "contact": 0.1013855, "interconnect": 0.0, "corrosion": 0.0}