{"crack": 0.0795166, "contact": 0.0003095, "interconnect": 0.0, "corrosion": 0.0}