{"crack": 0.0, "contact": 0.0072193, "interconnect": 0.0225936, "corrosion": 0.0}