{"crack": 0.0009989, "contact": 0.0018183, "interconnect": 0.0, "corrosion": 0.0}