{"crack": 0.1649845, "contact": 0.0037969, "interconnect": 0.0, "corrosion": 0.0}