{"crack": 0.2021288, "contact": 0.001423, "interconnect": 0.0, "corrosion": 0.0}