{"crack": 0.0, "contact": 0.0127595, "interconnect": 0.0132161, "corrosion": 0.0}