{"crack": 0.0209345, "contact": 0.0013726, "interconnect": 0.0, "corrosion": 0.0287136}