{"crack": 0.3365178, "contact": 0.071634, "interconnect": 0.0, "corrosion": 0.0}