{"crack": 0.1969423, "contact": 0.0006528, "interconnect": 0.0, "corrosion": 0.0}