{"crack": 0.0, "contact": 0.0063028, "interconnect": 0.0345705, "corrosion": 0.0}