{"crack": 0.0005364, "contact": 0.0061976, "interconnect": 0.0, "corrosion": 0.0}