{"crack": 0.1691225, "contact": 0.0007105, "interconnect": 0.0, "corrosion": 0.0}