{"crack": 0.1202959, "contact": 0.0008136, "interconnect": 0.0, "corrosion": 0.0}