{"crack": 0.1457742, "contact": 0.0013857, "interconnect": 0.0, "corrosion": 0.0}