{"crack": 0.0429671, "contact": 0.0237421, "interconnect": 0.0002639, "corrosion": 0.0003638}