{"crack": 0.0380125, "contact": 0.0084345, "interconnect": 0.0, "corrosion": 0.0}