{"crack": 0.0281111, "contact": 0.0006799, "interconnect": 0.0, "corrosion": 0.0052788}