{"crack": 0.0199954, "contact": 0.004077, "interconnect": 0.0, "corrosion": 0.0}