{"crack": 0.0, "contact": 0.0021722, "interconnect": 0.0258133, "corrosion": 0.0}