{"crack": 0.0, "contact": 0.0206897, "interconnect": 0.0353238, "corrosion": 0.0}