{"crack": 0.525298, "contact": 0.0013081, "interconnect": 0.0, "corrosion": 0.0}