{"crack": 0.0, "contact": 0.0055119, "interconnect": 0.0251608, "corrosion": 0.0}