{"crack": 0.1757083, "contact": 0.0072583, "interconnect": 0.0, "corrosion": 0.0}