{"crack": 0.1841262, "contact": 0.0614962, "interconnect": 0.0, "corrosion": 0.0}