{"crack": 0.0, "contact": 0.0058392, "interconnect": 0.0327526, "corrosion": 0.0}