{"crack": 0.0005167, "contact": 0.0048065, "interconnect": 0.0, "corrosion": 0.0}