{"crack": 0.1072782, "contact": 0.0009684, "interconnect": 0.0, "corrosion": 0.0}