{"crack": 0.4395835, "contact": 0.0136289, "interconnect": 0.0, "corrosion": 0.0}