{"crack": 0.0010436, "contact": 0.0002319, "interconnect": 0.0, "corrosion": 0.0}