{"crack": 0.07076, "contact": 0.0683087, "interconnect": 0.0, "corrosion": 0.0}