{"crack": 0.0111833, "contact": 0.0004417, "interconnect": 0.0, "corrosion": 0.0}