{"crack": 0.3563749, "contact": 0.0343177, "interconnect": 0.0, "corrosion": 0.0}