{"crack": 0.1348006, "contact": 0.0635958, "interconnect": 0.0, "corrosion": 0.0}