{"crack": 0.0015039, "contact": 0.0144441, "interconnect": 0.0, "corrosion": 0.0}