{"crack": 0.0, "contact": 0.0130744, "interconnect": 0.0005331, "corrosion": 0.0}