{"crack": 0.4870036, "contact": 0.0076186, "interconnect": 0.0, "corrosion": 0.0}