{"crack": 0.51021, "contact": 0.0329265, "interconnect": 0.0, "corrosion": 0.0}