{"crack": 0.0685181, "contact": 0.0185731, "interconnect": 0.0, "corrosion": 0.0}