{"crack": 0.2143486, "contact": 0.0012667, "interconnect": 0.0, "corrosion": 0.0}