{"crack": 0.1873797, "contact": 0.0001145, "interconnect": 0.0, "corrosion": 0.0}