{"crack": 0.2719956, "contact": 0.0, "interconnect": 0.0799336, "corrosion": 0.0}