{"crack": 0.3601663, "contact": 0.0229735, "interconnect": 0.0, "corrosion": 0.0}