{"crack": 0.0150886, "contact": 0.0002397, "interconnect": 0.0, "corrosion": 0.0}