{"crack": 0.3884588, "contact": 0.0450152, "interconnect": 0.0, "corrosion": 0.0}