{"crack": 0.0008195, "contact": 0.0013622, "interconnect": 0.0, "corrosion": 0.0}