{"crack": 0.4558099, "contact": 0.006337, "interconnect": 0.0, "corrosion": 0.0}