{"crack": 0.0009717, "contact": 0.0023841, "interconnect": 0.0, "corrosion": 0.0}