{"crack": 0.3332047, "contact": 0.035311, "interconnect": 0.0, "corrosion": 0.0}