{"crack": 0.1065343, "contact": 0.0783998, "interconnect": 0.0, "corrosion": 0.0}