{"crack": 0.3351772, "contact": 0.0048444, "interconnect": 0.0, "corrosion": 0.0}