{"crack": 0.3074361, "contact": 0.0385057, "interconnect": 0.0, "corrosion": 0.0}