{"crack": 0.0168003, "contact": 0.0008016, "interconnect": 0.0, "corrosion": 0.0}