{"crack": 0.0028106, "contact": 0.0007499, "interconnect": 0.0, "corrosion": 0.0}