{"crack": 0.0, "contact": 0.0057406, "interconnect": 0.010352, "corrosion": 0.0}