{"crack": 0.0003367, "contact": 0.0017529, "interconnect": 0.0, "corrosion": 0.0}