{"crack": 0.0043472, "contact": 0.0025667, "interconnect": 1.67e-05, "corrosion": 0.0}