{"crack": 0.1673728, "contact": 0.0839865, "interconnect": 0.0, "corrosion": 0.0}