{"crack": 0.0005926, "contact": 0.0025718, "interconnect": 0.0, "corrosion": 0.0}