{"crack": 0.0465547, "contact": 0.0065366, "interconnect": 0.0, "corrosion": 0.0}