{"crack": 0.0002805, "contact": 0.0031675, "interconnect": 0.0, "corrosion": 0.0}