{"crack": 0.1720837, "contact": 0.0140401, "interconnect": 0.0, "corrosion": 0.0}