{"crack": 0.0163193, "contact": 0.0101695, "interconnect": 0.0, "corrosion": 0.0}