{"crack": 0.4587997, "contact": 0.0151515, "interconnect": 0.0, "corrosion": 0.0}