{"crack": 0.4777846, "contact": 0.0084516, "interconnect": 0.0, "corrosion": 0.0}