{"crack": 0.0581618, "contact": 0.0138437, "interconnect": 0.0, "corrosion": 0.0}