{"crack": 0.4079875, "contact": 0.0049481, "interconnect": 0.0, "corrosion": 0.0}