{"crack": 0.1111324, "contact": 0.0120737, "interconnect": 0.0, "corrosion": 0.0}