{"crack": 0.0300325, "contact": 0.0008939, "interconnect": 0.0, "corrosion": 0.0}