{"crack": 0.027432, "contact": 0.0205827, "interconnect": 0.0, "corrosion": 0.0}