{"crack": 0.2496786, "contact": 0.1636861, "interconnect": 0.0, "corrosion": 0.0}