{"crack": 0.4887463, "contact": 0.0378514, "interconnect": 0.0, "corrosion": 0.0}