{"crack": 0.278432, "contact": 0.0567651, "interconnect": 0.0, "corrosion": 0.0}