{"crack": 0.0002786, "contact": 0.001068, "interconnect": 0.0, "corrosion": 0.0}