{"crack": 0.1737238, "contact": 0.1035382, "interconnect": 0.0, "corrosion": 0.0}