{"crack": 0.0091858, "contact": 0.0501548, "interconnect": 0.0, "corrosion": 0.0}