{"crack": 0.0217339, "contact": 0.0063487, "interconnect": 3.8e-06, "corrosion": 0.0052074}