{"crack": 0.0191188, "contact": 0.0463622, "interconnect": 0.0, "corrosion": 0.0}