{"crack": 0.0535877, "contact": 0.0192851, "interconnect": 0.0, "corrosion": 0.0}