{"crack": 0.095334, "contact": 0.0748703, "interconnect": 0.0, "corrosion": 0.0}