{"crack": 0.0, "contact": 0.0026637, "interconnect": 0.0618938, "corrosion": 0.0}