{"crack": 0.0008065, "contact": 0.0256563, "interconnect": 0.0, "corrosion": 0.0}