{"crack": 0.2008439, "contact": 0.0126119, "interconnect": 0.0, "corrosion": 0.0}