{"crack": 0.0017711, "contact": 0.0339784, "interconnect": 0.0, "corrosion": 0.0}