{"crack": 0.0016662, "contact": 0.0078943, "interconnect": 0.0, "corrosion": 0.0}