{"crack": 0.4465869, "contact": 0.0134764, "interconnect": 0.0, "corrosion": 0.0}