{"crack": 0.3357416, "contact": 0.0044399, "interconnect": 0.0, "corrosion": 0.0}