{"crack": 0.0, "contact": 0.0047719, "interconnect": 0.0118659, "corrosion": 0.0}