{"crack": 0.2248627, "contact": 0.0290006, "interconnect": 0.0, "corrosion": 0.0}