{"crack": 0.001161, "contact": 0.0797692, "interconnect": 0.0, "corrosion": 0.0}