{"crack": 0.2089521, "contact": 0.1483489, "interconnect": 0.0, "corrosion": 0.0}