{"crack": 0.0028576, "contact": 0.0049401, "interconnect": 0.0, "corrosion": 0.0}