{"crack": 0.178999, "contact": 0.010432, "interconnect": 0.0, "corrosion": 0.0}