{"crack": 0.3283114, "contact": 0.0020773, "interconnect": 0.0, "corrosion": 0.0}