{"crack": 0.0147631, "contact": 0.0885089, "interconnect": 0.0, "corrosion": 0.0}