{"crack": 0.2570423, "contact": 0.1733876, "interconnect": 0.0, "corrosion": 0.0}