{"crack": 0.0182462, "contact": 0.0010227, "interconnect": 1.8e-06, "corrosion": 0.0064838}