{"crack": 0.0117539, "contact": 0.0012783, "interconnect": 0.0, "corrosion": 0.0011968}