{"crack": 0.1144984, "contact": 0.0003092, "interconnect": 0.0, "corrosion": 0.0}