{"crack": 0.0002176, "contact": 0.000355, "interconnect": 0.0, "corrosion": 0.0}