{"crack": 0.0028268, "contact": 0.0033669, "interconnect": 0.0, "corrosion": 0.0}