{"crack": 0.0954557, "contact": 0.0006413, "interconnect": 0.0, "corrosion": 0.0}