{"crack": 0.2858489, "contact": 0.0027578, "interconnect": 0.0, "corrosion": 0.0}