{"crack": 0.0, "contact": 0.0170271, "interconnect": 0.0152564, "corrosion": 0.0}