{"crack": 0.0031198, "contact": 0.0006587, "interconnect": 0.0, "corrosion": 0.0029659}