{"crack": 0.2862299, "contact": 0.0104354, "interconnect": 0.0, "corrosion": 0.0}