{"crack": 0.0325995, "contact": 0.0243415, "interconnect": 0.0, "corrosion": 0.0011073}