{"crack": 0.0200087, "contact": 0.0622779, "interconnect": 0.0, "corrosion": 0.0}