{"crack": 0.0163836, "contact": 0.0012355, "interconnect": 0.0, "corrosion": 0.0077773}