{"crack": 0.0001056, "contact": 0.0074593, "interconnect": 0.0, "corrosion": 0.0}