{"crack": 0.0256271, "contact": 0.0001087, "interconnect": 0.0, "corrosion": 0.0}