{"crack": 0.0068127, "contact": 0.0025653, "interconnect": 0.0, "corrosion": 0.0}