{"crack": 0.0124066, "contact": 0.0074987, "interconnect": 0.0, "corrosion": 0.0}