{"crack": 0.1663089, "contact": 0.0020564, "interconnect": 0.0, "corrosion": 0.0}