{"crack": 0.2996734, "contact": 0.0051126, "interconnect": 0.0, "corrosion": 0.0}