{"crack": 0.0, "contact": 0.0161426, "interconnect": 0.0171771, "corrosion": 0.0}