{"crack": 0.0032737, "contact": 0.0001277, "interconnect": 0.0, "corrosion": 0.0}