{"crack": 0.0, "contact": 0.007354, "interconnect": 0.0054328, "corrosion": 0.0}