{"crack": 0.0207268, "contact": 0.0003995, "interconnect": 0.0, "corrosion": 0.0}