{"crack": 0.0008044, "contact": 0.0044126, "interconnect": 0.0, "corrosion": 0.0}