{"crack": 0.0, "contact": 0.0059381, "interconnect": 0.0156834, "corrosion": 0.0}