{"crack": 0.0077378, "contact": 0.0519087, "interconnect": 0.0, "corrosion": 0.0}