{"crack": 0.172766, "contact": 0.0598755, "interconnect": 0.0, "corrosion": 0.0}