{"crack": 0.083419, "contact": 0.1067955, "interconnect": 0.0, "corrosion": 0.0}