{"crack": 0.0491888, "contact": 0.0119518, "interconnect": 0.0, "corrosion": 0.0}