{"crack": 0.1664004, "contact": 0.0065127, "interconnect": 0.0, "corrosion": 0.0}