{"crack": 0.1635112, "contact": 0.0616384, "interconnect": 0.0, "corrosion": 0.0}