{"crack": 0.0450454, "contact": 0.0080884, "interconnect": 9e-07, "corrosion": 0.0017727}