{"crack": 0.2797361, "contact": 0.101159, "interconnect": 0.0, "corrosion": 0.0}