{"crack": 0.3030705, "contact": 0.0114937, "interconnect": 0.0, "corrosion": 0.0}