{"crack": 0.1714168, "contact": 0.1084448, "interconnect": 0.0, "corrosion": 0.0}