{"crack": 0.0431145, "contact": 0.001919, "interconnect": 0.0, "corrosion": 0.0}