{"crack": 0.1869689, "contact": 0.1053245, "interconnect": 0.0, "corrosion": 0.0}