{"crack": 0.2209987, "contact": 0.0002958, "interconnect": 0.0, "corrosion": 0.0}