{"crack": 0.0006873, "contact": 0.00537, "interconnect": 0.0, "corrosion": 0.0}