{"crack": 0.0049131, "contact": 0.0340022, "interconnect": 0.0, "corrosion": 0.0}