{"crack": 0.1939315, "contact": 0.0123428, "interconnect": 0.0, "corrosion": 0.0}