{"crack": 0.0002625, "contact": 0.0270958, "interconnect": 0.0, "corrosion": 0.0}