{"crack": 0.0091066, "contact": 0.0004499, "interconnect": 0.0, "corrosion": 0.0146412}