{"crack": 0.0008663, "contact": 0.0005507, "interconnect": 0.0, "corrosion": 0.0}