{"crack": 0.0, "contact": 0.012135, "interconnect": 0.0205214, "corrosion": 0.0}