{"crack": 0.0942095, "contact": 0.0003818, "interconnect": 0.0, "corrosion": 0.0}