{"crack": 0.1407238, "contact": 0.0001031, "interconnect": 0.0, "corrosion": 0.0}