{"crack": 0.0530893, "contact": 0.0168549, "interconnect": 0.0, "corrosion": 0.0}