{"crack": 0.2902423, "contact": 0.0195316, "interconnect": 0.0, "corrosion": 0.0}