{"crack": 0.1839784, "contact": 0.0112597, "interconnect": 0.0, "corrosion": 0.0}