{"crack": 0.0010274, "contact": 0.0056212, "interconnect": 0.0, "corrosion": 0.0}