{"crack": 0.0, "contact": 0.0003389, "interconnect": 0.0011972, "corrosion": 0.0}