{"crack": 0.1518423, "contact": 0.00368, "interconnect": 0.0, "corrosion": 0.0}