{"crack": 0.097133, "contact": 0.0303533, "interconnect": 0.0, "corrosion": 0.0}