{"crack": 0.0015726, "contact": 0.0008749, "interconnect": 0.0, "corrosion": 0.0}