{"crack": 0.2087952, "contact": 0.0016033, "interconnect": 0.0, "corrosion": 0.0}