{"crack": 0.2968341, "contact": 0.0046049, "interconnect": 0.0, "corrosion": 0.0}