{"crack": 0.0589322, "contact": 0.0076909, "interconnect": 0.0, "corrosion": 0.0}