{"crack": 0.067453, "contact": 0.0296267, "interconnect": 0.0, "corrosion": 0.0}