{"crack": 0.001225, "contact": 0.0024639, "interconnect": 0.0, "corrosion": 0.0}