{"crack": 0.0060534, "contact": 0.0687898, "interconnect": 0.0, "corrosion": 0.0}