{"crack": 0.1610058, "contact": 0.003366, "interconnect": 0.0, "corrosion": 0.0}