{"crack": 0.3166576, "contact": 0.005096, "interconnect": 0.0, "corrosion": 0.0}