{"crack": 0.1743372, "contact": 0.0041025, "interconnect": 0.0, "corrosion": 0.0}