{"crack": 0.3913084, "contact": 0.0967225, "interconnect": 0.0, "corrosion": 0.0}