{"crack": 0.0538421, "contact": 0.0027648, "interconnect": 0.0, "corrosion": 0.0}