{"crack": 0.0, "contact": 0.0058338, "interconnect": 0.2557864, "corrosion": 0.0}