{"crack": 0.0003857, "contact": 0.005248, "interconnect": 0.0, "corrosion": 0.0}