{"crack": 0.0069078, "contact": 0.0006642, "interconnect": 0.0, "corrosion": 0.0029478}