{"crack": 0.0030011, "contact": 0.0208897, "interconnect": 0.0, "corrosion": 0.0}