{"crack": 0.0141777, "contact": 0.001798, "interconnect": 0.0, "corrosion": 0.0}