{"crack": 0.0277543, "contact": 0.0228595, "interconnect": 0.0001104, "corrosion": 0.0001086}