{"crack": 0.0, "contact": 0.0629158, "interconnect": 0.0808007, "corrosion": 0.0}