{"crack": 0.1732868, "contact": 0.0379172, "interconnect": 0.0, "corrosion": 0.0}