{"crack": 0.1879428, "contact": 0.0289937, "interconnect": 0.0, "corrosion": 0.0}