{"crack": 0.0, "contact": 0.0083355, "interconnect": 0.0025445, "corrosion": 0.0}