{"crack": 0.0086413, "contact": 0.0004367, "interconnect": 0.0, "corrosion": 0.0}