{"crack": 0.0513111, "contact": 0.0079222, "interconnect": 0.0, "corrosion": 0.0}