{"crack": 0.0017594, "contact": 0.0009423, "interconnect": 0.0, "corrosion": 0.0}