{"crack": 0.0002055, "contact": 0.0244712, "interconnect": 0.0, "corrosion": 0.0}