{"crack": 0.3849223, "contact": 0.009167, "interconnect": 0.0, "corrosion": 0.0}