{"crack": 0.0, "contact": 0.0087424, "interconnect": 0.0200484, "corrosion": 0.0}