{"crack": 0.0187694, "contact": 0.0069333, "interconnect": 0.0, "corrosion": 0.0}