{"crack": 0.0214732, "contact": 0.00276, "interconnect": 0.0, "corrosion": 0.0}