{"crack": 0.0088941, "contact": 0.0046999, "interconnect": 0.0, "corrosion": 0.0}