{"crack": 0.3391508, "contact": 0.0089608, "interconnect": 0.0, "corrosion": 0.0}