{"crack": 0.0496376, "contact": 0.0005593, "interconnect": 0.0, "corrosion": 0.0}