{"crack": 0.0006216, "contact": 0.0212409, "interconnect": 0.0, "corrosion": 0.0}