{"crack": 0.0046539, "contact": 0.0076875, "interconnect": 0.0, "corrosion": 0.0}