{"crack": 0.0001474, "contact": 0.0014625, "interconnect": 0.0, "corrosion": 0.0}