{"crack": 0.5180858, "contact": 0.0158574, "interconnect": 0.0, "corrosion": 0.0}