{"crack": 0.0970494, "contact": 0.171371, "interconnect": 0.0, "corrosion": 0.0}