{"crack": 0.0412682, "contact": 0.0072914, "interconnect": 0.0, "corrosion": 0.0}