{"crack": 0.0127484, "contact": 0.0702785, "interconnect": 0.0, "corrosion": 0.0}