{"crack": 0.513935, "contact": 0.0058023, "interconnect": 0.0, "corrosion": 0.0}