{"crack": 0.0004267, "contact": 0.0115778, "interconnect": 0.0, "corrosion": 0.0}