{"crack": 0.0014457, "contact": 0.0017183, "interconnect": 0.0, "corrosion": 0.0}