{"crack": 0.0071456, "contact": 0.0005807, "interconnect": 0.0, "corrosion": 0.0}