{"crack": 0.0, "contact": 0.0008516, "interconnect": 0.0, "corrosion": 0.2286885}