{"crack": 0.0008722, "contact": 0.0031472, "interconnect": 0.0003, "corrosion": 0.0}