{"crack": 0.0074051, "contact": 0.0007963, "interconnect": 0.0, "corrosion": 0.0}