{"crack": 0.0497606, "contact": 0.005062, "interconnect": 0.0, "corrosion": 0.0}