{"crack": 0.0018679, "contact": 0.0022945, "interconnect": 0.0, "corrosion": 0.0}