{"crack": 0.0506698, "contact": 0.039554, "interconnect": 0.0, "corrosion": 0.0}