{"crack": 0.0, "contact": 0.0002097, "interconnect": 0.0, "corrosion": 0.0023649}