{"crack": 0.31635, "contact": 0.0137345, "interconnect": 0.0, "corrosion": 0.0}