{"crack": 0.0027722, "contact": 0.0972389, "interconnect": 6.39e-05, "corrosion": 0.0}