{"crack": 0.0001467, "contact": 0.0037343, "interconnect": 0.0, "corrosion": 0.0}