{"crack": 0.000331, "contact": 0.0017234, "interconnect": 0.0, "corrosion": 0.0}