{"crack": 0.0007379, "contact": 0.0008994, "interconnect": 0.0, "corrosion": 0.0}