{"crack": 0.0001412, "contact": 0.0034364, "interconnect": 0.0, "corrosion": 0.0}