{"crack": 0.7101547, "contact": 0.0012005, "interconnect": 0.0, "corrosion": 0.0}