{"crack": 0.0029194, "contact": 0.0065222, "interconnect": 0.0, "corrosion": 0.0}