{"crack": 0.0537924, "contact": 0.019292, "interconnect": 0.0, "corrosion": 0.0}