{"crack": 0.0001056, "contact": 0.0820694, "interconnect": 0.0001222, "corrosion": 0.0}