{"crack": 0.0011944, "contact": 0.002912, "interconnect": 0.0, "corrosion": 0.0}