{"crack": 0.0007914, "contact": 0.0049725, "interconnect": 0.0, "corrosion": 0.0}