{"crack": 0.1144728, "contact": 0.0034014, "interconnect": 0.0, "corrosion": 0.0}