{"crack": 0.1075953, "contact": 0.0070573, "interconnect": 0.0, "corrosion": 0.0}