{"crack": 0.0011454, "contact": 0.0021156, "interconnect": 0.0, "corrosion": 0.0}