{"crack": 0.002133, "contact": 0.0356322, "interconnect": 0.0, "corrosion": 0.0}