{"crack": 0.3001876, "contact": 0.0561459, "interconnect": 0.0, "corrosion": 0.0}