{"crack": 0.0423093, "contact": 0.0029155, "interconnect": 0.0, "corrosion": 0.0}