{"crack": 0.0142694, "contact": 0.0012139, "interconnect": 0.0, "corrosion": 0.0}