{"crack": 0.0243745, "contact": 0.007287, "interconnect": 0.0, "corrosion": 0.0}