{"crack": 0.0478489, "contact": 0.0042632, "interconnect": 0.0, "corrosion": 0.0}