{"crack": 0.0407313, "contact": 0.0001343, "interconnect": 0.0, "corrosion": 0.0038799}