{"crack": 0.0005975, "contact": 0.0023557, "interconnect": 0.0, "corrosion": 0.0}