{"crack": 0.0, "contact": 0.0298718, "interconnect": 0.0002821, "corrosion": 0.0}