{"crack": 0.000137, "contact": 0.0521372, "interconnect": 0.0, "corrosion": 0.0}