{"crack": 0.0610722, "contact": 0.0412194, "interconnect": 4.17e-05, "corrosion": 0.0}