{"crack": 0.305474, "contact": 0.0294797, "interconnect": 0.0, "corrosion": 0.0}