{"crack": 0.0686352, "contact": 0.0007795, "interconnect": 0.0, "corrosion": 0.0}