{"crack": 0.2899923, "contact": 0.1377259, "interconnect": 0.0, "corrosion": 0.0}