{"crack": 0.0323536, "contact": 0.001837, "interconnect": 0.0, "corrosion": 0.0}