{"crack": 0.0029738, "contact": 0.0044216, "interconnect": 0.0, "corrosion": 0.0}