{"crack": 0.1640197, "contact": 0.0797228, "interconnect": 0.0, "corrosion": 0.0}