{"crack": 0.3109238, "contact": 0.1632041, "interconnect": 0.0, "corrosion": 0.0}