{"crack": 0.4065123, "contact": 0.0002537, "interconnect": 0.0, "corrosion": 0.0}