{"crack": 0.0110628, "contact": 0.0071347, "interconnect": 0.0, "corrosion": 0.0}