{"crack": 0.0293443, "contact": 0.0001484, "interconnect": 0.0, "corrosion": 0.0}