{"crack": 0.0431417, "contact": 0.0001157, "interconnect": 0.0, "corrosion": 0.0}