{"crack": 0.1327635, "contact": 0.0040145, "interconnect": 0.0, "corrosion": 0.0}