{"crack": 0.0078296, "contact": 0.0003196, "interconnect": 0.0, "corrosion": 0.0}