{"crack": 0.0086617, "contact": 0.0040189, "interconnect": 0.0, "corrosion": 0.0}