{"crack": 0.5308845, "contact": 0.0337826, "interconnect": 0.0, "corrosion": 0.0}