{"crack": 0.0015294, "contact": 0.0044399, "interconnect": 0.0, "corrosion": 0.0}