{"crack": 0.0135847, "contact": 0.002136, "interconnect": 0.0, "corrosion": 0.0}