{"crack": 0.3686225, "contact": 0.0075082, "interconnect": 0.0, "corrosion": 0.0}