{"crack": 0.372449, "contact": 0.0002068, "interconnect": 0.0, "corrosion": 0.0}