{"crack": 0.0003805, "contact": 0.0039953, "interconnect": 0.0, "corrosion": 0.0}