{"crack": 0.3714417, "contact": 0.001625, "interconnect": 0.0, "corrosion": 0.0}