{"crack": 0.2840769, "contact": 0.0007436, "interconnect": 0.0, "corrosion": 0.0}