{"crack": 0.2527403, "contact": 0.0122991, "interconnect": 0.0, "corrosion": 0.0}