{"crack": 0.0034242, "contact": 0.0006299, "interconnect": 0.0, "corrosion": 0.0}