{"crack": 0.2051139, "contact": 0.040212, "interconnect": 0.0, "corrosion": 0.0}