{"crack": 0.3766478, "contact": 0.0157964, "interconnect": 0.0, "corrosion": 0.0}