{"crack": 0.0682594, "contact": 0.0024843, "interconnect": 0.0, "corrosion": 0.0}