{"crack": 0.020923, "contact": 0.0011338, "interconnect": 0.0, "corrosion": 0.0}