{"crack": 0.0051181, "contact": 0.0004135, "interconnect": 0.0, "corrosion": 0.0}