{"crack": 0.2290211, "contact": 0.0310619, "interconnect": 0.0, "corrosion": 0.0}