{"crack": 0.2625147, "contact": 0.079111, "interconnect": 0.0, "corrosion": 0.0}