{"crack": 0.0399231, "contact": 0.0019469, "interconnect": 0.0, "corrosion": 0.0}