{"crack": 0.0768798, "contact": 0.0100593, "interconnect": 0.0, "corrosion": 0.0}