{"crack": 0.0143886, "contact": 0.0386539, "interconnect": 0.0, "corrosion": 0.0}