{"crack": 0.0238326, "contact": 0.000761, "interconnect": 0.0, "corrosion": 0.0}