{"crack": 0.084268, "contact": 0.0264248, "interconnect": 0.0, "corrosion": 0.0}