{"crack": 0.0003301, "contact": 0.0005991, "interconnect": 0.0, "corrosion": 0.0}