{"crack": 0.0751119, "contact": 0.0018222, "interconnect": 0.0, "corrosion": 0.0}