{"crack": 0.2245132, "contact": 0.0145873, "interconnect": 0.0, "corrosion": 0.0}