{"crack": 0.3608381, "contact": 0.0278574, "interconnect": 0.0, "corrosion": 0.0}