{"crack": 0.00011, "contact": 0.0019692, "interconnect": 0.0, "corrosion": 0.0}