{"crack": 0.0615068, "contact": 0.0, "interconnect": 0.0267649, "corrosion": 0.0}