{"crack": 0.7696496, "contact": 0.0004417, "interconnect": 0.0, "corrosion": 0.0}