{"crack": 0.1505268, "contact": 0.0027027, "interconnect": 0.0, "corrosion": 0.0}