{"crack": 0.1518714, "contact": 0.0024643, "interconnect": 0.0, "corrosion": 0.0}