{"crack": 0.0301214, "contact": 0.0230946, "interconnect": 0.0002598, "corrosion": 0.0012228}