{"crack": 0.0036669, "contact": 0.0001781, "interconnect": 0.0, "corrosion": 0.0}