{"crack": 0.0006662, "contact": 0.0060545, "interconnect": 0.0, "corrosion": 0.0}