{"crack": 0.0292258, "contact": 0.0007558, "interconnect": 0.0, "corrosion": 0.0}