{"crack": 0.0026622, "contact": 0.0006264, "interconnect": 0.0, "corrosion": 0.0}