{"crack": 0.0015556, "contact": 0.0022985, "interconnect": 0.0, "corrosion": 0.0}