{"crack": 0.0256741, "contact": 0.0313629, "interconnect": 4.7e-06, "corrosion": 0.0013001}