{"crack": 0.007727, "contact": 0.0002169, "interconnect": 0.0, "corrosion": 0.0}