{"crack": 0.264361, "contact": 0.0436555, "interconnect": 0.0, "corrosion": 0.0}