{"crack": 0.2275884, "contact": 0.0025561, "interconnect": 0.0, "corrosion": 0.0}