{"crack": 0.405268, "contact": 0.0087609, "interconnect": 0.0, "corrosion": 0.0}