{"crack": 0.1266036, "contact": 0.1244027, "interconnect": 0.0, "corrosion": 0.0}