{"crack": 0.0006024, "contact": 0.0016342, "interconnect": 0.0, "corrosion": 0.0}