{"crack": 0.0006333, "contact": 0.0013019, "interconnect": 0.0, "corrosion": 0.0}