{"crack": 0.0418075, "contact": 0.0018041, "interconnect": 0.0, "corrosion": 0.0006445}