{"crack": 0.0076842, "contact": 0.0351951, "interconnect": 9.25e-05, "corrosion": 0.0}