{"crack": 0.0997025, "contact": 0.1168365, "interconnect": 0.0, "corrosion": 0.0}