{"crack": 0.0083444, "contact": 0.0076778, "interconnect": 0.0, "corrosion": 0.0}