{"crack": 0.0289281, "contact": 0.003699, "interconnect": 0.0, "corrosion": 0.0}