{"crack": 0.0025685, "contact": 0.005829, "interconnect": 0.0, "corrosion": 0.0}