{"crack": 0.4859036, "contact": 0.0505996, "interconnect": 0.0, "corrosion": 0.0}