{"crack": 0.4322959, "contact": 0.0028438, "interconnect": 0.0, "corrosion": 0.0}