{"crack": 0.0213859, "contact": 0.0250222, "interconnect": 4.4e-05, "corrosion": 0.0015155}