{"crack": 0.0011261, "contact": 0.0647813, "interconnect": 0.0, "corrosion": 0.0}