{"crack": 0.1889163, "contact": 0.0490382, "interconnect": 0.0, "corrosion": 0.0}