{"crack": 0.2503933, "contact": 0.0070509, "interconnect": 0.0, "corrosion": 0.0}