{"crack": 0.1409572, "contact": 0.001509, "interconnect": 0.0, "corrosion": 0.0}