{"crack": 0.0025278, "contact": 0.0065083, "interconnect": 0.0, "corrosion": 0.0}