{"crack": 0.1489145, "contact": 0.0158381, "interconnect": 0.0, "corrosion": 0.0}