{"crack": 0.0181939, "contact": 0.0174976, "interconnect": 0.0, "corrosion": 0.0}