{"crack": 0.0, "contact": 0.0341046, "interconnect": 0.0070856, "corrosion": 0.0}