{"crack": 0.0001603, "contact": 0.0696289, "interconnect": 0.0, "corrosion": 0.0}