{"crack": 0.001096, "contact": 0.0024971, "interconnect": 0.0, "corrosion": 0.0}