{"crack": 0.1275107, "contact": 0.261107, "interconnect": 0.0, "corrosion": 0.0}