{"crack": 0.0034127, "contact": 0.0004237, "interconnect": 0.0, "corrosion": 0.0}