{"crack": 0.0, "contact": 0.0067764, "interconnect": 0.0337619, "corrosion": 0.0}