{"crack": 0.3028714, "contact": 0.0123129, "interconnect": 0.0, "corrosion": 0.0}