{"crack": 0.0229527, "contact": 0.0034583, "interconnect": 0.0, "corrosion": 0.0}