{"crack": 0.0003514, "contact": 0.0004535, "interconnect": 0.0, "corrosion": 0.0}