{"crack": 0.5559997, "contact": 0.0026299, "interconnect": 0.0, "corrosion": 0.0}