{"crack": 0.1490724, "contact": 0.0005955, "interconnect": 0.0, "corrosion": 0.0}