{"crack": 0.3097031, "contact": 0.0005915, "interconnect": 0.0, "corrosion": 0.0}