{"crack": 0.0745108, "contact": 0.0006205, "interconnect": 0.0, "corrosion": 0.0}