{"crack": 0.0933923, "contact": 0.0114468, "interconnect": 0.0, "corrosion": 0.0}