{"crack": 0.3012629, "contact": 0.0039241, "interconnect": 0.0, "corrosion": 0.0}