{"crack": 0.3669519, "contact": 0.1214141, "interconnect": 0.0, "corrosion": 0.0}