{"crack": 0.0264242, "contact": 0.004186, "interconnect": 0.0, "corrosion": 0.0}