{"crack": 0.2843483, "contact": 0.048346, "interconnect": 0.0, "corrosion": 0.0}