{"crack": 0.0622953, "contact": 0.0047366, "interconnect": 0.0, "corrosion": 0.0}