{"crack": 0.1464421, "contact": 0.0199175, "interconnect": 0.0, "corrosion": 0.0}