{"crack": 0.2257852, "contact": 0.0189336, "interconnect": 0.0, "corrosion": 0.0}