{"crack": 0.1574137, "contact": 0.0004498, "interconnect": 0.0, "corrosion": 0.0}