{"crack": 0.003375, "contact": 0.0029528, "interconnect": 0.0, "corrosion": 0.0}