{"crack": 0.0412964, "contact": 0.005016, "interconnect": 0.0, "corrosion": 0.0}