{"crack": 0.2789817, "contact": 0.0564439, "interconnect": 0.0, "corrosion": 0.0}