{"crack": 0.3106732, "contact": 0.0508914, "interconnect": 0.0, "corrosion": 0.0}