{"crack": 0.0013583, "contact": 0.0033583, "interconnect": 4.17e-05, "corrosion": 0.0}