{"crack": 0.20168, "contact": 0.0009882, "interconnect": 0.0, "corrosion": 0.0}