{"crack": 0.4023643, "contact": 0.0837181, "interconnect": 0.0, "corrosion": 0.0}