{"crack": 0.3008818, "contact": 0.0004581, "interconnect": 0.0, "corrosion": 0.0}