{"crack": 0.0022557, "contact": 0.0396947, "interconnect": 0.0038872, "corrosion": 0.0}