{"crack": 0.0183749, "contact": 0.0561795, "interconnect": 0.0, "corrosion": 0.0}