{"crack": 0.0, "contact": 0.0135203, "interconnect": 0.0063993, "corrosion": 0.0}