{"crack": 0.2884629, "contact": 0.0118876, "interconnect": 0.0, "corrosion": 0.0}