{"crack": 0.0067723, "contact": 0.005666, "interconnect": 0.0, "corrosion": 0.0}