{"crack": 0.595425, "contact": 0.0027641, "interconnect": 0.0, "corrosion": 0.0}