{"crack": 0.0065745, "contact": 0.0027903, "interconnect": 0.0, "corrosion": 0.0}