{"crack": 0.0115597, "contact": 0.0025948, "interconnect": 0.0, "corrosion": 0.0}