{"crack": 0.0041342, "contact": 0.0033898, "interconnect": 0.0, "corrosion": 0.0}