{"crack": 0.0011805, "contact": 0.0007598, "interconnect": 0.0, "corrosion": 0.0}