{"crack": 0.3019431, "contact": 0.0215371, "interconnect": 1.01e-05, "corrosion": 0.0}