{"crack": 0.1454954, "contact": 0.0025831, "interconnect": 0.0, "corrosion": 0.0}