{"crack": 0.0061694, "contact": 0.003275, "interconnect": 0.0, "corrosion": 0.0}