{"crack": 0.0882823, "contact": 0.0276615, "interconnect": 0.0, "corrosion": 0.0}