{"crack": 0.0897754, "contact": 0.0369237, "interconnect": 0.0, "corrosion": 0.0}