{"crack": 0.1565621, "contact": 0.0093488, "interconnect": 0.0, "corrosion": 0.0}