{"crack": 0.0092106, "contact": 0.0019631, "interconnect": 0.0, "corrosion": 0.0}