{"crack": 0.0224434, "contact": 0.0397322, "interconnect": 0.0, "corrosion": 0.0}