{"crack": 0.0284717, "contact": 0.0558513, "interconnect": 0.0, "corrosion": 0.0}