{"crack": 0.5702315, "contact": 0.0069327, "interconnect": 0.0, "corrosion": 0.0}