{"crack": 0.0021988, "contact": 0.0058406, "interconnect": 0.0, "corrosion": 0.0}