{"crack": 0.1711057, "contact": 0.003851, "interconnect": 0.0, "corrosion": 0.0}