{"crack": 0.0, "contact": 0.007502, "interconnect": 0.0403761, "corrosion": 0.0}