{"crack": 0.1201474, "contact": 0.0015642, "interconnect": 0.0, "corrosion": 0.0}