{"crack": 0.1720215, "contact": 0.0797481, "interconnect": 0.0, "corrosion": 0.0}