{"crack": 0.0003652, "contact": 0.0064144, "interconnect": 0.0, "corrosion": 0.0}