{"crack": 0.0002057, "contact": 0.0003146, "interconnect": 0.0, "corrosion": 0.0}