{"crack": 0.0251718, "contact": 0.0035845, "interconnect": 0.0, "corrosion": 0.0}