{"crack": 0.0254128, "contact": 0.077057, "interconnect": 0.0, "corrosion": 0.0}