{"crack": 0.0051138, "contact": 0.0230823, "interconnect": 0.0, "corrosion": 0.0}