{"crack": 0.0062511, "contact": 0.002551, "interconnect": 0.0, "corrosion": 0.0}