{"crack": 0.2090581, "contact": 0.0942793, "interconnect": 0.0, "corrosion": 0.0}