{"crack": 0.0005782, "contact": 0.0496888, "interconnect": 0.0, "corrosion": 0.0}