{"crack": 0.1241841, "contact": 0.008331, "interconnect": 0.0, "corrosion": 0.0}