{"crack": 0.2712509, "contact": 0.0501409, "interconnect": 0.0, "corrosion": 0.0}