{"crack": 0.3798246, "contact": 0.0052427, "interconnect": 0.0, "corrosion": 0.0}