{"crack": 0.0003599, "contact": 0.002078, "interconnect": 0.0, "corrosion": 0.0}