{"crack": 0.3612002, "contact": 0.0053367, "interconnect": 0.0, "corrosion": 0.0}