{"crack": 0.0266939, "contact": 0.0009969, "interconnect": 0.0, "corrosion": 0.0}