{"crack": 0.0325425, "contact": 0.0172984, "interconnect": 1.13e-05, "corrosion": 0.0029369}