{"crack": 0.5143552, "contact": 0.0634974, "interconnect": 0.0, "corrosion": 0.0}