{"crack": 0.0175719, "contact": 0.0953304, "interconnect": 0.0, "corrosion": 0.0}