{"crack": 0.1243306, "contact": 0.0373194, "interconnect": 0.0, "corrosion": 0.0}