{"crack": 0.1342304, "contact": 0.1310582, "interconnect": 0.0, "corrosion": 0.0}