{"crack": 0.0311341, "contact": 0.021704, "interconnect": 0.0, "corrosion": 0.0}