{"crack": 0.0434773, "contact": 0.0002661, "interconnect": 0.0, "corrosion": 0.0}