{"crack": 0.0051897, "contact": 0.0284966, "interconnect": 0.0, "corrosion": 0.0}