{"crack": 0.2693407, "contact": 0.0380351, "interconnect": 0.0, "corrosion": 0.0}