{"crack": 0.4072936, "contact": 0.0030826, "interconnect": 0.0, "corrosion": 0.0}