{"crack": 0.3981108, "contact": 0.0621804, "interconnect": 0.0, "corrosion": 0.0}