{"crack": 0.0919398, "contact": 0.0001169, "interconnect": 0.0, "corrosion": 0.0}