{"crack": 0.3912344, "contact": 0.0763111, "interconnect": 0.0, "corrosion": 0.0}