{"crack": 0.3174136, "contact": 0.0370526, "interconnect": 0.0, "corrosion": 0.0}