{"crack": 0.0063791, "contact": 0.0001076, "interconnect": 0.0, "corrosion": 0.0}