{"crack": 0.0010078, "contact": 0.0034013, "interconnect": 0.0, "corrosion": 0.0}