{"crack": 0.001381, "contact": 0.0543743, "interconnect": 0.0, "corrosion": 0.0}