{"crack": 0.0020914, "contact": 0.0096065, "interconnect": 0.0, "corrosion": 0.0}