{"crack": 0.0764042, "contact": 0.00709, "interconnect": 0.0, "corrosion": 0.0}