{"crack": 0.161105, "contact": 0.0004711, "interconnect": 0.0, "corrosion": 0.0}