{"crack": 0.0, "contact": 0.0112345, "interconnect": 0.0347844, "corrosion": 0.0}