{"crack": 0.4370298, "contact": 0.0065362, "interconnect": 0.0, "corrosion": 0.0}