{"crack": 0.1840812, "contact": 0.0019957, "interconnect": 0.0, "corrosion": 0.0}