{"crack": 0.4888578, "contact": 0.0145844, "interconnect": 0.0, "corrosion": 0.0}