{"crack": 0.001484, "contact": 0.0027247, "interconnect": 0.0, "corrosion": 0.0}