{"crack": 0.0006747, "contact": 0.0119646, "interconnect": 0.0, "corrosion": 0.0}