{"crack": 0.2940364, "contact": 0.0074188, "interconnect": 0.0, "corrosion": 0.0}