{"crack": 0.1228052, "contact": 0.0028958, "interconnect": 0.0, "corrosion": 0.0}