{"crack": 0.051358, "contact": 0.0028322, "interconnect": 0.0, "corrosion": 0.0}