{"crack": 0.0091167, "contact": 0.0004827, "interconnect": 0.0, "corrosion": 0.0132476}