{"crack": 0.1240867, "contact": 0.1727593, "interconnect": 0.0, "corrosion": 0.0}