{"crack": 0.0004809, "contact": 0.0006666, "interconnect": 0.0, "corrosion": 0.0}