{"crack": 0.4162619, "contact": 0.0093075, "interconnect": 0.0, "corrosion": 0.0}