{"crack": 0.0007149, "contact": 0.0028941, "interconnect": 0.0, "corrosion": 0.0}