{"crack": 0.0996132, "contact": 0.0070299, "interconnect": 0.0, "corrosion": 0.0}