{"crack": 0.1699741, "contact": 0.0009308, "interconnect": 0.0, "corrosion": 0.0}