{"crack": 0.0632575, "contact": 0.0093336, "interconnect": 0.0, "corrosion": 0.0}