{"crack": 0.1030746, "contact": 0.0648354, "interconnect": 0.0, "corrosion": 0.0}