{"crack": 0.0984682, "contact": 0.0097268, "interconnect": 0.0, "corrosion": 0.0}