{"crack": 0.087301, "contact": 0.0015889, "interconnect": 0.0, "corrosion": 0.0}