{"crack": 0.4671945, "contact": 0.000182, "interconnect": 0.0, "corrosion": 0.0}