{"crack": 0.0002786, "contact": 0.0027745, "interconnect": 0.0, "corrosion": 0.0}