{"crack": 0.0240199, "contact": 0.0187367, "interconnect": 0.0, "corrosion": 0.0}