{"crack": 0.0322809, "contact": 0.0146372, "interconnect": 4.73e-05, "corrosion": 0.0011718}