{"crack": 0.2451997, "contact": 0.0284375, "interconnect": 0.0, "corrosion": 0.0}