{"crack": 0.000481, "contact": 0.005371, "interconnect": 0.0, "corrosion": 0.0}