{"crack": 0.0010536, "contact": 0.0015117, "interconnect": 0.0, "corrosion": 0.0}