{"crack": 0.5001077, "contact": 0.0574545, "interconnect": 0.0, "corrosion": 0.0}