{"crack": 0.0061131, "contact": 0.0221498, "interconnect": 0.0, "corrosion": 0.0}