{"crack": 0.0, "contact": 0.0003579, "interconnect": 0.0, "corrosion": 0.0102125}