{"crack": 0.0828995, "contact": 0.0024132, "interconnect": 0.0, "corrosion": 0.0}