{"crack": 0.0006756, "contact": 0.000886, "interconnect": 0.0, "corrosion": 0.0}