{"crack": 0.0865164, "contact": 0.0139961, "interconnect": 0.0, "corrosion": 0.0}