{"crack": 0.051438, "contact": 0.0039922, "interconnect": 0.0, "corrosion": 0.0}