{"crack": 0.0070062, "contact": 0.0102372, "interconnect": 0.0, "corrosion": 0.0}