{"crack": 0.3276995, "contact": 0.0945718, "interconnect": 0.0, "corrosion": 0.0}