{"crack": 0.3810925, "contact": 0.0089441, "interconnect": 0.0, "corrosion": 0.0}