{"crack": 0.0009701, "contact": 0.0033441, "interconnect": 0.0, "corrosion": 0.0}