{"crack": 0.0007185, "contact": 0.0090054, "interconnect": 0.0, "corrosion": 0.0}