{"crack": 0.0330766, "contact": 0.0137075, "interconnect": 1.37e-05, "corrosion": 0.0003726}