{"crack": 0.0609244, "contact": 0.0001388, "interconnect": 0.0, "corrosion": 0.0}