{"crack": 0.1768132, "contact": 0.0805237, "interconnect": 0.0, "corrosion": 0.0}