{"crack": 0.1441759, "contact": 0.026733, "interconnect": 0.0, "corrosion": 0.0}