{"crack": 0.0418109, "contact": 0.0185574, "interconnect": 0.0, "corrosion": 0.0}