{"crack": 0.0008531, "contact": 0.0026277, "interconnect": 0.0, "corrosion": 0.0}