{"crack": 0.2688248, "contact": 0.198311, "interconnect": 0.0, "corrosion": 0.0}