{"crack": 0.2542488, "contact": 0.0258199, "interconnect": 0.0, "corrosion": 0.0}