{"crack": 0.0, "contact": 0.0072766, "interconnect": 0.013428, "corrosion": 0.0}