{"crack": 0.0, "contact": 0.0221723, "interconnect": 0.000579, "corrosion": 0.0}