{"crack": 0.0001027, "contact": 0.0061862, "interconnect": 0.0, "corrosion": 0.0}