{"crack": 0.0036684, "contact": 0.002078, "interconnect": 0.0, "corrosion": 0.0}