{"crack": 0.0038806, "contact": 0.0002688, "interconnect": 0.0, "corrosion": 0.0}