{"crack": 0.0251832, "contact": 0.0415168, "interconnect": 0.000155, "corrosion": 3.29e-05}