{"crack": 0.0377777, "contact": 0.010518, "interconnect": 2.8e-06, "corrosion": 0.001917}