{"crack": 0.0, "contact": 0.0005585, "interconnect": 0.0502412, "corrosion": 0.0}