{"crack": 0.2469105, "contact": 0.0365793, "interconnect": 0.0, "corrosion": 0.0}