{"crack": 0.3878542, "contact": 0.0006685, "interconnect": 0.0, "corrosion": 0.0}