{"crack": 0.1829367, "contact": 0.0271985, "interconnect": 0.0, "corrosion": 0.0}