{"crack": 0.0187718, "contact": 0.0070949, "interconnect": 0.0, "corrosion": 0.0}