{"crack": 0.1450079, "contact": 0.0897641, "interconnect": 0.0, "corrosion": 0.0}