{"crack": 0.4097412, "contact": 0.004991, "interconnect": 0.0, "corrosion": 0.0}