{"crack": 0.0012366, "contact": 0.0007848, "interconnect": 0.0, "corrosion": 0.0}