{"crack": 0.686195, "contact": 0.0004633, "interconnect": 0.0, "corrosion": 0.0}