{"crack": 0.0407581, "contact": 0.002153, "interconnect": 0.0, "corrosion": 0.0}