{"crack": 0.0013785, "contact": 0.0007781, "interconnect": 0.0, "corrosion": 0.0}