{"crack": 0.0011642, "contact": 0.0032186, "interconnect": 0.0, "corrosion": 0.0}