{"crack": 0.0472171, "contact": 0.0731363, "interconnect": 0.0, "corrosion": 0.0}