{"crack": 0.4944034, "contact": 0.0018087, "interconnect": 0.0, "corrosion": 0.0}