{"crack": 0.0002616, "contact": 0.0009669, "interconnect": 0.0, "corrosion": 0.0}