{"crack": 0.0225679, "contact": 0.041688, "interconnect": 0.0, "corrosion": 5.8e-05}