{"crack": 0.0, "contact": 0.0221186, "interconnect": 0.0324527, "corrosion": 0.0}