{"crack": 0.0967126, "contact": 0.000863, "interconnect": 0.0, "corrosion": 0.0}