{"crack": 0.0027176, "contact": 0.0005145, "interconnect": 0.0, "corrosion": 0.0}