{"crack": 0.0010912, "contact": 0.0004411, "interconnect": 0.0, "corrosion": 0.0}