{"crack": 0.0054283, "contact": 0.0014086, "interconnect": 0.0, "corrosion": 0.0}