{"crack": 0.2653437, "contact": 0.0004977, "interconnect": 0.0, "corrosion": 0.0}