{"crack": 0.0007541, "contact": 0.0019016, "interconnect": 0.0, "corrosion": 0.0}