{"crack": 0.0631363, "contact": 0.0140042, "interconnect": 0.0, "corrosion": 0.0}