{"crack": 0.0009506, "contact": 0.0001913, "interconnect": 0.0, "corrosion": 0.0}