{"crack": 0.0009785, "contact": 0.0001631, "interconnect": 0.0, "corrosion": 0.0}