{"crack": 0.0237475, "contact": 0.0063042, "interconnect": 0.0, "corrosion": 0.0}