{"crack": 0.0099941, "contact": 0.0010519, "interconnect": 0.0, "corrosion": 0.0105942}