{"crack": 0.0748975, "contact": 0.0197492, "interconnect": 0.0, "corrosion": 0.0}