{"crack": 0.0003728, "contact": 0.0027025, "interconnect": 0.0, "corrosion": 0.0}