{"crack": 0.0, "contact": 0.0257964, "interconnect": 0.0036001, "corrosion": 0.0}