{"crack": 0.0001024, "contact": 0.0709118, "interconnect": 0.0, "corrosion": 0.0}