{"crack": 0.0740286, "contact": 0.0050505, "interconnect": 0.0, "corrosion": 0.0}