{"crack": 0.4786491, "contact": 0.0143553, "interconnect": 0.0, "corrosion": 0.0}