{"crack": 0.1681934, "contact": 0.2033036, "interconnect": 0.0, "corrosion": 0.0}