{"crack": 0.0009519, "contact": 0.0038425, "interconnect": 0.0, "corrosion": 0.0}