{"crack": 0.0519939, "contact": 0.0491907, "interconnect": 0.0, "corrosion": 0.0}