{"crack": 0.0491907, "contact": 0.0456838, "interconnect": 0.0, "corrosion": 0.0}