{"crack": 0.1509963, "contact": 0.0006184, "interconnect": 0.0, "corrosion": 0.0}