{"crack": 0.0476108, "contact": 0.1869486, "interconnect": 0.0, "corrosion": 0.0}