{"crack": 0.0102955, "contact": 0.0026111, "interconnect": 0.0, "corrosion": 0.0}