{"crack": 0.4675033, "contact": 0.0063486, "interconnect": 0.0, "corrosion": 0.0}