{"crack": 0.0015912, "contact": 0.0001499, "interconnect": 0.0, "corrosion": 0.0}