{"crack": 0.274239, "contact": 0.0020042, "interconnect": 0.0, "corrosion": 0.0}