{"crack": 0.009009, "contact": 0.0329648, "interconnect": 0.0, "corrosion": 0.0}