{"crack": 0.1832462, "contact": 0.0005401, "interconnect": 0.0, "corrosion": 0.0}