{"crack": 0.0225377, "contact": 0.0013972, "interconnect": 3.64e-05, "corrosion": 0.0014527}