{"crack": 0.0, "contact": 0.0295168, "interconnect": 0.1975917, "corrosion": 0.0}