{"crack": 0.0, "contact": 0.0288047, "interconnect": 0.0143904, "corrosion": 0.0}