{"crack": 0.1585917, "contact": 0.0001356, "interconnect": 0.0, "corrosion": 0.0}