{"crack": 0.0013696, "contact": 0.0043371, "interconnect": 0.0, "corrosion": 0.0}