{"crack": 0.4305583, "contact": 0.00243, "interconnect": 0.0, "corrosion": 0.0}