{"crack": 0.3217661, "contact": 0.0027833, "interconnect": 0.0, "corrosion": 0.0}