{"crack": 0.4178161, "contact": 0.0119634, "interconnect": 0.0, "corrosion": 0.0}