{"crack": 0.0106683, "contact": 0.0035145, "interconnect": 0.0, "corrosion": 0.0}