{"crack": 0.0107391, "contact": 0.0014031, "interconnect": 0.0, "corrosion": 0.0014669}