{"crack": 0.0002455, "contact": 0.0001403, "interconnect": 0.0, "corrosion": 0.0}