{"crack": 0.0270385, "contact": 0.0028745, "interconnect": 0.0, "corrosion": 0.0}