{"crack": 0.4344594, "contact": 0.0028287, "interconnect": 0.0, "corrosion": 0.0}