{"crack": 0.0866966, "contact": 0.0022372, "interconnect": 0.0, "corrosion": 0.0}