{"crack": 0.4829108, "contact": 0.1108326, "interconnect": 0.0, "corrosion": 0.0}