{"crack": 0.0046306, "contact": 0.0018972, "interconnect": 0.0, "corrosion": 0.0}