{"crack": 0.2828741, "contact": 0.008303, "interconnect": 0.0, "corrosion": 0.0}