{"crack": 0.0004085, "contact": 0.0003484, "interconnect": 0.0, "corrosion": 0.0}