{"crack": 0.0, "contact": 0.0035453, "interconnect": 0.0283624, "corrosion": 0.0}