{"crack": 0.0, "contact": 0.0039324, "interconnect": 0.0616606, "corrosion": 0.0}