{"crack": 0.2800184, "contact": 0.0075522, "interconnect": 0.0, "corrosion": 0.0}