{"crack": 0.0717218, "contact": 0.0246775, "interconnect": 0.0, "corrosion": 0.0}