{"crack": 0.1248531, "contact": 0.0017739, "interconnect": 0.0, "corrosion": 0.0}