{"crack": 0.010227, "contact": 0.0026684, "interconnect": 0.0, "corrosion": 0.0}