{"crack": 0.1805012, "contact": 0.0828466, "interconnect": 0.0, "corrosion": 0.0}