{"crack": 0.0001832, "contact": 0.0045579, "interconnect": 0.0, "corrosion": 0.0}