{"crack": 0.0211236, "contact": 0.0665259, "interconnect": 0.0, "corrosion": 0.0}