{"crack": 0.000355, "contact": 0.0022675, "interconnect": 0.0, "corrosion": 0.0}