{"crack": 0.3133998, "contact": 0.0187726, "interconnect": 0.0, "corrosion": 0.0}