{"crack": 0.0042315, "contact": 0.0031938, "interconnect": 0.0, "corrosion": 0.0}