{"crack": 0.3786993, "contact": 0.0020805, "interconnect": 0.0, "corrosion": 0.0}