{"crack": 0.0412167, "contact": 0.0001361, "interconnect": 0.0, "corrosion": 0.0}