{"crack": 0.2676511, "contact": 0.000516, "interconnect": 0.0, "corrosion": 0.0}