{"crack": 0.0013423, "contact": 0.0010351, "interconnect": 0.0, "corrosion": 0.0}