{"crack": 0.0039003, "contact": 0.0018312, "interconnect": 0.0, "corrosion": 0.0}