{"crack": 0.0001934, "contact": 0.0048117, "interconnect": 0.0, "corrosion": 0.0}