{"crack": 0.1876056, "contact": 0.0113775, "interconnect": 0.0, "corrosion": 0.0}