{"crack": 0.099963, "contact": 0.0957284, "interconnect": 0.0, "corrosion": 0.0}