{"crack": 0.4828497, "contact": 0.0008733, "interconnect": 0.0, "corrosion": 0.0}