{"crack": 0.001111, "contact": 0.0016099, "interconnect": 0.0, "corrosion": 0.0}