{"crack": 0.2903079, "contact": 0.0663908, "interconnect": 0.0, "corrosion": 0.0}