{"crack": 0.0015977, "contact": 0.0252519, "interconnect": 0.0, "corrosion": 0.0}