{"crack": 0.0225322, "contact": 0.0064196, "interconnect": 0.0, "corrosion": 0.0}