{"crack": 0.2184975, "contact": 0.0494047, "interconnect": 0.0, "corrosion": 0.0}