{"crack": 0.4310834, "contact": 0.0579513, "interconnect": 0.0, "corrosion": 0.0}