{"crack": 0.3331043, "contact": 0.0134795, "interconnect": 0.0, "corrosion": 0.0}