{"crack": 0.0, "contact": 0.0044975, "interconnect": 0.0010132, "corrosion": 0.0}