{"crack": 0.4178508, "contact": 0.0272784, "interconnect": 0.0, "corrosion": 0.0}