{"crack": 0.1082416, "contact": 0.0757412, "interconnect": 0.0, "corrosion": 0.0}