{"crack": 0.5244874, "contact": 0.0279239, "interconnect": 0.0, "corrosion": 0.0}