{"crack": 0.3734396, "contact": 0.0028355, "interconnect": 0.0, "corrosion": 0.0}