{"crack": 0.0020131, "contact": 0.0001967, "interconnect": 0.0, "corrosion": 0.0}