{"crack": 0.149285, "contact": 0.1784756, "interconnect": 0.0, "corrosion": 0.0}