{"crack": 0.1048751, "contact": 0.2827654, "interconnect": 0.0, "corrosion": 0.0}