{"crack": 0.0076624, "contact": 0.0006152, "interconnect": 0.0, "corrosion": 0.0}