{"crack": 0.0280657, "contact": 0.0058551, "interconnect": 0.0, "corrosion": 0.0}