{"crack": 0.1118887, "contact": 0.0001034, "interconnect": 0.0, "corrosion": 0.0}