{"crack": 0.0021415, "contact": 0.0004352, "interconnect": 0.0, "corrosion": 0.0}