{"crack": 0.0883321, "contact": 0.0012257, "interconnect": 0.0, "corrosion": 0.0}