{"crack": 0.0175219, "contact": 0.0063705, "interconnect": 0.0, "corrosion": 0.0}