{"crack": 0.0119279, "contact": 0.0010644, "interconnect": 0.0, "corrosion": 0.0}