{"crack": 0.1032141, "contact": 0.0001851, "interconnect": 0.0, "corrosion": 0.0}