{"crack": 0.039935, "contact": 0.0375435, "interconnect": 0.0, "corrosion": 0.0}