{"crack": 0.0027393, "contact": 0.0048845, "interconnect": 0.0, "corrosion": 0.0}