{"crack": 0.2476174, "contact": 0.0095646, "interconnect": 0.0, "corrosion": 0.0}