{"crack": 0.0808409, "contact": 0.0018249, "interconnect": 0.0, "corrosion": 0.0}