{"crack": 0.3307502, "contact": 0.0417397, "interconnect": 0.0, "corrosion": 0.0}