{"crack": 0.0301588, "contact": 0.0468964, "interconnect": 0.0, "corrosion": 0.0}