{"crack": 0.0003661, "contact": 0.0027518, "interconnect": 0.0, "corrosion": 0.0}