{"crack": 0.2488989, "contact": 0.0021446, "interconnect": 0.0, "corrosion": 0.0}