{"crack": 0.0002206, "contact": 0.0014859, "interconnect": 0.0, "corrosion": 0.0}