{"crack": 0.0291571, "contact": 0.0014315, "interconnect": 0.0, "corrosion": 0.0}