{"crack": 0.0141782, "contact": 0.047958, "interconnect": 0.0, "corrosion": 0.0}