{"crack": 0.0056275, "contact": 0.001411, "interconnect": 1.66e-05, "corrosion": 0.0}