{"crack": 0.0209626, "contact": 0.0151372, "interconnect": 0.0007997, "corrosion": 0.0039925}