{"crack": 0.0, "contact": 0.0292797, "interconnect": 0.0003794, "corrosion": 0.0}