{"crack": 0.0015361, "contact": 0.0011917, "interconnect": 4.44e-05, "corrosion": 0.0}