{"crack": 0.0009722, "contact": 0.003675, "interconnect": 0.0, "corrosion": 0.0}