{"crack": 0.2507509, "contact": 0.0220837, "interconnect": 0.0, "corrosion": 0.0}