{"crack": 0.2756049, "contact": 0.0272823, "interconnect": 0.0, "corrosion": 0.0}