{"crack": 0.0339323, "contact": 0.0035174, "interconnect": 0.0, "corrosion": 0.0}