{"crack": 0.3919877, "contact": 0.0262969, "interconnect": 0.0, "corrosion": 0.0}