{"crack": 0.00218, "contact": 0.0033327, "interconnect": 0.0, "corrosion": 0.0}