{"crack": 0.0045007, "contact": 0.0012483, "interconnect": 0.0, "corrosion": 0.0}