{"crack": 0.4957655, "contact": 0.0369539, "interconnect": 0.0, "corrosion": 0.0}