{"crack": 0.0024389, "contact": 0.0041389, "interconnect": 0.0, "corrosion": 0.0}