{"crack": 0.4092713, "contact": 0.0341352, "interconnect": 0.0, "corrosion": 0.0}