{"crack": 0.0021719, "contact": 0.0042978, "interconnect": 0.0, "corrosion": 0.0}