{"crack": 0.0009635, "contact": 0.001811, "interconnect": 0.0, "corrosion": 0.0}