{"crack": 0.0009272, "contact": 0.0003091, "interconnect": 0.0, "corrosion": 0.0}