{"crack": 0.0, "contact": 0.0001296, "interconnect": 0.0510571, "corrosion": 0.0}