{"crack": 0.0024496, "contact": 0.0606925, "interconnect": 0.0, "corrosion": 0.0}