{"crack": 0.0008065, "contact": 0.0036119, "interconnect": 0.0, "corrosion": 0.0}