{"crack": 0.0031208, "contact": 0.0045935, "interconnect": 0.0, "corrosion": 0.0}