{"crack": 0.0162071, "contact": 0.0016664, "interconnect": 0.0, "corrosion": 0.0}