{"crack": 0.0001295, "contact": 0.0014123, "interconnect": 0.0, "corrosion": 0.0}