{"crack": 0.1203332, "contact": 0.0046423, "interconnect": 0.0, "corrosion": 0.0}