{"crack": 0.4055918, "contact": 0.0405942, "interconnect": 0.0, "corrosion": 0.0}