{"crack": 0.0412562, "contact": 0.0017464, "interconnect": 0.0, "corrosion": 0.0}