{"crack": 0.2815163, "contact": 0.0013055, "interconnect": 0.0, "corrosion": 0.0}