{"crack": 0.5194286, "contact": 0.0011876, "interconnect": 0.0, "corrosion": 0.0}