{"crack": 0.0045428, "contact": 0.0014358, "interconnect": 0.0, "corrosion": 0.0}