{"crack": 0.0016892, "contact": 0.0074872, "interconnect": 0.0, "corrosion": 0.0}