{"crack": 0.0162203, "contact": 0.0060971, "interconnect": 0.0, "corrosion": 0.0}