{"crack": 0.4102853, "contact": 0.0068933, "interconnect": 0.0, "corrosion": 0.0}