{"crack": 0.025359, "contact": 0.0071379, "interconnect": 0.0, "corrosion": 0.0}