{"crack": 0.1958678, "contact": 0.1884806, "interconnect": 0.0, "corrosion": 0.0}