{"crack": 0.0217934, "contact": 0.0029776, "interconnect": 0.0, "corrosion": 0.0}