{"crack": 0.0008994, "contact": 0.0035629, "interconnect": 0.0, "corrosion": 0.0}