{"crack": 0.1933441, "contact": 0.0923455, "interconnect": 0.0, "corrosion": 0.0}