{"crack": 0.3020735, "contact": 0.0049611, "interconnect": 0.0, "corrosion": 0.0}