{"crack": 0.00032, "contact": 0.0015761, "interconnect": 0.0, "corrosion": 0.0}