{"crack": 0.0, "contact": 0.0646584, "interconnect": 0.0007559, "corrosion": 0.0}