{"crack": 0.0025351, "contact": 0.000739, "interconnect": 0.0, "corrosion": 0.0190732}