{"crack": 0.0850055, "contact": 0.012285, "interconnect": 0.0, "corrosion": 0.0}