{"crack": 0.4307025, "contact": 0.039217, "interconnect": 0.0, "corrosion": 0.0}