{"crack": 0.0153284, "contact": 0.0062775, "interconnect": 0.0, "corrosion": 0.0}