{"crack": 0.4743674, "contact": 0.0095229, "interconnect": 0.0, "corrosion": 0.0}