{"crack": 0.1570996, "contact": 0.0020151, "interconnect": 0.0, "corrosion": 0.0}