{"crack": 0.0035222, "contact": 0.0013565, "interconnect": 0.0, "corrosion": 0.0}