{"crack": 0.0001922, "contact": 0.000853, "interconnect": 0.0, "corrosion": 0.0}