{"crack": 0.0211141, "contact": 0.0099612, "interconnect": 0.0, "corrosion": 0.0}