{"crack": 0.1458085, "contact": 0.0010421, "interconnect": 0.0, "corrosion": 0.0}