{"crack": 0.5422774, "contact": 0.0111158, "interconnect": 0.0, "corrosion": 0.0}