{"crack": 0.0249319, "contact": 0.0621164, "interconnect": 0.0, "corrosion": 0.0}