{"crack": 0.0135363, "contact": 0.0043029, "interconnect": 0.0, "corrosion": 0.0}