{"crack": 0.0, "contact": 0.0097692, "interconnect": 0.019275, "corrosion": 0.0}