{"crack": 0.0176663, "contact": 0.0007057, "interconnect": 0.0, "corrosion": 0.0}