{"crack": 0.0210286, "contact": 0.0202572, "interconnect": 0.0, "corrosion": 0.0}