{"crack": 0.6420107, "contact": 0.0004385, "interconnect": 0.0, "corrosion": 0.0}