{"crack": 0.0036074, "contact": 0.0105932, "interconnect": 0.0, "corrosion": 0.0}