{"crack": 0.0157797, "contact": 0.0478777, "interconnect": 0.0, "corrosion": 0.0}