{"crack": 0.0, "contact": 0.030397, "interconnect": 0.0496924, "corrosion": 0.0}