{"crack": 0.4355703, "contact": 0.0093793, "interconnect": 0.0, "corrosion": 0.0}