{"crack": 0.197122, "contact": 0.0056498, "interconnect": 0.0, "corrosion": 0.0}