{"crack": 0.0038658, "contact": 0.070503, "interconnect": 0.0, "corrosion": 0.0}