{"crack": 0.0530845, "contact": 0.0015294, "interconnect": 0.0, "corrosion": 0.0}