{"crack": 0.0003948, "contact": 0.0005592, "interconnect": 0.0, "corrosion": 0.0}