{"crack": 0.1905358, "contact": 0.0244227, "interconnect": 0.0, "corrosion": 0.0}