{"crack": 0.0560209, "contact": 0.0581729, "interconnect": 0.0, "corrosion": 0.0}