{"crack": 0.0143037, "contact": 0.005749, "interconnect": 0.0, "corrosion": 0.0}