{"crack": 0.0207513, "contact": 0.0006757, "interconnect": 0.0, "corrosion": 0.0}