{"crack": 0.1550103, "contact": 0.0151343, "interconnect": 0.0, "corrosion": 0.0}