{"crack": 0.0172698, "contact": 0.0006986, "interconnect": 0.0, "corrosion": 0.0}