{"crack": 0.000374, "contact": 0.0006161, "interconnect": 0.0, "corrosion": 0.0}