{"crack": 0.0373328, "contact": 0.0031623, "interconnect": 0.0, "corrosion": 0.0}