{"crack": 0.0003857, "contact": 0.0055988, "interconnect": 0.0, "corrosion": 0.0}