{"crack": 0.2279056, "contact": 0.0084333, "interconnect": 0.0, "corrosion": 0.0}