{"crack": 0.2551593, "contact": 0.0107652, "interconnect": 0.0, "corrosion": 0.0}