{"crack": 0.099005, "contact": 0.0184724, "interconnect": 0.0, "corrosion": 0.0}