{"crack": 0.1005306, "contact": 0.0772126, "interconnect": 0.0, "corrosion": 0.0}