{"crack": 0.000319, "contact": 0.0037295, "interconnect": 0.0, "corrosion": 0.0}