{"crack": 0.0724247, "contact": 0.0053121, "interconnect": 0.0, "corrosion": 0.0}