{"crack": 0.2734196, "contact": 0.0038021, "interconnect": 0.0, "corrosion": 0.0}