{"crack": 0.2388041, "contact": 0.0540656, "interconnect": 0.0, "corrosion": 0.0}