{"crack": 0.4570138, "contact": 0.0237624, "interconnect": 0.0, "corrosion": 0.0}