{"crack": 0.0002193, "contact": 0.0014693, "interconnect": 0.0, "corrosion": 0.0}