{"crack": 0.0013472, "contact": 0.0040556, "interconnect": 0.0, "corrosion": 0.0}