{"crack": 0.3349486, "contact": 0.0076213, "interconnect": 0.0, "corrosion": 0.0}