{"crack": 0.1177793, "contact": 0.0047504, "interconnect": 0.0, "corrosion": 0.0}