{"crack": 0.2957407, "contact": 0.0771954, "interconnect": 0.0, "corrosion": 0.0}