{"crack": 0.2643844, "contact": 0.0219372, "interconnect": 0.0, "corrosion": 0.0}