{"crack": 0.3009439, "contact": 0.01623, "interconnect": 0.0, "corrosion": 0.0}