{"crack": 0.0006174, "contact": 0.0106118, "interconnect": 0.0, "corrosion": 0.0}