{"crack": 0.1968621, "contact": 0.0026225, "interconnect": 0.0, "corrosion": 0.0}