{"crack": 0.1314193, "contact": 0.000173, "interconnect": 0.0, "corrosion": 0.0}