{"crack": 0.0252442, "contact": 0.0003295, "interconnect": 0.0, "corrosion": 0.0}