{"crack": 0.020444, "contact": 0.0033538, "interconnect": 0.0, "corrosion": 0.0}