{"crack": 0.3531116, "contact": 0.0042603, "interconnect": 0.0, "corrosion": 0.0}