{"crack": 0.0217504, "contact": 0.0030959, "interconnect": 0.0, "corrosion": 0.0}