{"crack": 0.0002097, "contact": 0.0093653, "interconnect": 0.0, "corrosion": 0.0}