{"crack": 0.0011416, "contact": 0.0569599, "interconnect": 0.0, "corrosion": 0.0}