{"crack": 0.0002625, "contact": 0.0012327, "interconnect": 0.0, "corrosion": 0.0}