{"crack": 0.489382, "contact": 0.0624265, "interconnect": 0.0, "corrosion": 0.0}