{"crack": 0.0126194, "contact": 0.0069139, "interconnect": 0.0, "corrosion": 0.0}