{"crack": 0.0, "contact": 0.0413017, "interconnect": 0.0990012, "corrosion": 0.0}