{"crack": 0.0011376, "contact": 0.0026085, "interconnect": 0.0, "corrosion": 0.0}