{"crack": 0.1389991, "contact": 0.0056946, "interconnect": 0.0, "corrosion": 0.0}