{"crack": 0.2630325, "contact": 0.0004008, "interconnect": 0.0, "corrosion": 0.0}