{"crack": 0.1642287, "contact": 0.0016892, "interconnect": 0.0, "corrosion": 0.0}