{"crack": 0.0003857, "contact": 0.0259251, "interconnect": 0.0, "corrosion": 0.0}