{"crack": 0.0207414, "contact": 0.0039529, "interconnect": 0.0, "corrosion": 0.0}