{"crack": 0.0643063, "contact": 0.0435757, "interconnect": 0.0, "corrosion": 0.0}