{"crack": 0.4267109, "contact": 0.0046363, "interconnect": 0.0, "corrosion": 0.0}