{"crack": 0.00324, "contact": 0.0026635, "interconnect": 0.0, "corrosion": 0.0}