{"crack": 0.0206911, "contact": 0.001365, "interconnect": 0.0, "corrosion": 0.0}