{"crack": 0.2581578, "contact": 0.0027004, "interconnect": 0.0, "corrosion": 0.0}