{"crack": 0.1380149, "contact": 0.0176142, "interconnect": 0.0, "corrosion": 0.0}