{"crack": 0.2053953, "contact": 0.0897607, "interconnect": 0.0, "corrosion": 0.0}