{"crack": 0.0579353, "contact": 0.0175312, "interconnect": 0.0, "corrosion": 0.0}