{"crack": 0.0001268, "contact": 0.0089127, "interconnect": 0.0, "corrosion": 0.0}