{"crack": 0.0001987, "contact": 0.0048272, "interconnect": 0.0, "corrosion": 0.0}