{"crack": 0.0006409, "contact": 0.0107932, "interconnect": 0.0, "corrosion": 0.0}