{"crack": 0.0, "contact": 0.0046398, "interconnect": 0.0, "corrosion": 0.0629936}