{"crack": 0.0009473, "contact": 0.0032186, "interconnect": 0.0, "corrosion": 0.0}