{"crack": 0.0579601, "contact": 0.2988746, "interconnect": 0.0, "corrosion": 0.0}