{"crack": 0.0285343, "contact": 0.0004295, "interconnect": 0.0, "corrosion": 0.0}