{"crack": 0.000668, "contact": 0.0006143, "interconnect": 0.0, "corrosion": 0.0}