{"crack": 0.2317338, "contact": 0.0049931, "interconnect": 0.0, "corrosion": 0.0}