{"crack": 0.2577372, "contact": 0.108632, "interconnect": 0.0, "corrosion": 0.0}