{"crack": 0.1857653, "contact": 0.005278, "interconnect": 0.0, "corrosion": 0.0}