{"crack": 0.1540555, "contact": 0.3573749, "interconnect": 0.0, "corrosion": 0.0}