{"crack": 0.3793322, "contact": 0.0050451, "interconnect": 0.0, "corrosion": 0.0}