{"crack": 0.026834, "contact": 0.0012029, "interconnect": 0.0, "corrosion": 0.0}