{"crack": 0.2862408, "contact": 0.0010124, "interconnect": 0.0, "corrosion": 0.0}