{"crack": 0.289312, "contact": 0.0637456, "interconnect": 0.0, "corrosion": 0.0}