{"crack": 0.0018131, "contact": 0.0027729, "interconnect": 0.0, "corrosion": 0.0}