{"crack": 0.0017183, "contact": 0.0011614, "interconnect": 0.0, "corrosion": 0.0}