{"crack": 0.000396, "contact": 0.0099011, "interconnect": 0.0, "corrosion": 0.0}