{"crack": 0.0004072, "contact": 0.0012454, "interconnect": 0.0, "corrosion": 0.0}