{"crack": 0.4053602, "contact": 0.0095476, "interconnect": 0.0, "corrosion": 0.0}