{"crack": 0.0123339, "contact": 0.0024622, "interconnect": 0.0, "corrosion": 0.0}