{"crack": 0.0828767, "contact": 0.0154346, "interconnect": 0.0, "corrosion": 0.0}