{"crack": 0.3245704, "contact": 0.1090941, "interconnect": 0.0, "corrosion": 0.0}