{"crack": 0.0007175, "contact": 0.002053, "interconnect": 0.0, "corrosion": 0.0}