{"crack": 0.5108631, "contact": 0.0014105, "interconnect": 0.0, "corrosion": 0.0}