{"crack": 0.0015979, "contact": 0.0009701, "interconnect": 0.0, "corrosion": 0.0}