{"crack": 0.0329331, "contact": 0.0045964, "interconnect": 0.0, "corrosion": 0.0}