{"crack": 0.0001063, "contact": 0.0005314, "interconnect": 0.0, "corrosion": 0.0}