{"crack": 0.2875262, "contact": 0.0096346, "interconnect": 0.0, "corrosion": 0.0}