{"crack": 0.0030804, "contact": 0.0029126, "interconnect": 0.0, "corrosion": 0.0}