{"crack": 0.3311948, "contact": 0.022659, "interconnect": 0.0, "corrosion": 0.0}