{"crack": 0.0015512, "contact": 0.0041804, "interconnect": 0.0, "corrosion": 0.0015402}