{"crack": 0.0001048, "contact": 0.0014327, "interconnect": 0.0, "corrosion": 0.0}