{"crack": 0.4110474, "contact": 0.0156748, "interconnect": 0.0, "corrosion": 0.0}