{"crack": 0.0226339, "contact": 0.0029431, "interconnect": 0.0, "corrosion": 0.0092952}