{"crack": 0.2487278, "contact": 0.000503, "interconnect": 0.0, "corrosion": 0.0}