{"crack": 0.0016598, "contact": 0.0269537, "interconnect": 0.0, "corrosion": 0.0}