{"crack": 0.0, "contact": 0.0274799, "interconnect": 0.0073297, "corrosion": 0.0}