{"crack": 0.0040153, "contact": 0.0002757, "interconnect": 0.0, "corrosion": 0.0}