{"crack": 0.0, "contact": 0.0256206, "interconnect": 0.0403748, "corrosion": 0.0}