{"crack": 0.2127403, "contact": 0.0004778, "interconnect": 0.0, "corrosion": 0.0}