{"crack": 0.0561016, "contact": 0.001456, "interconnect": 0.0, "corrosion": 0.0}