{"crack": 0.0, "contact": 0.0036961, "interconnect": 0.0012974, "corrosion": 0.0}