{"crack": 0.0001603, "contact": 0.0025424, "interconnect": 0.0, "corrosion": 0.0}