{"crack": 0.0002061, "contact": 0.0005383, "interconnect": 0.0, "corrosion": 0.0}