{"crack": 0.01209, "contact": 0.0014693, "interconnect": 0.0, "corrosion": 0.0}