{"crack": 0.000561, "contact": 0.0236108, "interconnect": 0.0, "corrosion": 0.0}