{"crack": 0.0439993, "contact": 0.003367, "interconnect": 0.0, "corrosion": 0.0}