{"crack": 0.179911, "contact": 0.1076787, "interconnect": 0.0, "corrosion": 0.0}