{"crack": 0.0007086, "contact": 0.0007558, "interconnect": 0.0, "corrosion": 0.0}