{"crack": 0.000176, "contact": 0.0054125, "interconnect": 0.0, "corrosion": 0.0}