{"crack": 0.7314348, "contact": 0.0001741, "interconnect": 0.0, "corrosion": 0.0}