{"crack": 0.5813503, "contact": 0.0020544, "interconnect": 0.0, "corrosion": 0.0}