{"crack": 0.0033211, "contact": 0.0038937, "interconnect": 0.0, "corrosion": 0.0}