{"crack": 0.0012156, "contact": 0.0034597, "interconnect": 0.0, "corrosion": 0.0}