{"crack": 0.0057635, "contact": 0.0214163, "interconnect": 0.0, "corrosion": 0.0}