{"crack": 0.0, "contact": 0.0309016, "interconnect": 0.0703576, "corrosion": 0.0}