{"crack": 0.0, "contact": 0.0167007, "interconnect": 0.0539229, "corrosion": 0.0}