{"crack": 0.0203159, "contact": 0.0076905, "interconnect": 0.0, "corrosion": 0.0}