{"crack": 0.0001631, "contact": 0.0001514, "interconnect": 0.0, "corrosion": 0.0}