{"crack": 0.1625262, "contact": 0.0093958, "interconnect": 0.0, "corrosion": 0.0}