{"crack": 0.0157604, "contact": 0.0019337, "interconnect": 0.0, "corrosion": 0.0}