{"crack": 0.1213148, "contact": 0.1303201, "interconnect": 0.0, "corrosion": 0.0}