{"crack": 0.0, "contact": 0.0041812, "interconnect": 0.0444792, "corrosion": 0.0}