{"crack": 0.0464498, "contact": 0.00071, "interconnect": 0.0, "corrosion": 0.0}