{"crack": 0.0032524, "contact": 0.0040541, "interconnect": 0.0, "corrosion": 0.0}