{"crack": 0.0116067, "contact": 0.0516282, "interconnect": 0.0, "corrosion": 0.0}