{"crack": 0.3689304, "contact": 0.0344366, "interconnect": 0.0, "corrosion": 0.0}