{"crack": 0.0003029, "contact": 0.0005358, "interconnect": 0.0, "corrosion": 0.0}