{"crack": 0.0004305, "contact": 0.0008011, "interconnect": 0.0, "corrosion": 0.0}