{"crack": 0.2217247, "contact": 0.0033784, "interconnect": 0.0, "corrosion": 0.0}