{"crack": 0.0258632, "contact": 0.0145751, "interconnect": 0.0, "corrosion": 0.0}