{"crack": 0.4010307, "contact": 0.0011567, "interconnect": 0.0, "corrosion": 0.0}