{"crack": 0.2276875, "contact": 0.0157186, "interconnect": 0.0, "corrosion": 0.0}