{"crack": 0.3547049, "contact": 0.0744594, "interconnect": 0.0, "corrosion": 0.0}