{"crack": 0.0086693, "contact": 0.0006642, "interconnect": 0.0, "corrosion": 0.0}