{"crack": 0.0, "contact": 0.0031367, "interconnect": 0.0161144, "corrosion": 0.0}