{"crack": 0.3666382, "contact": 0.0008674, "interconnect": 0.0, "corrosion": 0.0}