{"crack": 0.0255105, "contact": 0.0040956, "interconnect": 0.0, "corrosion": 0.0}