{"crack": 0.0035198, "contact": 0.0034365, "interconnect": 0.0, "corrosion": 0.0}