{"crack": 0.0001231, "contact": 0.001447, "interconnect": 0.0, "corrosion": 0.0}