{"crack": 0.0178453, "contact": 0.0017341, "interconnect": 8.4e-06, "corrosion": 0.0047083}