{"crack": 0.1509423, "contact": 0.1886242, "interconnect": 0.0, "corrosion": 0.0}