{"crack": 0.5404502, "contact": 0.0233615, "interconnect": 0.0, "corrosion": 0.0}