{"crack": 0.0631606, "contact": 0.0001896, "interconnect": 0.0, "corrosion": 0.0}