{"crack": 0.0001712, "contact": 0.0046339, "interconnect": 0.0, "corrosion": 0.0}