{"crack": 0.0293404, "contact": 0.0006986, "interconnect": 0.0, "corrosion": 0.0}