{"crack": 0.003334, "contact": 0.0024042, "interconnect": 0.0, "corrosion": 0.0100996}