{"crack": 0.0163917, "contact": 0.0016528, "interconnect": 0.0, "corrosion": 0.0}