{"crack": 0.0005233, "contact": 0.000273, "interconnect": 0.0, "corrosion": 0.0}