{"crack": 0.0067568, "contact": 0.0003894, "interconnect": 0.0, "corrosion": 0.0}