{"crack": 0.0003189, "contact": 0.0006023, "interconnect": 0.0, "corrosion": 0.0}