{"crack": 0.0, "contact": 0.0361972, "interconnect": 0.0199218, "corrosion": 0.0}