{"crack": 0.1208348, "contact": 0.01786, "interconnect": 0.0, "corrosion": 0.0}