{"crack": 0.2398876, "contact": 0.0558339, "interconnect": 0.0, "corrosion": 0.0}