{"crack": 0.0895071, "contact": 0.0009538, "interconnect": 0.0, "corrosion": 0.0}