{"crack": 0.1682139, "contact": 0.0166278, "interconnect": 0.0004111, "corrosion": 0.0}