{"crack": 0.2373355, "contact": 0.0522477, "interconnect": 0.0, "corrosion": 0.0}