{"crack": 0.203902, "contact": 0.0185155, "interconnect": 0.0, "corrosion": 0.0}