{"crack": 0.3557767, "contact": 0.0381942, "interconnect": 0.0, "corrosion": 0.0}