{"crack": 0.4228682, "contact": 0.0826863, "interconnect": 0.0, "corrosion": 0.0}