{"crack": 0.0182275, "contact": 0.0121236, "interconnect": 0.0, "corrosion": 0.0}