{"crack": 0.0002306, "contact": 0.0027673, "interconnect": 0.0, "corrosion": 0.0}