{"crack": 0.0027374, "contact": 0.000198, "interconnect": 0.0, "corrosion": 0.0}