{"crack": 0.0058949, "contact": 0.0034818, "interconnect": 0.0, "corrosion": 0.0}