{"crack": 0.0, "contact": 0.0129706, "interconnect": 0.0006313, "corrosion": 0.0}