{"crack": 0.028086, "contact": 0.0013028, "interconnect": 0.0, "corrosion": 0.0}