{"crack": 0.027494, "contact": 0.0209681, "interconnect": 0.0166695, "corrosion": 0.2623284}