{"crack": 0.0246282, "contact": 0.0005189, "interconnect": 0.0, "corrosion": 0.0}