{"crack": 0.2698669, "contact": 0.0015357, "interconnect": 0.0, "corrosion": 0.0}