{"crack": 0.362543, "contact": 0.0445216, "interconnect": 0.0, "corrosion": 0.0}