{"crack": 0.0008182, "contact": 0.005704, "interconnect": 0.0, "corrosion": 0.0}