{"crack": 0.0124864, "contact": 0.0029219, "interconnect": 0.0, "corrosion": 0.0}