{"crack": 0.2621144, "contact": 0.0960847, "interconnect": 0.0, "corrosion": 0.0}