{"crack": 0.0003907, "contact": 0.0038039, "interconnect": 0.0, "corrosion": 0.0}