{"crack": 0.0195637, "contact": 0.0256744, "interconnect": 0.0, "corrosion": 0.0}