{"crack": 0.1495426, "contact": 0.1650833, "interconnect": 0.0, "corrosion": 0.0}