{"crack": 0.0529356, "contact": 0.0065953, "interconnect": 0.0, "corrosion": 0.0}