{"crack": 0.000303, "contact": 0.000202, "interconnect": 0.0, "corrosion": 0.0}