{"crack": 0.066683, "contact": 0.0660402, "interconnect": 0.0, "corrosion": 0.0}