{"crack": 0.2936327, "contact": 0.0076565, "interconnect": 0.0, "corrosion": 0.0}