{"crack": 0.0480521, "contact": 0.0037373, "interconnect": 0.0, "corrosion": 0.0}