{"crack": 0.2811269, "contact": 0.0001374, "interconnect": 0.0, "corrosion": 0.0}