{"crack": 0.0105004, "contact": 0.0080693, "interconnect": 0.0, "corrosion": 0.0}