{"crack": 0.0025415, "contact": 0.0024341, "interconnect": 0.0, "corrosion": 0.0}