{"crack": 0.0009093, "contact": 0.0017124, "interconnect": 0.0, "corrosion": 0.0}