{"crack": 0.2799212, "contact": 0.000777, "interconnect": 0.0, "corrosion": 0.0}