{"crack": 0.0, "contact": 0.012759, "interconnect": 0.0003317, "corrosion": 0.0}