{"crack": 0.0075766, "contact": 0.0003519, "interconnect": 0.0, "corrosion": 0.0}