{"crack": 0.2115608, "contact": 0.0673818, "interconnect": 0.0, "corrosion": 0.0}