{"crack": 0.0005941, "contact": 0.0445803, "interconnect": 0.0, "corrosion": 0.0}