{"crack": 0.1454365, "contact": 0.000897, "interconnect": 0.0, "corrosion": 0.0}