{"crack": 0.4198527, "contact": 0.0141575, "interconnect": 0.0, "corrosion": 0.0}