{"crack": 0.0007305, "contact": 0.0041203, "interconnect": 0.0, "corrosion": 0.0}