{"crack": 0.3130747, "contact": 0.021617, "interconnect": 0.0, "corrosion": 0.0}