{"crack": 0.024934, "contact": 0.0007394, "interconnect": 0.0, "corrosion": 0.0}