{"crack": 0.0196383, "contact": 0.0217067, "interconnect": 0.0, "corrosion": 0.0}