{"crack": 0.0256096, "contact": 0.6519625, "interconnect": 0.0, "corrosion": 0.0}