{"crack": 0.150291, "contact": 0.0068144, "interconnect": 0.0, "corrosion": 0.0}