{"crack": 0.1126085, "contact": 0.0271171, "interconnect": 0.0, "corrosion": 0.0}