{"crack": 0.0397078, "contact": 0.0085145, "interconnect": 0.0, "corrosion": 0.0}