{"crack": 0.3698569, "contact": 0.041567, "interconnect": 0.0, "corrosion": 0.0}