{"crack": 0.0293709, "contact": 0.0043321, "interconnect": 0.0, "corrosion": 0.0}