{"crack": 0.2521828, "contact": 0.0430862, "interconnect": 0.0, "corrosion": 0.0}