{"crack": 0.0008262, "contact": 0.001341, "interconnect": 0.0, "corrosion": 0.0}