{"crack": 0.0307494, "contact": 0.0394694, "interconnect": 4.56e-05, "corrosion": 0.0001164}