{"crack": 0.0427194, "contact": 0.0116528, "interconnect": 0.0, "corrosion": 0.0}