{"crack": 0.0341951, "contact": 0.036318, "interconnect": 0.0, "corrosion": 0.0}