{"crack": 0.248206, "contact": 0.0467866, "interconnect": 0.0, "corrosion": 0.0}