{"crack": 0.3345514, "contact": 0.1505729, "interconnect": 0.0, "corrosion": 0.0}