{"crack": 0.1559911, "contact": 0.0025148, "interconnect": 0.0, "corrosion": 0.0}