{"crack": 0.0011022, "contact": 0.00096, "interconnect": 0.0, "corrosion": 0.0}