{"crack": 0.4286006, "contact": 0.0057818, "interconnect": 0.0, "corrosion": 0.0}