{"crack": 0.0013511, "contact": 0.003828, "interconnect": 0.0, "corrosion": 0.0}