{"crack": 0.0471019, "contact": 0.0017237, "interconnect": 0.0, "corrosion": 0.0}