{"crack": 0.0311441, "contact": 0.0241631, "interconnect": 0.0, "corrosion": 0.0}