{"crack": 0.0011025, "contact": 0.0950856, "interconnect": 0.0, "corrosion": 0.0}