{"crack": 0.4473564, "contact": 0.0002275, "interconnect": 0.0, "corrosion": 0.0}