{"crack": 0.0532378, "contact": 0.0010997, "interconnect": 0.0, "corrosion": 0.0}