{"crack": 0.000209, "contact": 0.003471, "interconnect": 0.0, "corrosion": 0.0}