{"crack": 0.0427489, "contact": 0.0136421, "interconnect": 0.002549, "corrosion": 0.0077466}