{"crack": 0.4330655, "contact": 0.0004714, "interconnect": 0.0, "corrosion": 0.0}