{"crack": 0.0001096, "contact": 0.0005263, "interconnect": 0.0, "corrosion": 0.0}