{"crack": 0.0027998, "contact": 0.0005438, "interconnect": 0.0, "corrosion": 0.0}