{"crack": 0.3017719, "contact": 0.009024, "interconnect": 0.0, "corrosion": 0.0}