{"crack": 0.0346682, "contact": 0.0364682, "interconnect": 0.0, "corrosion": 0.0}