{"crack": 0.0008131, "contact": 0.0046393, "interconnect": 0.0, "corrosion": 0.0}