{"crack": 0.4407225, "contact": 0.1036946, "interconnect": 0.0, "corrosion": 0.0}