{"crack": 0.0058666, "contact": 0.086823, "interconnect": 0.0, "corrosion": 0.0}