{"crack": 0.2897936, "contact": 0.0873834, "interconnect": 0.0, "corrosion": 0.0}