{"crack": 0.0, "contact": 0.0092672, "interconnect": 0.0088768, "corrosion": 0.0}