{"crack": 0.0096817, "contact": 0.0011841, "interconnect": 0.0, "corrosion": 0.0}