{"crack": 0.7209715, "contact": 0.0018819, "interconnect": 0.0, "corrosion": 0.0}