{"crack": 0.0018784, "contact": 0.0007909, "interconnect": 0.0, "corrosion": 0.0}