{"crack": 0.3862918, "contact": 0.0047183, "interconnect": 0.0, "corrosion": 0.0}