{"crack": 0.037758, "contact": 0.0105246, "interconnect": 2.8e-06, "corrosion": 0.0019255}