{"crack": 0.1394329, "contact": 0.0001322, "interconnect": 0.0, "corrosion": 0.0}