{"crack": 0.0192608, "contact": 0.0402879, "interconnect": 0.0, "corrosion": 0.0}