{"crack": 0.0792715, "contact": 0.0458387, "interconnect": 0.0, "corrosion": 0.0}