{"crack": 0.0425935, "contact": 0.0008591, "interconnect": 0.0, "corrosion": 0.0}