{"crack": 0.0058749, "contact": 0.0005268, "interconnect": 0.0, "corrosion": 0.0}