{"crack": 0.0849624, "contact": 0.0012605, "interconnect": 0.0, "corrosion": 0.0}