{"crack": 0.0015652, "contact": 0.0095065, "interconnect": 0.0, "corrosion": 0.0}