{"crack": 0.0007106, "contact": 0.0021433, "interconnect": 0.0, "corrosion": 0.0}