{"crack": 0.5205914, "contact": 0.0896035, "interconnect": 0.0, "corrosion": 0.0}