{"crack": 0.1646306, "contact": 0.0456182, "interconnect": 0.0, "corrosion": 0.0}