{"crack": 0.0018351, "contact": 0.004348, "interconnect": 0.0, "corrosion": 0.0}