{"crack": 0.0086676, "contact": 0.0367933, "interconnect": 0.0, "corrosion": 0.0}