{"crack": 0.4343992, "contact": 0.0068961, "interconnect": 0.0, "corrosion": 0.0}