{"crack": 0.395565, "contact": 0.0614683, "interconnect": 0.0, "corrosion": 0.0}