{"crack": 0.0312278, "contact": 0.0066167, "interconnect": 0.0, "corrosion": 0.0}