{"crack": 0.0593183, "contact": 0.0298489, "interconnect": 0.0, "corrosion": 0.0}