{"crack": 0.2359489, "contact": 0.036418, "interconnect": 0.0, "corrosion": 0.0}