{"crack": 0.3411704, "contact": 0.0676019, "interconnect": 0.0, "corrosion": 0.0}