{"crack": 0.0243399, "contact": 0.0007033, "interconnect": 0.0, "corrosion": 0.0}