{"crack": 0.2305428, "contact": 0.0044663, "interconnect": 0.0, "corrosion": 0.0}