{"crack": 0.0008833, "contact": 0.0035306, "interconnect": 0.0, "corrosion": 0.0}