{"crack": 0.1765814, "contact": 0.0027808, "interconnect": 0.0, "corrosion": 0.0}