{"crack": 0.1901347, "contact": 0.0839867, "interconnect": 0.0, "corrosion": 0.0}