{"crack": 0.0187934, "contact": 0.0006528, "interconnect": 0.0, "corrosion": 0.0}