{"crack": 0.0179721, "contact": 0.0010687, "interconnect": 0.0, "corrosion": 0.0}