{"crack": 0.5551688, "contact": 0.0063928, "interconnect": 0.0, "corrosion": 0.0}