{"crack": 0.0175832, "contact": 0.118718, "interconnect": 0.0, "corrosion": 0.0}