{"crack": 0.0454431, "contact": 0.0019813, "interconnect": 0.0, "corrosion": 0.0}