{"crack": 0.1353058, "contact": 0.008736, "interconnect": 0.0, "corrosion": 0.0}