{"crack": 0.0009964, "contact": 0.0023134, "interconnect": 0.0, "corrosion": 0.0}