{"crack": 0.0134907, "contact": 0.0043942, "interconnect": 0.0, "corrosion": 0.0}