{"crack": 0.1523248, "contact": 0.0018667, "interconnect": 0.0, "corrosion": 0.0}