{"crack": 0.2585318, "contact": 0.0010307, "interconnect": 0.0, "corrosion": 0.0}