{"crack": 0.2216279, "contact": 0.0828927, "interconnect": 0.0, "corrosion": 0.0}