{"crack": 0.3001141, "contact": 0.0223728, "interconnect": 0.0, "corrosion": 0.0}