{"crack": 0.0, "contact": 0.0109637, "interconnect": 0.0719932, "corrosion": 0.0}