{"crack": 0.0022894, "contact": 0.0203297, "interconnect": 0.0, "corrosion": 0.0}