{"crack": 0.0, "contact": 0.0103835, "interconnect": 0.0509514, "corrosion": 0.0}