{"crack": 0.3568598, "contact": 0.0972286, "interconnect": 0.0, "corrosion": 0.0}