{"crack": 0.1420767, "contact": 0.0011532, "interconnect": 0.0, "corrosion": 0.0}