{"crack": 0.0009193, "contact": 0.0060558, "interconnect": 0.0, "corrosion": 0.0}