{"crack": 0.0208304, "contact": 0.0726484, "interconnect": 0.0, "corrosion": 0.0}