{"crack": 0.3580281, "contact": 0.0722906, "interconnect": 0.0, "corrosion": 0.0}