{"crack": 0.0035178, "contact": 0.002353, "interconnect": 0.0, "corrosion": 0.0}