{"crack": 0.3196134, "contact": 0.0840949, "interconnect": 0.0, "corrosion": 0.0}