{"crack": 0.0451304, "contact": 0.0089018, "interconnect": 0.0, "corrosion": 0.0}