{"crack": 0.1846779, "contact": 0.110841, "interconnect": 0.0, "corrosion": 0.0}