{"crack": 0.1671268, "contact": 0.0029938, "interconnect": 0.0, "corrosion": 0.0}