{"crack": 0.0002767, "contact": 0.0016834, "interconnect": 0.0, "corrosion": 0.0}