{"crack": 0.0105767, "contact": 0.0074782, "interconnect": 0.0, "corrosion": 0.0}