{"crack": 0.0154718, "contact": 0.0014773, "interconnect": 0.0, "corrosion": 0.0}