{"crack": 0.1012583, "contact": 0.0021948, "interconnect": 0.0, "corrosion": 0.0}