{"crack": 0.1338768, "contact": 0.1432523, "interconnect": 0.0, "corrosion": 0.0}