{"crack": 0.5740075, "contact": 0.0019793, "interconnect": 0.0, "corrosion": 0.0}