{"crack": 0.0002155, "contact": 0.0001078, "interconnect": 0.0, "corrosion": 0.0}