{"crack": 0.2088577, "contact": 0.0083933, "interconnect": 0.0, "corrosion": 0.0}