{"crack": 0.0594829, "contact": 0.0280174, "interconnect": 0.0, "corrosion": 0.0}