{"crack": 0.2346352, "contact": 0.1737978, "interconnect": 0.0, "corrosion": 0.0}