{"crack": 0.0002183, "contact": 0.0010917, "interconnect": 0.0, "corrosion": 0.0}