{"crack": 0.3581814, "contact": 0.0480739, "interconnect": 0.0, "corrosion": 0.0}