{"crack": 0.0001031, "contact": 0.0012025, "interconnect": 0.0, "corrosion": 0.0}