{"crack": 0.0027549, "contact": 0.0018479, "interconnect": 0.0, "corrosion": 0.0}