{"crack": 0.6353972, "contact": 0.001349, "interconnect": 0.0, "corrosion": 0.0}