{"crack": 0.0280612, "contact": 0.0099168, "interconnect": 0.0, "corrosion": 0.0}