{"crack": 0.3075134, "contact": 0.0834561, "interconnect": 0.0, "corrosion": 0.0}