{"crack": 0.1836996, "contact": 0.0018406, "interconnect": 0.0, "corrosion": 0.0}