{"crack": 0.5528816, "contact": 0.0084519, "interconnect": 0.0, "corrosion": 0.0}