{"crack": 0.177204, "contact": 0.0007469, "interconnect": 0.0, "corrosion": 0.0}