{"crack": 0.0002622, "contact": 0.0007012, "interconnect": 0.0, "corrosion": 0.0}