{"crack": 0.134371, "contact": 0.0011415, "interconnect": 0.0, "corrosion": 0.0}