{"crack": 0.4623567, "contact": 0.0052618, "interconnect": 0.0, "corrosion": 0.0}