{"crack": 0.0197762, "contact": 0.0021144, "interconnect": 0.0, "corrosion": 0.0}