{"crack": 0.0697667, "contact": 0.0112167, "interconnect": 0.0, "corrosion": 0.0}