{"crack": 0.5714987, "contact": 0.0045468, "interconnect": 0.0, "corrosion": 0.0}