{"crack": 0.1636624, "contact": 0.0042945, "interconnect": 0.0, "corrosion": 0.0}