{"crack": 0.0144142, "contact": 0.001864, "interconnect": 4.6e-06, "corrosion": 0.0026798}