{"crack": 0.0, "contact": 0.0147783, "interconnect": 0.0215298, "corrosion": 0.0}