{"crack": 0.0, "contact": 0.0006853, "interconnect": 0.0226904, "corrosion": 0.0}