{"crack": 0.0716291, "contact": 0.017252, "interconnect": 0.0, "corrosion": 0.0}