{"crack": 0.1957963, "contact": 0.107438, "interconnect": 0.0, "corrosion": 0.0}