{"crack": 0.0543289, "contact": 0.0032295, "interconnect": 0.0, "corrosion": 0.0}