{"crack": 0.0003881, "contact": 0.0972322, "interconnect": 0.0, "corrosion": 0.0}