{"crack": 0.0001134, "contact": 0.0018933, "interconnect": 0.0, "corrosion": 0.0}