{"crack": 0.299073, "contact": 0.000196, "interconnect": 0.0, "corrosion": 0.0}