{"crack": 0.37588, "contact": 0.0213584, "interconnect": 0.0, "corrosion": 0.0}