{"crack": 0.4138054, "contact": 0.0032979, "interconnect": 0.0, "corrosion": 0.0}