{"crack": 0.1549566, "contact": 0.0231706, "interconnect": 0.0, "corrosion": 0.0}