{"crack": 0.0, "contact": 0.0146747, "interconnect": 0.0126541, "corrosion": 0.0}