{"crack": 0.255076, "contact": 0.0032733, "interconnect": 0.0, "corrosion": 0.0}