{"crack": 0.0936762, "contact": 0.0115371, "interconnect": 0.0, "corrosion": 0.0}