{"crack": 0.0117102, "contact": 0.0010386, "interconnect": 0.0, "corrosion": 0.0}