{"crack": 0.3844472, "contact": 0.0712416, "interconnect": 0.0, "corrosion": 0.0}