{"crack": 0.0008529, "contact": 0.0115226, "interconnect": 0.0, "corrosion": 0.0}