{"crack": 0.3789069, "contact": 0.0378825, "interconnect": 0.0, "corrosion": 0.0}