{"crack": 0.01128, "contact": 0.0048855, "interconnect": 0.0, "corrosion": 0.0}