{"crack": 0.0005475, "contact": 0.0022365, "interconnect": 0.0, "corrosion": 0.0}