{"crack": 0.000325, "contact": 0.0019967, "interconnect": 0.0, "corrosion": 0.0}