{"crack": 0.4204623, "contact": 0.0100628, "interconnect": 0.0, "corrosion": 0.0}