{"crack": 0.0068353, "contact": 0.0018797, "interconnect": 0.0038306, "corrosion": 0.007946}