{"crack": 0.0020015, "contact": 0.001261, "interconnect": 0.0, "corrosion": 0.0}