{"crack": 0.0347214, "contact": 0.0009665, "interconnect": 0.0, "corrosion": 0.0}