{"crack": 0.0022752, "contact": 0.0030681, "interconnect": 0.0, "corrosion": 0.0}