{"crack": 0.2390343, "contact": 0.0836483, "interconnect": 0.0, "corrosion": 0.0}