{"crack": 0.0009183, "contact": 0.0075277, "interconnect": 0.0, "corrosion": 0.0}