{"crack": 0.0139846, "contact": 0.000701, "interconnect": 0.0, "corrosion": 0.0}