{"crack": 0.0003686, "contact": 0.0021404, "interconnect": 0.0, "corrosion": 0.0}