{"crack": 0.0, "contact": 0.0006123, "interconnect": 0.0001566, "corrosion": 0.1603868}