{"crack": 0.0, "contact": 0.002136, "interconnect": 0.0, "corrosion": 0.2351546}