{"crack": 0.0340487, "contact": 0.1557847, "interconnect": 0.0, "corrosion": 0.0}