{"crack": 0.4129644, "contact": 0.0067672, "interconnect": 0.0, "corrosion": 0.0}