{"crack": 0.0008167, "contact": 0.0032722, "interconnect": 0.0, "corrosion": 0.0}