{"crack": 0.1206734, "contact": 0.0475729, "interconnect": 0.0, "corrosion": 0.0}