{"crack": 0.0019839, "contact": 0.0009863, "interconnect": 0.0, "corrosion": 0.0}