{"crack": 0.0, "contact": 0.0062933, "interconnect": 0.0176709, "corrosion": 0.0}