{"crack": 0.0002178, "contact": 0.0051085, "interconnect": 0.0, "corrosion": 0.0}