{"crack": 0.0009059, "contact": 0.0008168, "interconnect": 0.0003564, "corrosion": 0.0}