{"crack": 0.0114136, "contact": 0.0027621, "interconnect": 0.0, "corrosion": 0.0}