{"crack": 0.0004843, "contact": 0.0070041, "interconnect": 0.0, "corrosion": 0.0}