{"crack": 0.0029631, "contact": 0.0001459, "interconnect": 0.0, "corrosion": 0.0}