{"crack": 0.1419021, "contact": 0.0002698, "interconnect": 0.0, "corrosion": 0.0}