{"crack": 0.0013229, "contact": 0.0028819, "interconnect": 0.0, "corrosion": 0.0}