{"crack": 0.0112231, "contact": 0.0140174, "interconnect": 0.0, "corrosion": 0.0}