{"crack": 0.0022985, "contact": 0.0003231, "interconnect": 0.0, "corrosion": 0.0}