{"crack": 0.1833462, "contact": 0.0136405, "interconnect": 0.0, "corrosion": 0.0}