{"crack": 0.2498465, "contact": 0.0023736, "interconnect": 0.0, "corrosion": 0.0}