{"crack": 0.1187644, "contact": 0.0122959, "interconnect": 0.0, "corrosion": 0.0}