{"crack": 0.3705671, "contact": 0.0031231, "interconnect": 0.0, "corrosion": 0.0}