{"crack": 0.0006194, "contact": 0.0037611, "interconnect": 0.0, "corrosion": 0.0}