{"crack": 0.00011, "contact": 0.0049835, "interconnect": 0.0, "corrosion": 0.0}