{"crack": 0.280922, "contact": 0.0448489, "interconnect": 0.0, "corrosion": 0.0}