{"crack": 0.0005286, "contact": 0.001333, "interconnect": 0.0, "corrosion": 0.0}