{"crack": 0.075544, "contact": 0.0145819, "interconnect": 5.7e-05, "corrosion": 0.0}