{"crack": 0.0, "contact": 0.0003457, "interconnect": 0.0613982, "corrosion": 0.0}