{"crack": 0.1499393, "contact": 0.0013305, "interconnect": 0.0, "corrosion": 0.0}