{"crack": 0.0683457, "contact": 0.0138019, "interconnect": 0.0, "corrosion": 0.0}