{"crack": 0.0398353, "contact": 0.049959, "interconnect": 0.0, "corrosion": 0.0}