{"crack": 0.0009636, "contact": 0.0083326, "interconnect": 0.0, "corrosion": 0.0}