{"crack": 0.0099796, "contact": 0.0002239, "interconnect": 0.0, "corrosion": 0.0043125}