{"crack": 0.0060316, "contact": 0.0252718, "interconnect": 0.0, "corrosion": 0.0}