{"crack": 0.539508, "contact": 0.0027018, "interconnect": 0.0, "corrosion": 0.0}