{"crack": 0.3508914, "contact": 0.0126554, "interconnect": 0.0, "corrosion": 0.0}