{"crack": 0.3795135, "contact": 0.0080213, "interconnect": 0.0, "corrosion": 0.0}