{"crack": 0.2081967, "contact": 0.0037748, "interconnect": 0.0, "corrosion": 0.0}