{"crack": 0.0, "contact": 0.0070391, "interconnect": 0.0029888, "corrosion": 0.0}