{"crack": 0.0, "contact": 0.0112052, "interconnect": 0.0072301, "corrosion": 0.0}