{"crack": 0.0104902, "contact": 0.0019469, "interconnect": 0.0, "corrosion": 0.0}