{"crack": 0.3914003, "contact": 0.004334, "interconnect": 0.0, "corrosion": 0.0}