{"crack": 0.0, "contact": 0.0444541, "interconnect": 0.0104527, "corrosion": 0.0}