{"crack": 0.0001277, "contact": 0.0086833, "interconnect": 0.0, "corrosion": 0.0}