{"crack": 0.0251847, "contact": 0.1017219, "interconnect": 0.0, "corrosion": 0.0}