{"crack": 0.5347032, "contact": 0.0088482, "interconnect": 0.0, "corrosion": 0.0}