{"crack": 0.0251589, "contact": 0.001236, "interconnect": 0.0, "corrosion": 0.048148}