{"crack": 0.2549415, "contact": 0.0020027, "interconnect": 0.0, "corrosion": 0.0}