{"crack": 0.1980454, "contact": 0.0002679, "interconnect": 0.0, "corrosion": 0.0}