{"crack": 0.0038986, "contact": 0.037149, "interconnect": 0.0, "corrosion": 0.0}