{"crack": 0.1529205, "contact": 0.2462585, "interconnect": 0.0, "corrosion": 0.0}