{"crack": 0.0068832, "contact": 0.0125023, "interconnect": 0.0, "corrosion": 0.0}