{"crack": 0.0599724, "contact": 0.0102746, "interconnect": 0.0, "corrosion": 0.0}