{"crack": 0.2211089, "contact": 0.0011606, "interconnect": 0.0, "corrosion": 0.0}