{"crack": 0.2002634, "contact": 0.002508, "interconnect": 0.0, "corrosion": 0.0}