{"crack": 0.0274722, "contact": 0.0052388, "interconnect": 0.0, "corrosion": 0.0}