{"crack": 0.0438286, "contact": 0.0006802, "interconnect": 0.0, "corrosion": 0.0}