{"crack": 0.2820065, "contact": 0.0042926, "interconnect": 0.0, "corrosion": 0.0}