{"crack": 0.2403079, "contact": 0.1276746, "interconnect": 0.0, "corrosion": 0.0}