{"crack": 0.4738882, "contact": 0.0005085, "interconnect": 0.0, "corrosion": 0.0}