{"crack": 0.0008218, "contact": 0.0026137, "interconnect": 0.0, "corrosion": 0.0}