{"crack": 0.000189, "contact": 0.0068978, "interconnect": 0.0, "corrosion": 0.0}