{"crack": 0.0001897, "contact": 0.0040058, "interconnect": 0.0, "corrosion": 0.0}