{"crack": 0.2528125, "contact": 0.1097321, "interconnect": 0.0, "corrosion": 0.0}