{"crack": 0.5647661, "contact": 0.0030741, "interconnect": 0.0, "corrosion": 0.0}