{"crack": 0.0025507, "contact": 0.0028382, "interconnect": 0.0, "corrosion": 0.0}