{"crack": 0.0277025, "contact": 0.0015012, "interconnect": 0.0, "corrosion": 0.0}