{"crack": 0.0100944, "contact": 0.0054389, "interconnect": 0.0, "corrosion": 0.0}