{"crack": 0.0363346, "contact": 0.0597905, "interconnect": 0.0, "corrosion": 0.0}