{"crack": 0.3027365, "contact": 0.0011824, "interconnect": 0.0, "corrosion": 0.0}