{"crack": 0.0156743, "contact": 0.0284499, "interconnect": 0.0, "corrosion": 0.0}