{"crack": 0.0048051, "contact": 0.0388176, "interconnect": 0.0, "corrosion": 0.0}