{"crack": 0.2728891, "contact": 0.0963631, "interconnect": 0.0, "corrosion": 0.0}