{"crack": 0.2781752, "contact": 0.0176964, "interconnect": 0.0, "corrosion": 0.0}