{"crack": 0.3182159, "contact": 0.0021044, "interconnect": 0.0, "corrosion": 0.0}