{"crack": 0.0013559, "contact": 0.0027456, "interconnect": 0.0, "corrosion": 0.0}