{"crack": 0.1125557, "contact": 0.03094, "interconnect": 0.0, "corrosion": 0.0}