{"crack": 0.112983, "contact": 0.1743019, "interconnect": 0.0, "corrosion": 0.0}