{"crack": 0.0132408, "contact": 0.0137339, "interconnect": 0.0, "corrosion": 0.0}