{"crack": 0.0920356, "contact": 0.0004535, "interconnect": 0.0, "corrosion": 0.0}