{"crack": 0.0008858, "contact": 0.0038403, "interconnect": 0.0, "corrosion": 0.0}