{"crack": 0.0313946, "contact": 0.0003211, "interconnect": 0.0, "corrosion": 0.0}