{"crack": 0.0013857, "contact": 0.0034356, "interconnect": 0.0, "corrosion": 0.0}