{"crack": 0.0055653, "contact": 0.0126013, "interconnect": 0.0003703, "corrosion": 0.0008041}