{"crack": 0.1071252, "contact": 0.0318598, "interconnect": 0.0, "corrosion": 0.0}