{"crack": 0.3913599, "contact": 0.0729784, "interconnect": 0.0, "corrosion": 0.0}