{"crack": 0.0, "contact": 0.0046326, "interconnect": 0.0136647, "corrosion": 0.0}