{"crack": 0.2637082, "contact": 0.0407352, "interconnect": 0.0, "corrosion": 0.0}