{"crack": 0.0667201, "contact": 0.0077874, "interconnect": 0.0, "corrosion": 0.0}