{"crack": 0.0198366, "contact": 0.0056154, "interconnect": 0.0, "corrosion": 0.0}