{"crack": 0.1255432, "contact": 0.0024563, "interconnect": 0.0, "corrosion": 0.0}