{"crack": 0.0010262, "contact": 0.0025367, "interconnect": 0.0, "corrosion": 0.0}