{"crack": 0.0186843, "contact": 0.0022178, "interconnect": 0.0, "corrosion": 0.0}