{"crack": 0.0158035, "contact": 0.0039213, "interconnect": 0.0, "corrosion": 0.0}