{"crack": 0.3987942, "contact": 0.0051757, "interconnect": 0.0, "corrosion": 0.0}