{"crack": 0.0050438, "contact": 0.0032499, "interconnect": 0.0, "corrosion": 0.0}