{"crack": 0.048379, "contact": 0.0144921, "interconnect": 0.0, "corrosion": 0.0}