{"crack": 0.1790478, "contact": 0.0078788, "interconnect": 0.0, "corrosion": 0.0}