{"crack": 0.0032822, "contact": 0.0018459, "interconnect": 0.0, "corrosion": 0.0}