{"crack": 0.0024312, "contact": 0.0022441, "interconnect": 0.0, "corrosion": 0.0}