{"crack": 0.270566, "contact": 0.1387194, "interconnect": 0.0, "corrosion": 0.0}