{"crack": 0.0083157, "contact": 0.0185433, "interconnect": 0.0, "corrosion": 0.0}