{"crack": 0.0, "contact": 0.003267, "interconnect": 0.0005256, "corrosion": 0.0}