{"crack": 0.0016211, "contact": 0.0103731, "interconnect": 0.0, "corrosion": 0.0}