{"crack": 0.2034779, "contact": 0.0404248, "interconnect": 0.0, "corrosion": 0.0}