{"crack": 0.0004151, "contact": 0.0012568, "interconnect": 0.0, "corrosion": 0.0}