{"crack": 0.0008903, "contact": 0.0069623, "interconnect": 0.0, "corrosion": 0.0}