{"crack": 0.0019289, "contact": 0.0003652, "interconnect": 0.0, "corrosion": 0.0}