{"crack": 0.0296599, "contact": 0.0822254, "interconnect": 0.0, "corrosion": 0.0}