{"crack": 0.0, "contact": 0.0066906, "interconnect": 0.0126263, "corrosion": 0.0}