{"crack": 0.0006392, "contact": 0.0039605, "interconnect": 0.0, "corrosion": 0.0}