{"crack": 0.0361924, "contact": 0.0605718, "interconnect": 0.0, "corrosion": 0.0}