{"crack": 0.0020179, "contact": 0.0571597, "interconnect": 0.0, "corrosion": 0.0}