{"crack": 0.0404382, "contact": 0.0200086, "interconnect": 0.0, "corrosion": 0.0}