{"crack": 0.0078867, "contact": 0.0039262, "interconnect": 0.0, "corrosion": 0.0}