{"crack": 0.0, "contact": 0.0143711, "interconnect": 0.000585, "corrosion": 0.0}