{"crack": 0.0118414, "contact": 0.002548, "interconnect": 0.0, "corrosion": 0.0}