{"crack": 0.1689459, "contact": 0.0107885, "interconnect": 0.0, "corrosion": 0.0}