{"crack": 0.2349748, "contact": 0.0047526, "interconnect": 0.0, "corrosion": 0.0}