{"crack": 0.4331036, "contact": 0.0014333, "interconnect": 0.0, "corrosion": 0.0}