{"crack": 0.0150544, "contact": 0.0553045, "interconnect": 0.0, "corrosion": 0.0}