{"crack": 0.0002397, "contact": 0.0005364, "interconnect": 0.0, "corrosion": 0.0}