{"crack": 0.0001247, "contact": 0.0009976, "interconnect": 0.0, "corrosion": 0.0}