{"crack": 0.0, "contact": 0.0011217, "interconnect": 0.0101684, "corrosion": 0.0}