{"crack": 0.4482664, "contact": 0.0060743, "interconnect": 0.0, "corrosion": 0.0}