{"crack": 0.1271988, "contact": 0.0077073, "interconnect": 0.0, "corrosion": 0.0}