{"crack": 0.3777254, "contact": 0.0058759, "interconnect": 0.0, "corrosion": 0.0}