{"crack": 0.3213286, "contact": 0.0055511, "interconnect": 0.0, "corrosion": 0.0}