{"crack": 0.2652111, "contact": 0.0019764, "interconnect": 0.0, "corrosion": 0.0}