{"crack": 0.2862906, "contact": 0.0102214, "interconnect": 0.0, "corrosion": 0.0}