{"crack": 0.4625718, "contact": 0.0185582, "interconnect": 0.0, "corrosion": 0.0}