{"crack": 0.0470745, "contact": 0.0055027, "interconnect": 0.0, "corrosion": 0.0}