{"crack": 0.000473, "contact": 0.0443899, "interconnect": 0.0, "corrosion": 0.0}