{"crack": 0.4621637, "contact": 0.0630208, "interconnect": 0.0, "corrosion": 0.0}