{"crack": 0.1293881, "contact": 0.0041712, "interconnect": 0.0, "corrosion": 0.0}