{"crack": 0.1318201, "contact": 0.0040558, "interconnect": 0.0, "corrosion": 0.0}