{"crack": 0.213277, "contact": 0.0238447, "interconnect": 0.0, "corrosion": 0.0}