{"crack": 0.0004759, "contact": 0.0017027, "interconnect": 0.0, "corrosion": 0.0}