{"crack": 0.2303158, "contact": 0.0047113, "interconnect": 0.0, "corrosion": 0.0}