{"crack": 0.0005096, "contact": 0.0001185, "interconnect": 0.0, "corrosion": 0.0}