{"crack": 0.4834307, "contact": 0.0384736, "interconnect": 0.0, "corrosion": 0.0}