{"crack": 0.0027476, "contact": 0.0031981, "interconnect": 0.0, "corrosion": 0.0}