{"crack": 0.4250415, "contact": 0.0325292, "interconnect": 0.0, "corrosion": 0.0}