{"crack": 0.0577176, "contact": 0.0641098, "interconnect": 0.0, "corrosion": 0.0}