{"crack": 0.3033671, "contact": 0.0332385, "interconnect": 0.0, "corrosion": 0.0}