{"crack": 0.0, "contact": 0.0003607, "interconnect": 0.0001752, "corrosion": 0.0}