{"crack": 0.0009152, "contact": 0.0040902, "interconnect": 0.0, "corrosion": 0.0}