{"crack": 0.0478799, "contact": 0.0009702, "interconnect": 0.0, "corrosion": 0.0}