{"crack": 0.3266903, "contact": 0.0007053, "interconnect": 0.0, "corrosion": 0.0}