{"crack": 0.0, "contact": 0.0156639, "interconnect": 0.0037573, "corrosion": 0.0}