{"crack": 0.0504484, "contact": 0.0906937, "interconnect": 0.0, "corrosion": 0.0}