{"crack": 0.0, "contact": 0.0210741, "interconnect": 0.0342905, "corrosion": 0.0}