{"crack": 0.3254959, "contact": 0.0140481, "interconnect": 0.0, "corrosion": 0.0}