{"crack": 0.1749038, "contact": 0.0219671, "interconnect": 0.0, "corrosion": 0.0}