{"crack": 0.1254967, "contact": 0.0018701, "interconnect": 0.0, "corrosion": 0.0}