{"crack": 0.1562407, "contact": 0.2329867, "interconnect": 0.0, "corrosion": 0.0}