{"crack": 0.0084213, "contact": 0.0115294, "interconnect": 0.0, "corrosion": 0.0}