{"crack": 0.0078714, "contact": 0.000632, "interconnect": 0.0, "corrosion": 0.0}