{"crack": 0.0004557, "contact": 0.006878, "interconnect": 0.0, "corrosion": 0.0}