{"crack": 0.001526, "contact": 0.0015493, "interconnect": 0.0, "corrosion": 0.0}