{"crack": 0.2788079, "contact": 0.0027914, "interconnect": 0.0, "corrosion": 0.0}