{"crack": 0.0019041, "contact": 0.0049817, "interconnect": 0.0, "corrosion": 0.0}