{"crack": 0.0240215, "contact": 0.0289365, "interconnect": 0.0, "corrosion": 0.0}