{"crack": 0.4561107, "contact": 0.0013957, "interconnect": 0.0, "corrosion": 0.0}