{"crack": 0.0694816, "contact": 0.0598053, "interconnect": 0.0, "corrosion": 0.0}