{"crack": 0.4591138, "contact": 0.0585104, "interconnect": 0.0, "corrosion": 0.0}