{"crack": 0.0, "contact": 0.022203, "interconnect": 0.073217, "corrosion": 0.0}