{"crack": 0.4370507, "contact": 0.0133201, "interconnect": 0.0, "corrosion": 0.0}