{"crack": 0.0177432, "contact": 0.0324824, "interconnect": 0.0, "corrosion": 0.0}