{"crack": 0.0412003, "contact": 0.1386728, "interconnect": 0.0, "corrosion": 0.0}