{"crack": 0.0, "contact": 0.0112439, "interconnect": 0.000268, "corrosion": 0.0}