{"crack": 0.1390289, "contact": 0.0008589, "interconnect": 0.0, "corrosion": 0.0}