{"crack": 0.0469153, "contact": 0.0600399, "interconnect": 0.0, "corrosion": 0.0}