{"crack": 0.0286297, "contact": 0.0024174, "interconnect": 0.0, "corrosion": 0.0}