{"crack": 0.0097586, "contact": 0.0397192, "interconnect": 0.0, "corrosion": 0.0}