{"crack": 0.064945, "contact": 0.0192648, "interconnect": 0.0, "corrosion": 0.0}