{"crack": 0.3774706, "contact": 0.0145937, "interconnect": 0.0, "corrosion": 0.0}