{"crack": 0.0003886, "contact": 0.0038026, "interconnect": 0.0, "corrosion": 0.0}