{"crack": 0.1446052, "contact": 0.000189, "interconnect": 0.0, "corrosion": 0.0}