{"crack": 0.0001063, "contact": 0.001063, "interconnect": 0.0, "corrosion": 0.0}