{"crack": 0.1851122, "contact": 0.0055772, "interconnect": 0.0, "corrosion": 0.0}