{"crack": 0.0008729, "contact": 0.0129012, "interconnect": 0.0, "corrosion": 0.0}