{"crack": 0.4679001, "contact": 0.0264485, "interconnect": 0.0, "corrosion": 0.0}