{"crack": 0.1635516, "contact": 0.0221489, "interconnect": 0.0, "corrosion": 0.0}