{"crack": 0.4736935, "contact": 0.0001173, "interconnect": 0.0, "corrosion": 0.0}