{"crack": 0.0344347, "contact": 0.0045654, "interconnect": 0.0, "corrosion": 0.0}