{"crack": 0.5149379, "contact": 0.0142717, "interconnect": 0.0, "corrosion": 0.0}