{"crack": 0.2446499, "contact": 0.0006918, "interconnect": 0.0, "corrosion": 0.0}