{"crack": 0.0003716, "contact": 0.003508, "interconnect": 0.0, "corrosion": 0.0}