{"crack": 0.1471289, "contact": 0.0072036, "interconnect": 0.0, "corrosion": 0.0}