{"crack": 0.0035273, "contact": 0.0013743, "interconnect": 0.0, "corrosion": 0.0}