{"crack": 0.2270819, "contact": 0.007741, "interconnect": 0.0, "corrosion": 0.0}