{"crack": 0.3541917, "contact": 0.0009333, "interconnect": 0.0, "corrosion": 0.0}