{"crack": 0.0, "contact": 0.00136, "interconnect": 0.0599865, "corrosion": 0.0}