{"crack": 0.3808233, "contact": 0.0235163, "interconnect": 0.0, "corrosion": 0.0}