{"crack": 0.2310265, "contact": 0.020384, "interconnect": 0.0, "corrosion": 0.0}