{"crack": 0.001241, "contact": 0.0026659, "interconnect": 0.0, "corrosion": 0.0}