{"crack": 0.0243366, "contact": 0.0084649, "interconnect": 0.0, "corrosion": 0.0}