{"crack": 0.0014219, "contact": 0.0015584, "interconnect": 0.0, "corrosion": 0.0}