{"crack": 0.1395592, "contact": 0.0016662, "interconnect": 0.0, "corrosion": 0.0}