{"crack": 0.0171896, "contact": 0.0489006, "interconnect": 0.0, "corrosion": 0.0}