{"crack": 0.0238564, "contact": 0.0903941, "interconnect": 0.0, "corrosion": 0.0}