{"crack": 0.0013925, "contact": 0.000194, "interconnect": 0.0, "corrosion": 0.0}