{"crack": 0.0043091, "contact": 0.0017827, "interconnect": 0.0, "corrosion": 0.0032635}