{"crack": 0.0878715, "contact": 0.0127068, "interconnect": 0.0, "corrosion": 0.0}