{"crack": 0.0171473, "contact": 0.0511865, "interconnect": 0.0, "corrosion": 0.0}