{"crack": 0.0094275, "contact": 0.0076812, "interconnect": 0.0, "corrosion": 0.0}