{"crack": 0.0139885, "contact": 0.0029138, "interconnect": 0.0, "corrosion": 0.0}