{"crack": 0.0004527, "contact": 0.004005, "interconnect": 0.0, "corrosion": 0.0}