{"crack": 0.0005009, "contact": 0.0228311, "interconnect": 0.0, "corrosion": 0.0}