{"crack": 0.0438641, "contact": 0.0005456, "interconnect": 0.0, "corrosion": 0.0}