{"crack": 0.4659388, "contact": 0.0617851, "interconnect": 0.0, "corrosion": 0.0}