{"crack": 0.0, "contact": 0.0050121, "interconnect": 0.0574519, "corrosion": 0.0}