{"crack": 0.0004036, "contact": 0.0076215, "interconnect": 0.0, "corrosion": 0.0}