{"crack": 0.2251787, "contact": 0.0194935, "interconnect": 0.0012648, "corrosion": 0.0}