{"crack": 0.0068257, "contact": 0.0022178, "interconnect": 0.0, "corrosion": 0.0}