{"crack": 0.3523222, "contact": 0.0003389, "interconnect": 0.0, "corrosion": 0.0}