{"crack": 0.0126263, "contact": 0.0197177, "interconnect": 0.0, "corrosion": 0.0}