{"crack": 0.3878245, "contact": 0.0005322, "interconnect": 0.0, "corrosion": 0.0}