{"crack": 0.0017109, "contact": 0.0018433, "interconnect": 0.0, "corrosion": 0.0}