{"crack": 0.1091571, "contact": 0.0004043, "interconnect": 0.0, "corrosion": 0.0}