{"crack": 0.2145098, "contact": 0.0009963, "interconnect": 0.0, "corrosion": 0.0}