{"crack": 0.4871418, "contact": 0.0594323, "interconnect": 0.0, "corrosion": 0.0}