{"crack": 0.2489642, "contact": 0.00218, "interconnect": 0.0, "corrosion": 0.0}