{"crack": 0.0016033, "contact": 0.0037792, "interconnect": 0.0, "corrosion": 0.0}