{"crack": 0.0, "contact": 0.0040592, "interconnect": 0.0194619, "corrosion": 0.0}