{"crack": 0.0005111, "contact": 0.0025001, "interconnect": 0.0, "corrosion": 0.0}