{"crack": 0.0194295, "contact": 0.0001922, "interconnect": 0.0, "corrosion": 0.0013713}