{"crack": 0.2187128, "contact": 0.0404489, "interconnect": 0.0, "corrosion": 0.0}