{"crack": 0.2862694, "contact": 0.0006024, "interconnect": 0.0, "corrosion": 0.0}