{"crack": 0.3724372, "contact": 0.0062163, "interconnect": 0.0, "corrosion": 0.0}