{"crack": 0.3439957, "contact": 0.0673416, "interconnect": 0.0, "corrosion": 0.0}