{"crack": 0.1567476, "contact": 0.0571029, "interconnect": 0.0, "corrosion": 0.0}