{"crack": 0.0010307, "contact": 0.0021988, "interconnect": 0.0, "corrosion": 0.0}