{"crack": 0.3071861, "contact": 0.1172593, "interconnect": 0.0, "corrosion": 0.0}