{"crack": 0.2542936, "contact": 0.000226, "interconnect": 0.0, "corrosion": 0.0}