{"crack": 0.0013991, "contact": 0.0047548, "interconnect": 0.0, "corrosion": 0.0}