{"crack": 0.0, "contact": 0.0024667, "interconnect": 0.0002306, "corrosion": 0.0}