{"crack": 0.2088229, "contact": 0.0265237, "interconnect": 0.0, "corrosion": 0.0}