{"crack": 0.0006506, "contact": 0.0066541, "interconnect": 0.0, "corrosion": 0.0}