{"crack": 0.1494487, "contact": 0.0306826, "interconnect": 0.0, "corrosion": 0.0}