{"crack": 0.0016058, "contact": 0.0005426, "interconnect": 0.0, "corrosion": 0.0}