{"crack": 0.0661709, "contact": 0.0036666, "interconnect": 0.0, "corrosion": 0.0}