{"crack": 0.0, "contact": 0.0604274, "interconnect": 0.011221, "corrosion": 0.0}