{"crack": 0.0005574, "contact": 0.001365, "interconnect": 0.0, "corrosion": 0.0}