{"crack": 0.460732, "contact": 0.005045, "interconnect": 0.0, "corrosion": 0.0}