{"crack": 0.0, "contact": 0.0001417, "interconnect": 0.0004722, "corrosion": 0.0}