{"crack": 0.2261095, "contact": 0.0083036, "interconnect": 0.0, "corrosion": 0.0}