{"crack": 0.1241785, "contact": 0.0024905, "interconnect": 0.0, "corrosion": 0.0}