{"crack": 0.0316537, "contact": 0.0075584, "interconnect": 0.0, "corrosion": 0.0}