{"crack": 0.0683364, "contact": 0.0478366, "interconnect": 0.0, "corrosion": 0.0}