{"crack": 0.0024706, "contact": 0.0028038, "interconnect": 0.0, "corrosion": 0.0}