{"crack": 0.0652771, "contact": 0.003951, "interconnect": 0.0, "corrosion": 0.0}