{"crack": 0.0009359, "contact": 0.0607223, "interconnect": 0.0, "corrosion": 0.0}