{"crack": 0.0166161, "contact": 0.0055962, "interconnect": 0.0, "corrosion": 0.0}