{"crack": 0.0510529, "contact": 0.0010272, "interconnect": 0.0, "corrosion": 0.0}