{"crack": 0.1072836, "contact": 0.0014773, "interconnect": 0.0, "corrosion": 0.0}