{"crack": 0.0006299, "contact": 0.0008818, "interconnect": 0.0, "corrosion": 0.0}