{"crack": 0.271404, "contact": 0.0068598, "interconnect": 0.0, "corrosion": 0.0}