{"crack": 0.0007285, "contact": 0.000298, "interconnect": 0.0, "corrosion": 0.0}