{"crack": 0.1490037, "contact": 0.0009276, "interconnect": 0.0, "corrosion": 0.0}