{"crack": 0.0020407, "contact": 0.0004926, "interconnect": 0.0, "corrosion": 0.0}