{"crack": 0.001642, "contact": 0.0050549, "interconnect": 0.0, "corrosion": 0.0}