{"crack": 0.0002405, "contact": 0.0110055, "interconnect": 0.0, "corrosion": 0.0}