{"crack": 0.1209155, "contact": 0.0689842, "interconnect": 0.0, "corrosion": 0.0}