{"crack": 0.0004482, "contact": 0.0145942, "interconnect": 0.0, "corrosion": 0.0}