{"crack": 0.0003729, "contact": 0.0022598, "interconnect": 0.0, "corrosion": 0.0}