{"crack": 0.1720499, "contact": 0.0060394, "interconnect": 0.0, "corrosion": 0.0}