{"crack": 0.5727031, "contact": 0.0102363, "interconnect": 0.0, "corrosion": 0.0}