{"crack": 0.4257329, "contact": 0.0208314, "interconnect": 0.0, "corrosion": 0.0}