{"crack": 0.1285001, "contact": 0.0133736, "interconnect": 0.0, "corrosion": 0.0}