{"crack": 0.2348315, "contact": 0.0105191, "interconnect": 0.0, "corrosion": 0.0}