{"crack": 0.0220624, "contact": 0.0018033, "interconnect": 0.0, "corrosion": 0.0}