{"crack": 0.0080802, "contact": 0.1403594, "interconnect": 0.0, "corrosion": 0.0}