{"crack": 0.0010087, "contact": 0.0667605, "interconnect": 0.0, "corrosion": 0.0}