{"crack": 0.3972154, "contact": 0.0283807, "interconnect": 0.0, "corrosion": 0.0}