{"crack": 0.2471188, "contact": 0.0148355, "interconnect": 0.0, "corrosion": 0.0}