{"crack": 0.3193867, "contact": 0.0018304, "interconnect": 0.0, "corrosion": 0.0}