{"crack": 0.0030231, "contact": 0.0884478, "interconnect": 0.0, "corrosion": 0.0}