{"crack": 0.0202363, "contact": 0.0065856, "interconnect": 0.0, "corrosion": 0.0}