{"crack": 0.2972195, "contact": 0.0944619, "interconnect": 0.0, "corrosion": 0.0}