{"crack": 0.016146, "contact": 9.93e-05, "interconnect": 0.0, "corrosion": 0.0025796}