{"crack": 0.1242556, "contact": 0.0794549, "interconnect": 0.0, "corrosion": 0.0}