{"crack": 0.2129183, "contact": 0.0031715, "interconnect": 0.0, "corrosion": 0.0}