{"crack": 0.1382221, "contact": 0.0017756, "interconnect": 0.0, "corrosion": 0.0}