{"crack": 0.1298664, "contact": 0.0019321, "interconnect": 0.0, "corrosion": 0.0}