{"crack": 0.0001753, "contact": 0.0035883, "interconnect": 0.0, "corrosion": 0.0}