{"crack": 0.0007641, "contact": 0.0008195, "interconnect": 0.0, "corrosion": 0.0}