{"crack": 0.4455706, "contact": 0.0154586, "interconnect": 0.0, "corrosion": 0.0}