{"crack": 0.0442968, "contact": 0.001546, "interconnect": 0.0, "corrosion": 0.0}