{"crack": 0.0104994, "contact": 0.0005112, "interconnect": 0.0, "corrosion": 0.0035044}