{"crack": 0.0076074, "contact": 0.0040501, "interconnect": 0.0203257, "corrosion": 0.0}