{"crack": 0.3031577, "contact": 0.0086758, "interconnect": 0.0, "corrosion": 0.0}