{"crack": 0.0048843, "contact": 0.0002997, "interconnect": 0.0, "corrosion": 0.0}