{"crack": 0.0010536, "contact": 0.0403926, "interconnect": 0.0, "corrosion": 0.0}