{"crack": 0.0272056, "contact": 0.0287139, "interconnect": 0.0, "corrosion": 0.0}