{"crack": 0.2007819, "contact": 0.0124175, "interconnect": 0.0, "corrosion": 0.0}