{"crack": 0.2264079, "contact": 0.0001921, "interconnect": 0.0, "corrosion": 0.0}