{"crack": 0.1272759, "contact": 0.0170423, "interconnect": 0.0, "corrosion": 0.0}