{"crack": 0.0124601, "contact": 0.0004699, "interconnect": 0.0, "corrosion": 0.0}