{"crack": 0.0222676, "contact": 0.0062888, "interconnect": 0.0, "corrosion": 0.0}