{"crack": 0.0, "contact": 0.0076773, "interconnect": 0.0421013, "corrosion": 0.0}