{"crack": 0.0026104, "contact": 0.0002329, "interconnect": 0.0, "corrosion": 0.0}