{"crack": 0.00675, "contact": 0.0042028, "interconnect": 0.0001306, "corrosion": 0.0}