{"crack": 0.0197531, "contact": 0.0270349, "interconnect": 0.0, "corrosion": 0.0}