{"crack": 0.2248105, "contact": 0.0209579, "interconnect": 0.0, "corrosion": 0.0}