{"crack": 0.0726608, "contact": 0.0493499, "interconnect": 0.0, "corrosion": 0.0}