{"crack": 0.0, "contact": 0.0022133, "interconnect": 0.0081796, "corrosion": 0.0}