{"crack": 0.0004319, "contact": 0.0030565, "interconnect": 0.0, "corrosion": 0.0}