{"crack": 0.0249532, "contact": 0.007868, "interconnect": 0.0, "corrosion": 0.0}