{"crack": 0.0354052, "contact": 0.0166052, "interconnect": 0.0, "corrosion": 0.0}