{"crack": 0.6160809, "contact": 0.0214529, "interconnect": 0.0, "corrosion": 0.0}