{"crack": 0.0068922, "contact": 0.0055537, "interconnect": 0.0, "corrosion": 0.0}