{"crack": 0.1125003, "contact": 0.0090795, "interconnect": 0.0, "corrosion": 0.0}