{"crack": 0.0128493, "contact": 0.0050962, "interconnect": 0.0, "corrosion": 0.0}