{"crack": 0.0128951, "contact": 0.0052909, "interconnect": 0.0, "corrosion": 0.0}