{"crack": 0.3980882, "contact": 0.0145789, "interconnect": 0.0, "corrosion": 0.0}