{"crack": 0.0261823, "contact": 0.0245342, "interconnect": 0.0, "corrosion": 0.0}