{"crack": 0.0, "contact": 0.0002874, "interconnect": 0.0, "corrosion": 0.1541622}