{"crack": 0.0, "contact": 0.0014331, "interconnect": 0.0278728, "corrosion": 0.0}