{"crack": 0.3597466, "contact": 0.1124208, "interconnect": 0.0, "corrosion": 0.0}