{"crack": 0.2139619, "contact": 0.0702797, "interconnect": 0.0, "corrosion": 0.0}