{"crack": 0.3756444, "contact": 0.0519502, "interconnect": 0.0, "corrosion": 0.0}