{"crack": 0.2405615, "contact": 0.0997849, "interconnect": 0.0, "corrosion": 0.0}