{"crack": 0.0799033, "contact": 0.0106393, "interconnect": 0.0, "corrosion": 0.0}