{"crack": 0.4893619, "contact": 0.034604, "interconnect": 0.0, "corrosion": 0.0}