{"crack": 0.0, "contact": 0.0332935, "interconnect": 0.0027626, "corrosion": 0.0017658}