{"crack": 0.0, "contact": 0.0343175, "interconnect": 0.0004403, "corrosion": 0.0}