{"crack": 0.4480101, "contact": 0.0046926, "interconnect": 0.0, "corrosion": 0.0}