{"crack": 0.3033714, "contact": 0.0008866, "interconnect": 0.0, "corrosion": 0.0}