{"crack": 0.2577368, "contact": 0.0061802, "interconnect": 0.0, "corrosion": 0.0}