{"crack": 0.0001045, "contact": 0.0100186, "interconnect": 0.0, "corrosion": 0.0}