{"crack": 0.1213725, "contact": 0.0041694, "interconnect": 0.0, "corrosion": 0.0}