{"crack": 0.0637496, "contact": 0.0001614, "interconnect": 0.0, "corrosion": 0.0}