{"crack": 0.4522325, "contact": 0.0008769, "interconnect": 0.0, "corrosion": 0.0}