{"crack": 0.0077265, "contact": 0.0394155, "interconnect": 0.0, "corrosion": 0.0}