{"crack": 0.0, "contact": 0.0384097, "interconnect": 0.0224553, "corrosion": 0.0}