{"crack": 0.2693469, "contact": 0.0019932, "interconnect": 0.0, "corrosion": 0.0}