{"crack": 0.0011528, "contact": 0.0005479, "interconnect": 0.0, "corrosion": 0.0}