{"crack": 0.0006915, "contact": 0.0454715, "interconnect": 0.0, "corrosion": 0.0}