{"crack": 0.0, "contact": 0.0537853, "interconnect": 0.0001302, "corrosion": 0.0080444}