{"crack": 0.3698217, "contact": 0.0261201, "interconnect": 0.0, "corrosion": 0.0}