{"crack": 0.0798403, "contact": 0.0022213, "interconnect": 0.0, "corrosion": 0.0}