{"crack": 0.0142198, "contact": 0.0373841, "interconnect": 0.0, "corrosion": 0.0}