{"crack": 0.3005253, "contact": 0.0874098, "interconnect": 0.0, "corrosion": 0.0}