{"crack": 0.000364, "contact": 0.0022295, "interconnect": 0.0, "corrosion": 0.0}