{"crack": 0.2539369, "contact": 0.0168185, "interconnect": 0.0, "corrosion": 0.0}