{"crack": 0.000632, "contact": 0.0089171, "interconnect": 0.0, "corrosion": 0.0}