{"crack": 0.0888851, "contact": 0.0001014, "interconnect": 0.0, "corrosion": 0.0}