{"crack": 0.000298, "contact": 0.0016226, "interconnect": 0.0, "corrosion": 0.0}