{"crack": 0.336158, "contact": 0.0843278, "interconnect": 0.0, "corrosion": 0.0}