{"crack": 0.3462491, "contact": 0.0732403, "interconnect": 0.0, "corrosion": 0.0}