{"crack": 0.0605287, "contact": 0.0049302, "interconnect": 0.0, "corrosion": 0.0}