{"crack": 0.0021186, "contact": 0.0067109, "interconnect": 0.0, "corrosion": 0.0}