{"crack": 0.2858742, "contact": 0.0076799, "interconnect": 0.0, "corrosion": 0.0}