{"crack": 0.0029154, "contact": 0.0044147, "interconnect": 0.0, "corrosion": 0.0}