{"crack": 0.0, "contact": 0.0190034, "interconnect": 0.0042686, "corrosion": 0.0}