{"crack": 0.2621371, "contact": 0.0960733, "interconnect": 0.0, "corrosion": 0.0}