{"crack": 0.503367, "contact": 0.0170739, "interconnect": 0.0, "corrosion": 0.0}