{"crack": 0.0186007, "contact": 0.0005848, "interconnect": 0.0, "corrosion": 0.0001847}