{"crack": 0.0361078, "contact": 0.113221, "interconnect": 0.0, "corrosion": 0.0}