{"crack": 0.4390038, "contact": 0.0529037, "interconnect": 0.0, "corrosion": 0.0}