{"crack": 0.0438737, "contact": 0.0009717, "interconnect": 0.0, "corrosion": 0.0}