{"crack": 0.0472304, "contact": 0.002236, "interconnect": 0.0, "corrosion": 0.0}