{"crack": 0.1093407, "contact": 0.0192902, "interconnect": 0.0, "corrosion": 0.0}