{"crack": 0.026481, "contact": 0.0408363, "interconnect": 0.0, "corrosion": 0.0}