{"crack": 0.1220497, "contact": 0.0276681, "interconnect": 0.0, "corrosion": 0.0}