{"crack": 0.0, "contact": 0.0058056, "interconnect": 0.0287503, "corrosion": 0.0}