{"crack": 0.0790444, "contact": 0.0881949, "interconnect": 0.0, "corrosion": 0.0}