{"crack": 0.0003587, "contact": 0.1061991, "interconnect": 0.0, "corrosion": 0.0}