{"crack": 0.2083362, "contact": 0.0591907, "interconnect": 0.0, "corrosion": 0.0}