{"crack": 0.0451756, "contact": 0.0074869, "interconnect": 0.0, "corrosion": 0.0022648}