{"crack": 0.0018869, "contact": 0.0378053, "interconnect": 0.0, "corrosion": 0.0}