{"crack": 0.0027328, "contact": 0.0274806, "interconnect": 0.0, "corrosion": 0.0}