{"crack": 0.0005224, "contact": 0.0004296, "interconnect": 0.0, "corrosion": 0.0}