{"crack": 0.0118424, "contact": 0.0006088, "interconnect": 0.0, "corrosion": 0.0071833}