{"crack": 0.3865641, "contact": 0.0954557, "interconnect": 0.0, "corrosion": 0.0}