{"crack": 0.0509077, "contact": 0.0017657, "interconnect": 0.0, "corrosion": 0.0}