{"crack": 0.0059093, "contact": 0.0101237, "interconnect": 0.0, "corrosion": 0.0}