{"crack": 0.0020547, "contact": 0.0011957, "interconnect": 0.0, "corrosion": 0.0}