{"crack": 0.0013999, "contact": 0.0003587, "interconnect": 0.0, "corrosion": 0.0}