{"crack": 0.0008413, "contact": 0.0987676, "interconnect": 0.0, "corrosion": 0.0}