{"crack": 0.0, "contact": 0.0175926, "interconnect": 0.0166972, "corrosion": 0.0}