{"crack": 0.2681402, "contact": 0.0120934, "interconnect": 0.0, "corrosion": 0.0}