{"crack": 0.0037139, "contact": 0.0041028, "interconnect": 0.0, "corrosion": 0.0}