{"crack": 0.5620586, "contact": 0.0049533, "interconnect": 0.0, "corrosion": 0.0}