{"crack": 0.2976444, "contact": 0.061343, "interconnect": 0.0, "corrosion": 0.0}