{"crack": 0.0005765, "contact": 0.0032054, "interconnect": 0.0, "corrosion": 0.0}