{"crack": 0.000588, "contact": 0.0074715, "interconnect": 0.0, "corrosion": 0.0}