{"crack": 0.0003311, "contact": 0.0009272, "interconnect": 0.0, "corrosion": 0.0}