{"crack": 0.0001459, "contact": 0.0025703, "interconnect": 0.0, "corrosion": 0.0}