{"crack": 0.1796379, "contact": 0.0854746, "interconnect": 0.0, "corrosion": 0.0}