{"crack": 0.2623092, "contact": 0.0124254, "interconnect": 0.0, "corrosion": 0.0}