{"crack": 0.1729915, "contact": 0.0596538, "interconnect": 0.0, "corrosion": 0.0}