{"crack": 0.4762537, "contact": 0.0054051, "interconnect": 0.0, "corrosion": 0.0}