{"crack": 0.0013558, "contact": 0.0058091, "interconnect": 0.0, "corrosion": 0.0}