{"crack": 0.0389501, "contact": 0.0393412, "interconnect": 0.0, "corrosion": 0.0}