{"crack": 0.0003401, "contact": 0.0007709, "interconnect": 0.0, "corrosion": 0.0}