{"crack": 0.0665552, "contact": 0.0171649, "interconnect": 0.0, "corrosion": 0.0}