{"crack": 0.0082404, "contact": 0.0236108, "interconnect": 0.0, "corrosion": 0.0}