{"crack": 0.0441048, "contact": 0.0239009, "interconnect": 0.0, "corrosion": 0.0}