{"crack": 0.0137865, "contact": 0.0047889, "interconnect": 0.0, "corrosion": 0.0}