{"crack": 0.0, "contact": 0.003305, "interconnect": 0.0048989, "corrosion": 0.0}