{"crack": 0.0713579, "contact": 0.0172082, "interconnect": 0.0, "corrosion": 0.0}