{"crack": 0.0145918, "contact": 0.0005418, "interconnect": 0.0, "corrosion": 0.00404}