{"crack": 0.0205433, "contact": 0.0133884, "interconnect": 0.0, "corrosion": 0.0}