{"crack": 0.0, "contact": 0.0151058, "interconnect": 0.0245191, "corrosion": 0.0}