{"crack": 0.2226183, "contact": 0.0176388, "interconnect": 0.0, "corrosion": 0.0}