{"crack": 0.0259702, "contact": 0.0210994, "interconnect": 0.0, "corrosion": 0.0}