{"crack": 0.2133042, "contact": 0.0719014, "interconnect": 0.0, "corrosion": 0.0}