{"crack": 0.57582, "contact": 0.0003471, "interconnect": 0.0, "corrosion": 0.0}