{"crack": 0.0327854, "contact": 0.0890452, "interconnect": 0.0, "corrosion": 0.0}