{"crack": 0.0134258, "contact": 0.0278588, "interconnect": 0.0, "corrosion": 0.0}