{"crack": 0.0004762, "contact": 0.0010521, "interconnect": 0.0, "corrosion": 0.0}