{"crack": 0.1466017, "contact": 0.0152486, "interconnect": 0.0, "corrosion": 0.0}