{"crack": 0.0171087, "contact": 0.0020544, "interconnect": 0.0, "corrosion": 0.0}