{"crack": 0.0569285, "contact": 0.009929, "interconnect": 0.0, "corrosion": 0.0}