{"crack": 0.0476992, "contact": 0.0330745, "interconnect": 0.0, "corrosion": 0.0}