{"crack": 0.0156944, "contact": 0.0035722, "interconnect": 0.0, "corrosion": 0.0}