{"crack": 0.0932409, "contact": 0.0517517, "interconnect": 0.0, "corrosion": 0.0}