{"crack": 0.3193042, "contact": 0.1850707, "interconnect": 0.0, "corrosion": 0.0}