{"crack": 0.0009636, "contact": 0.0017685, "interconnect": 0.0, "corrosion": 0.0}