{"crack": 0.0059464, "contact": 0.0040518, "interconnect": 0.0, "corrosion": 0.0}