{"crack": 0.1620156, "contact": 0.0101238, "interconnect": 0.0, "corrosion": 0.0}