{"crack": 0.01388, "contact": 0.0045809, "interconnect": 0.0, "corrosion": 0.0}