{"crack": 0.195115, "contact": 0.0010044, "interconnect": 0.0, "corrosion": 0.0}