{"crack": 0.0458562, "contact": 0.0249912, "interconnect": 0.0, "corrosion": 0.0}