{"crack": 0.1845008, "contact": 0.003907, "interconnect": 0.0, "corrosion": 0.0}