{"crack": 0.5020855, "contact": 0.0088145, "interconnect": 0.0, "corrosion": 0.0}