{"crack": 0.5314223, "contact": 0.0007344, "interconnect": 0.0, "corrosion": 0.0}