{"crack": 0.2522528, "contact": 0.084225, "interconnect": 0.0042611, "corrosion": 0.0}