{"crack": 0.0323652, "contact": 0.000476, "interconnect": 0.0, "corrosion": 0.0}