{"crack": 0.0120234, "contact": 0.0047661, "interconnect": 0.0, "corrosion": 0.0}