{"crack": 0.1926601, "contact": 0.0255924, "interconnect": 0.0, "corrosion": 0.0}