{"crack": 0.0008246, "contact": 0.0067339, "interconnect": 0.0, "corrosion": 0.0}