{"crack": 0.0016075, "contact": 0.0015259, "interconnect": 0.0, "corrosion": 0.0}