{"crack": 0.3874872, "contact": 0.0114738, "interconnect": 0.0, "corrosion": 0.0}