{"crack": 0.0003868, "contact": 0.0274934, "interconnect": 0.0, "corrosion": 0.0}