{"crack": 0.0885679, "contact": 0.0023661, "interconnect": 0.0, "corrosion": 0.0}