{"crack": 0.0978046, "contact": 0.0164486, "interconnect": 0.0, "corrosion": 0.0}