{"crack": 0.0002967, "contact": 0.0042458, "interconnect": 0.0, "corrosion": 0.0}