{"crack": 0.0799378, "contact": 0.0014279, "interconnect": 0.0, "corrosion": 0.0}