{"crack": 0.000242, "contact": 0.000176, "interconnect": 0.0, "corrosion": 0.0}