{"crack": 0.0892678, "contact": 0.0062752, "interconnect": 0.0, "corrosion": 0.0}