{"crack": 0.3584423, "contact": 0.0105145, "interconnect": 0.0, "corrosion": 0.0}