{"crack": 0.1467845, "contact": 0.0198471, "interconnect": 0.0, "corrosion": 0.0}