{"crack": 0.0049128, "contact": 0.0019359, "interconnect": 0.0, "corrosion": 0.0}