{"crack": 0.1072226, "contact": 0.1113945, "interconnect": 0.0, "corrosion": 0.0}