{"crack": 0.0019631, "contact": 0.0012669, "interconnect": 0.0, "corrosion": 0.0}