{"crack": 0.399009, "contact": 0.0001689, "interconnect": 0.0, "corrosion": 0.0}