{"crack": 0.0642119, "contact": 0.0011034, "interconnect": 0.0, "corrosion": 0.0}