{"crack": 0.2724266, "contact": 0.0477603, "interconnect": 0.0, "corrosion": 0.0}