{"crack": 0.0009148, "contact": 0.0028148, "interconnect": 0.0, "corrosion": 0.0}