{"crack": 0.0956004, "contact": 0.0559997, "interconnect": 0.0, "corrosion": 0.0}