{"crack": 0.2272471, "contact": 0.0019117, "interconnect": 0.0, "corrosion": 0.0}