{"crack": 0.3542309, "contact": 0.0562421, "interconnect": 0.0, "corrosion": 0.0}