{"crack": 0.007776, "contact": 0.002382, "interconnect": 0.0, "corrosion": 0.0}