{"crack": 0.0154336, "contact": 0.0014462, "interconnect": 0.0, "corrosion": 0.0}