{"crack": 0.0, "contact": 0.0110881, "interconnect": 0.0234643, "corrosion": 0.0}