{"crack": 0.5230192, "contact": 0.0632022, "interconnect": 0.0, "corrosion": 0.0}