{"crack": 0.4331539, "contact": 0.0039968, "interconnect": 0.0, "corrosion": 0.0}