{"crack": 0.3606029, "contact": 0.1438424, "interconnect": 0.0, "corrosion": 0.0}