{"crack": 0.0004081, "contact": 0.0041152, "interconnect": 0.0, "corrosion": 0.0}