{"crack": 0.0007506, "contact": 0.0041726, "interconnect": 0.0, "corrosion": 0.0}