{"crack": 0.2447109, "contact": 0.000865, "interconnect": 0.0, "corrosion": 0.0}