{"crack": 0.0216702, "contact": 0.0042527, "interconnect": 0.0, "corrosion": 0.0}