{"crack": 0.0584436, "contact": 0.0056881, "interconnect": 0.0, "corrosion": 0.0}