{"crack": 0.0001326, "contact": 0.0002652, "interconnect": 0.0, "corrosion": 0.0}