{"crack": 0.0282029, "contact": 0.0051475, "interconnect": 0.0, "corrosion": 0.0}