{"crack": 0.3051103, "contact": 0.0641914, "interconnect": 0.0, "corrosion": 0.0}