{"crack": 0.000794, "contact": 0.000877, "interconnect": 0.0, "corrosion": 0.0}