{"crack": 0.0862919, "contact": 0.000948, "interconnect": 0.0, "corrosion": 0.0}