{"crack": 0.0449382, "contact": 0.0029776, "interconnect": 0.0, "corrosion": 0.0}