{"crack": 0.0001491, "contact": 0.0008529, "interconnect": 0.0, "corrosion": 0.0}