{"crack": 0.0472449, "contact": 0.0019133, "interconnect": 0.0, "corrosion": 0.0}