{"crack": 0.0, "contact": 0.0044775, "interconnect": 0.016713, "corrosion": 0.0}