{"crack": 0.2947266, "contact": 0.0323847, "interconnect": 0.0, "corrosion": 0.0}