{"crack": 0.223956, "contact": 0.0001017, "interconnect": 0.0, "corrosion": 0.0}