{"crack": 0.0231878, "contact": 0.0040906, "interconnect": 0.0, "corrosion": 0.0}