{"crack": 0.3278351, "contact": 0.0009203, "interconnect": 0.0, "corrosion": 0.0}