{"crack": 0.0832442, "contact": 0.0152201, "interconnect": 0.0, "corrosion": 0.0}