{"crack": 0.0338979, "contact": 0.0270276, "interconnect": 0.0005234, "corrosion": 0.018521}