{"crack": 0.0007159, "contact": 0.000167, "interconnect": 0.0, "corrosion": 0.0}