{"crack": 0.2860689, "contact": 0.0927937, "interconnect": 0.0, "corrosion": 0.0}