{"crack": 0.0011455, "contact": 0.0100755, "interconnect": 0.0, "corrosion": 0.0}