{"crack": 0.143092, "contact": 0.0277863, "interconnect": 0.0, "corrosion": 0.0}