{"crack": 0.2437104, "contact": 0.0026288, "interconnect": 0.0, "corrosion": 0.0}