{"crack": 0.5089594, "contact": 0.0206863, "interconnect": 0.0, "corrosion": 0.0}