{"crack": 0.0013745, "contact": 0.0040304, "interconnect": 0.0, "corrosion": 0.0}