{"crack": 0.0010865, "contact": 0.0004165, "interconnect": 0.0, "corrosion": 0.0}