{"crack": 0.313525, "contact": 0.0020614, "interconnect": 0.0, "corrosion": 0.0}