{"crack": 0.0006184, "contact": 0.0030463, "interconnect": 0.0, "corrosion": 0.0}