{"crack": 0.2500504, "contact": 0.0255583, "interconnect": 0.0, "corrosion": 0.0}