{"crack": 0.0, "contact": 0.0016078, "interconnect": 0.0019685, "corrosion": 0.0}