{"crack": 0.0490828, "contact": 0.0002963, "interconnect": 0.0, "corrosion": 0.0}