{"crack": 0.5410674, "contact": 0.0195293, "interconnect": 0.0, "corrosion": 0.0}