{"crack": 0.0801318, "contact": 0.0001177, "interconnect": 0.0, "corrosion": 0.0}