{"crack": 0.0, "contact": 0.0123532, "interconnect": 0.0023494, "corrosion": 0.0}