{"crack": 0.4264954, "contact": 0.007049, "interconnect": 0.0, "corrosion": 0.0}