{"crack": 0.2690778, "contact": 0.0529343, "interconnect": 0.0, "corrosion": 0.0}