{"crack": 0.0004761, "contact": 0.0036844, "interconnect": 0.0, "corrosion": 0.0}