{"crack": 0.3785011, "contact": 0.0112479, "interconnect": 0.0, "corrosion": 0.0}