{"crack": 0.0003436, "contact": 0.0026569, "interconnect": 0.0, "corrosion": 0.0}