{"crack": 0.0346174, "contact": 0.0022941, "interconnect": 0.0, "corrosion": 0.0}