{"crack": 0.1954764, "contact": 0.0007673, "interconnect": 0.0, "corrosion": 0.0}