{"crack": 0.406099, "contact": 0.0126085, "interconnect": 0.0, "corrosion": 0.0}