{"crack": 0.0006162, "contact": 0.0002133, "interconnect": 0.0, "corrosion": 0.0010783}