{"crack": 0.0, "contact": 0.0140574, "interconnect": 0.0148985, "corrosion": 0.0}