{"crack": 0.3895382, "contact": 0.0458165, "interconnect": 0.0, "corrosion": 0.0}