{"crack": 0.3982172, "contact": 0.0781257, "interconnect": 0.0, "corrosion": 0.0}