{"crack": 0.0093406, "contact": 0.004854, "interconnect": 0.0, "corrosion": 0.0}