{"crack": 0.2215035, "contact": 0.0611553, "interconnect": 0.0, "corrosion": 0.0}