{"crack": 0.4583775, "contact": 0.0208675, "interconnect": 0.0, "corrosion": 0.0}