{"crack": 0.1005934, "contact": 0.0007272, "interconnect": 0.0, "corrosion": 0.0}