{"crack": 0.2079209, "contact": 0.026079, "interconnect": 0.0, "corrosion": 0.0}