{"crack": 0.024654, "contact": 0.007392, "interconnect": 0.0, "corrosion": 0.0002435}