{"crack": 0.1221801, "contact": 0.000152, "interconnect": 0.0, "corrosion": 0.0}