{"crack": 0.0029033, "contact": 0.0001541, "interconnect": 0.0, "corrosion": 0.0}