{"crack": 0.0, "contact": 0.0038599, "interconnect": 0.0115365, "corrosion": 0.0}