{"crack": 0.0010101, "contact": 0.0267559, "interconnect": 0.0, "corrosion": 0.0}