{"crack": 0.4428416, "contact": 0.0319404, "interconnect": 0.0, "corrosion": 0.0}