{"crack": 0.0037071, "contact": 0.016155, "interconnect": 0.0, "corrosion": 0.0}