{"crack": 0.0052337, "contact": 0.0770398, "interconnect": 0.0, "corrosion": 0.0}