{"crack": 0.5743706, "contact": 0.0001851, "interconnect": 0.0, "corrosion": 0.0}