{"crack": 0.1318972, "contact": 0.0012827, "interconnect": 0.0, "corrosion": 0.0}