{"crack": 0.1363166, "contact": 0.012426, "interconnect": 0.0171746, "corrosion": 0.054142}