{"crack": 0.042207, "contact": 0.0120055, "interconnect": 0.0, "corrosion": 0.0017984}