{"crack": 0.0, "contact": 0.0111287, "interconnect": 0.0070486, "corrosion": 0.0}