{"crack": 0.0067797, "contact": 0.0832848, "interconnect": 0.0, "corrosion": 0.0}