{"crack": 0.0301907, "contact": 0.003062, "interconnect": 0.0, "corrosion": 0.0}