{"crack": 0.6360544, "contact": 0.0064509, "interconnect": 0.0, "corrosion": 0.0}