{"crack": 0.0476767, "contact": 0.0053615, "interconnect": 0.0, "corrosion": 0.0}