{"crack": 0.0388131, "contact": 0.0383682, "interconnect": 0.0, "corrosion": 0.0}