{"crack": 0.0032186, "contact": 0.0056954, "interconnect": 0.0, "corrosion": 0.0}