{"crack": 0.0003981, "contact": 0.0056421, "interconnect": 0.0, "corrosion": 0.0}