{"crack": 0.0104396, "contact": 0.0407276, "interconnect": 0.0, "corrosion": 0.0}