{"crack": 0.2068709, "contact": 0.0202635, "interconnect": 0.0, "corrosion": 0.0}