{"crack": 0.4306558, "contact": 0.0492109, "interconnect": 0.0, "corrosion": 0.0}