{"crack": 0.2806299, "contact": 0.0590001, "interconnect": 0.0, "corrosion": 0.0}