{"crack": 0.1632272, "contact": 0.001672, "interconnect": 0.0, "corrosion": 0.0}