{"crack": 0.0170528, "contact": 0.0007354, "interconnect": 0.0, "corrosion": 0.0}