{"crack": 0.0017079, "contact": 0.0633426, "interconnect": 0.0, "corrosion": 0.0}