{"crack": 0.3935754, "contact": 0.0046751, "interconnect": 0.0, "corrosion": 0.0}