{"crack": 0.4449441, "contact": 0.0019832, "interconnect": 0.0, "corrosion": 0.0}