{"crack": 0.122482, "contact": 0.0020454, "interconnect": 0.0, "corrosion": 0.0}