{"crack": 0.0003311, "contact": 0.000534, "interconnect": 0.0, "corrosion": 0.0}