{"crack": 0.1947359, "contact": 0.0007404, "interconnect": 0.0, "corrosion": 0.0}