{"crack": 0.2840678, "contact": 0.0723437, "interconnect": 0.0, "corrosion": 0.0}