{"crack": 0.0, "contact": 0.0026283, "interconnect": 0.007885, "corrosion": 0.0}