{"crack": 0.5444161, "contact": 0.0001161, "interconnect": 0.0, "corrosion": 0.0}