{"crack": 0.0, "contact": 0.0018133, "interconnect": 0.0012576, "corrosion": 0.0}