{"crack": 0.0005941, "contact": 0.0006381, "interconnect": 0.0, "corrosion": 0.0}