{"crack": 0.0, "contact": 0.0244907, "interconnect": 0.0093812, "corrosion": 0.0}