{"crack": 0.000144, "contact": 0.0001772, "interconnect": 0.0, "corrosion": 0.0}