{"crack": 0.0516655, "contact": 0.1395496, "interconnect": 0.0, "corrosion": 0.0}