{"crack": 0.3808967, "contact": 0.0099467, "interconnect": 0.0, "corrosion": 0.0}