{"crack": 0.1609656, "contact": 0.001518, "interconnect": 0.0, "corrosion": 0.0}