{"crack": 0.0828968, "contact": 0.0061063, "interconnect": 0.0, "corrosion": 0.0}