{"crack": 0.0843716, "contact": 0.0013378, "interconnect": 0.0, "corrosion": 0.0}