{"crack": 0.0, "contact": 0.0030561, "interconnect": 0.0511651, "corrosion": 0.0}