{"crack": 0.0010722, "contact": 0.0040944, "interconnect": 0.0, "corrosion": 0.0}