{"crack": 0.4476237, "contact": 0.016025, "interconnect": 0.0, "corrosion": 0.0}