{"crack": 0.044225, "contact": 0.0199389, "interconnect": 0.0, "corrosion": 0.0}