{"crack": 0.0002545, "contact": 0.058277, "interconnect": 0.0, "corrosion": 0.0}