{"crack": 0.0492948, "contact": 0.0014541, "interconnect": 0.0, "corrosion": 0.0}