{"crack": 0.0872884, "contact": 0.0014256, "interconnect": 0.0, "corrosion": 0.0045293}