{"crack": 0.0021012, "contact": 0.0006931, "interconnect": 0.0, "corrosion": 0.0}