{"crack": 0.0021938, "contact": 0.0001128, "interconnect": 0.0, "corrosion": 0.0}