{"crack": 0.0045662, "contact": 0.0221088, "interconnect": 0.0, "corrosion": 0.0}