{"crack": 0.1488558, "contact": 0.0013582, "interconnect": 0.0, "corrosion": 0.0}