{"crack": 0.3459561, "contact": 0.0346377, "interconnect": 0.0, "corrosion": 0.0}