{"crack": 0.0111096, "contact": 0.0001857, "interconnect": 0.0, "corrosion": 0.0}