{"crack": 0.2012873, "contact": 0.0035617, "interconnect": 0.0, "corrosion": 0.0}