{"crack": 0.0001736, "contact": 0.000248, "interconnect": 0.0, "corrosion": 0.0}