{"crack": 0.0039818, "contact": 0.0038193, "interconnect": 0.0, "corrosion": 0.0}