{"crack": 0.0788107, "contact": 0.0033667, "interconnect": 0.0, "corrosion": 0.0}