{"crack": 0.3029884, "contact": 0.0001173, "interconnect": 0.0, "corrosion": 0.0}