{"crack": 0.0, "contact": 0.0013015, "interconnect": 0.0005411, "corrosion": 0.0}