{"crack": 0.1182502, "contact": 0.0038876, "interconnect": 0.0, "corrosion": 0.0}