{"crack": 0.2105171, "contact": 0.009561, "interconnect": 0.0, "corrosion": 0.0}