{"crack": 0.0224004, "contact": 0.0018094, "interconnect": 0.0, "corrosion": 0.0}