{"crack": 0.0002236, "contact": 0.0080262, "interconnect": 0.0, "corrosion": 0.0}