{"crack": 0.0031621, "contact": 0.0003102, "interconnect": 0.0, "corrosion": 0.0}