{"crack": 0.0005479, "contact": 0.0822576, "interconnect": 0.0, "corrosion": 0.0}