{"crack": 0.0, "contact": 0.0056673, "interconnect": 0.0555885, "corrosion": 0.0}