{"crack": 0.0, "contact": 0.0485119, "interconnect": 0.046822, "corrosion": 0.0}