{"crack": 0.0001206, "contact": 0.0082234, "interconnect": 0.0, "corrosion": 0.0}