{"crack": 0.0445624, "contact": 0.003815, "interconnect": 0.0, "corrosion": 0.0}