{"crack": 0.5364206, "contact": 0.0629529, "interconnect": 0.0, "corrosion": 0.0}