{"crack": 0.060936, "contact": 0.0003471, "interconnect": 0.0, "corrosion": 0.0}