{"crack": 0.5717396, "contact": 0.0449959, "interconnect": 0.0, "corrosion": 0.0}