{"crack": 0.3950272, "contact": 0.0072595, "interconnect": 0.0, "corrosion": 0.0}