{"crack": 0.3128224, "contact": 0.1170844, "interconnect": 0.0, "corrosion": 0.0}