{"crack": 0.2696654, "contact": 0.0051246, "interconnect": 0.0, "corrosion": 0.0}