{"crack": 0.207098, "contact": 0.0003729, "interconnect": 0.0, "corrosion": 0.0}