{"crack": 0.0935254, "contact": 0.0368097, "interconnect": 0.0, "corrosion": 0.0}