{"crack": 0.0, "contact": 0.0058633, "interconnect": 0.0524811, "corrosion": 0.0}