{"crack": 0.0, "contact": 0.0208635, "interconnect": 0.0632667, "corrosion": 0.0}