{"crack": 0.0003855, "contact": 0.0021653, "interconnect": 0.0, "corrosion": 0.0}