{"crack": 0.0441778, "contact": 0.0090331, "interconnect": 0.0, "corrosion": 0.0001721}