{"crack": 0.1005728, "contact": 0.0094681, "interconnect": 0.0, "corrosion": 0.0}