{"crack": 0.3150886, "contact": 0.1041647, "interconnect": 0.0, "corrosion": 0.0}