{"crack": 0.0515804, "contact": 0.0025538, "interconnect": 0.0, "corrosion": 0.0}