{"crack": 0.0002519, "contact": 0.0042487, "interconnect": 0.0, "corrosion": 0.0}