{"crack": 0.0094448, "contact": 0.0050847, "interconnect": 0.0, "corrosion": 0.0}