{"crack": 0.120771, "contact": 0.0233435, "interconnect": 0.0, "corrosion": 0.0}