{"crack": 0.3795811, "contact": 0.0495235, "interconnect": 0.0, "corrosion": 0.0}