{"crack": 0.0435527, "contact": 0.1571919, "interconnect": 0.0, "corrosion": 0.0}