{"crack": 0.2072755, "contact": 0.0305988, "interconnect": 0.0, "corrosion": 0.0}