{"crack": 0.1815452, "contact": 0.0019906, "interconnect": 0.0, "corrosion": 0.0}