{"crack": 0.0086872, "contact": 0.052796, "interconnect": 0.0, "corrosion": 0.0}