{"crack": 0.0077123, "contact": 0.0025821, "interconnect": 0.0, "corrosion": 0.0}