{"crack": 0.0005077, "contact": 0.0149895, "interconnect": 0.0, "corrosion": 0.0}