{"crack": 0.0001499, "contact": 0.0038972, "interconnect": 0.0, "corrosion": 0.0}