{"crack": 0.0721983, "contact": 0.001239, "interconnect": 0.0, "corrosion": 0.0}