{"crack": 0.3716459, "contact": 0.0154445, "interconnect": 0.0, "corrosion": 0.0}