{"crack": 0.0092445, "contact": 0.000242, "interconnect": 0.0, "corrosion": 0.0}