{"crack": 0.4787628, "contact": 0.016471, "interconnect": 0.0, "corrosion": 0.0}