{"crack": 0.0130561, "contact": 0.0651635, "interconnect": 0.0, "corrosion": 0.0}