{"crack": 0.0001509, "contact": 0.0036335, "interconnect": 0.0, "corrosion": 0.0}