{"crack": 0.5102275, "contact": 0.0397138, "interconnect": 0.0, "corrosion": 0.0}