{"crack": 0.000137, "contact": 0.0019745, "interconnect": 0.0, "corrosion": 0.0}