{"crack": 0.0504827, "contact": 0.0182341, "interconnect": 0.0, "corrosion": 0.0}