{"crack": 0.0013789, "contact": 0.0017581, "interconnect": 0.0, "corrosion": 0.0}