{"crack": 0.2458985, "contact": 0.0003051, "interconnect": 0.0, "corrosion": 0.0}