{"crack": 0.1283109, "contact": 0.0062069, "interconnect": 0.0, "corrosion": 0.0}