{"crack": 0.1603949, "contact": 0.0155681, "interconnect": 0.0, "corrosion": 0.0}