{"crack": 0.3874278, "contact": 0.0028871, "interconnect": 0.0, "corrosion": 0.0}